2026.04.01 13:56:09 INFO  Started: Metals version 1.6.6 in folders '/Users/dharanisham/Developer/Github-Repositories/Talentra' for client Antigravity 1.107.0.
2026.04.01 13:56:09 INFO  Memory monitor started
2026.04.01 13:56:09 WARN  Using H2 2.4.240 which is newer than the version Flyway has been verified with. The latest verified version of H2 is 2.3.232.
2026.04.01 13:57:17 INFO  no build target found for /Users/dharanisham/Developer/Github-Repositories/Talentra/backend/src/main/java/com/talentra/repository/CompanyRepository.java. Using fallback presentation compiler.
2026.04.01 13:57:17 INFO  no build target found for /Users/dharanisham/Developer/Github-Repositories/Talentra/backend/src/main/java/com/talentra/repository/CompanyRepository.java. Using fallback presentation compiler.
2026.04.01 13:57:56 WARN  no build target for: /Users/dharanisham/Developer/Github-Repositories/Talentra/backend/src/main/java/com/talentra/dto/AuthDTOs.java
2026.04.01 13:57:56 INFO  no build target found for /Users/dharanisham/Developer/Github-Repositories/Talentra/backend/src/main/java/com/talentra/dto/AuthDTOs.java. Using fallback presentation compiler.
2026.04.01 13:57:56 INFO  no build target found for /Users/dharanisham/Developer/Github-Repositories/Talentra/backend/src/main/java/com/talentra/dto/AuthDTOs.java. Using fallback presentation compiler.
2026.04.01 13:58:04 WARN  no build target for: /Users/dharanisham/Developer/Github-Repositories/Talentra/backend/src/main/java/com/talentra/repository/JobProfileRepository.java
2026.04.01 13:58:04 INFO  no build target found for /Users/dharanisham/Developer/Github-Repositories/Talentra/backend/src/main/java/com/talentra/repository/JobProfileRepository.java. Using fallback presentation compiler.
2026.04.01 13:58:04 INFO  no build target found for /Users/dharanisham/Developer/Github-Repositories/Talentra/backend/src/main/java/com/talentra/repository/JobProfileRepository.java. Using fallback presentation compiler.
2026.04.01 13:58:33 INFO  no build target found for /Users/dharanisham/Developer/Github-Repositories/Talentra/backend/src/main/java/com/talentra/TalentraApplication.java. Using fallback presentation compiler.
2026.04.01 13:58:36 INFO  no build target found for /Users/dharanisham/Developer/Github-Repositories/Talentra/backend/src/main/java/com/talentra/dto/JobProfileRequest.java. Using fallback presentation compiler.
2026.04.01 13:58:36 INFO  no build target found for /Users/dharanisham/Developer/Github-Repositories/Talentra/backend/src/main/java/com/talentra/dto/JobProfileRequest.java. Using fallback presentation compiler.
2026.04.01 13:58:45 INFO  no build target found for /Users/dharanisham/Developer/Github-Repositories/Talentra/backend/src/main/java/com/talentra/service/JobService.java. Using fallback presentation compiler.
2026.04.01 13:58:45 WARN  no build target for: /Users/dharanisham/Developer/Github-Repositories/Talentra/backend/src/main/java/com/talentra/service/JobService.java
2026.04.01 13:58:45 INFO  no build target found for /Users/dharanisham/Developer/Github-Repositories/Talentra/backend/src/main/java/com/talentra/service/JobService.java. Using fallback presentation compiler.
2026.04.01 13:58:48 INFO  no build target found for /Users/dharanisham/Developer/Github-Repositories/Talentra/backend/src/main/java/com/talentra/service/JobService.java. Using fallback presentation compiler.
2026.04.01 13:58:50 INFO  no build target found for /Users/dharanisham/Developer/Github-Repositories/Talentra/backend/src/main/java/com/talentra/security/JwtTokenProvider.java. Using fallback presentation compiler.
2026.04.01 13:58:56 INFO  no build target found for /Users/dharanisham/Developer/Github-Repositories/Talentra/backend/src/main/java/com/talentra/security/JwtAuthenticationFilter.java. Using fallback presentation compiler.
2026.04.01 13:58:58 INFO  no build target found for /Users/dharanisham/Developer/Github-Repositories/Talentra/backend/src/main/java/com/talentra/dto/ApplicationRequest.java. Using fallback presentation compiler.
2026.04.01 13:58:58 INFO  no build target found for /Users/dharanisham/Developer/Github-Repositories/Talentra/backend/src/main/java/com/talentra/dto/ApplicationRequest.java. Using fallback presentation compiler.
2026.04.01 13:59:01 INFO  no build target found for /Users/dharanisham/Developer/Github-Repositories/Talentra/backend/src/main/java/com/talentra/entity/Role.java. Using fallback presentation compiler.
2026.04.01 13:59:04 INFO  no build target found for /Users/dharanisham/Developer/Github-Repositories/Talentra/backend/src/main/java/com/talentra/service/ApplicationService.java. Using fallback presentation compiler.
2026.04.01 13:59:04 INFO  no build target found for /Users/dharanisham/Developer/Github-Repositories/Talentra/backend/src/main/java/com/talentra/service/ApplicationService.java. Using fallback presentation compiler.
2026.04.01 13:59:07 INFO  no build target found for /Users/dharanisham/Developer/Github-Repositories/Talentra/backend/src/main/java/com/talentra/entity/User.java. Using fallback presentation compiler.
2026.04.01 13:59:11 INFO  no build target found for /Users/dharanisham/Developer/Github-Repositories/Talentra/backend/src/main/java/com/talentra/service/StudentProfileService.java. Using fallback presentation compiler.
2026.04.01 13:59:11 INFO  no build target found for /Users/dharanisham/Developer/Github-Repositories/Talentra/backend/src/main/java/com/talentra/service/StudentProfileService.java. Using fallback presentation compiler.
2026.04.01 13:59:11 INFO  no build target found for /Users/dharanisham/Developer/Github-Repositories/Talentra/backend/src/main/java/com/talentra/service/StudentProfileService.java. Using fallback presentation compiler.
2026.04.01 13:59:12 INFO  no build target found for /Users/dharanisham/Developer/Github-Repositories/Talentra/backend/src/main/java/com/talentra/repository/UserRepository.java. Using fallback presentation compiler.
2026.04.01 13:59:19 INFO  no build target found for /Users/dharanisham/Developer/Github-Repositories/Talentra/backend/src/main/java/com/talentra/security/CustomUserDetailsService.java. Using fallback presentation compiler.
2026.04.01 13:59:26 INFO  no build target found for /Users/dharanisham/Developer/Github-Repositories/Talentra/backend/src/main/java/com/talentra/config/SecurityConfig.java. Using fallback presentation compiler.
2026.04.01 13:59:36 INFO  no build target found for /Users/dharanisham/Developer/Github-Repositories/Talentra/backend/src/main/java/com/talentra/entity/Company.java. Using fallback presentation compiler.
2026.04.01 13:59:42 INFO  no build target found for /Users/dharanisham/Developer/Github-Repositories/Talentra/backend/src/main/java/com/talentra/entity/JobProfile.java. Using fallback presentation compiler.
2026.04.01 13:59:47 INFO  no build target found for /Users/dharanisham/Developer/Github-Repositories/Talentra/backend/src/main/java/com/talentra/entity/StudentProfile.java. Using fallback presentation compiler.
2026.04.01 13:59:54 INFO  no build target found for /Users/dharanisham/Developer/Github-Repositories/Talentra/backend/src/main/java/com/talentra/entity/Application.java. Using fallback presentation compiler.
2026.04.01 13:59:59 INFO  no build target found for /Users/dharanisham/Developer/Github-Repositories/Talentra/backend/src/main/java/com/talentra/entity/InterviewRound.java. Using fallback presentation compiler.
2026.04.01 14:00:06 INFO  no build target found for /Users/dharanisham/Developer/Github-Repositories/Talentra/backend/src/main/java/com/talentra/repository/AllRepositories.java. Using fallback presentation compiler.
2026.04.01 14:00:17 INFO  no build target found for /Users/dharanisham/Developer/Github-Repositories/Talentra/backend/src/main/java/com/talentra/repository/CompanyRepository.java. Using fallback presentation compiler.
2026.04.01 14:00:23 INFO  no build target found for /Users/dharanisham/Developer/Github-Repositories/Talentra/backend/src/main/java/com/talentra/repository/JobProfileRepository.java. Using fallback presentation compiler.
2026.04.01 14:00:28 INFO  no build target found for /Users/dharanisham/Developer/Github-Repositories/Talentra/backend/src/main/java/com/talentra/repository/StudentProfileRepository.java. Using fallback presentation compiler.
2026.04.01 14:00:35 INFO  no build target found for /Users/dharanisham/Developer/Github-Repositories/Talentra/backend/src/main/java/com/talentra/repository/ApplicationRepository.java. Using fallback presentation compiler.
2026.04.01 14:00:41 INFO  no build target found for /Users/dharanisham/Developer/Github-Repositories/Talentra/backend/src/main/java/com/talentra/repository/InterviewRoundRepository.java. Using fallback presentation compiler.
2026.04.01 14:00:52 INFO  no build target found for /Users/dharanisham/Developer/Github-Repositories/Talentra/backend/src/main/java/com/talentra/dto/AuthDTOs.java. Using fallback presentation compiler.
2026.04.01 14:01:00 INFO  no build target found for /Users/dharanisham/Developer/Github-Repositories/Talentra/backend/src/main/java/com/talentra/service/AuthService.java. Using fallback presentation compiler.
2026.04.01 14:01:10 INFO  no build target found for /Users/dharanisham/Developer/Github-Repositories/Talentra/backend/src/main/java/com/talentra/dto/LoginRequest.java. Using fallback presentation compiler.
2026.04.01 14:01:16 INFO  no build target found for /Users/dharanisham/Developer/Github-Repositories/Talentra/backend/src/main/java/com/talentra/dto/RegisterRequest.java. Using fallback presentation compiler.
2026.04.01 14:01:22 INFO  no build target found for /Users/dharanisham/Developer/Github-Repositories/Talentra/backend/src/main/java/com/talentra/dto/AuthResponse.java. Using fallback presentation compiler.
2026.04.01 14:01:28 INFO  no build target found for /Users/dharanisham/Developer/Github-Repositories/Talentra/backend/src/main/java/com/talentra/controller/AuthController.java. Using fallback presentation compiler.
2026.04.01 14:01:35 INFO  no build target found for /Users/dharanisham/Developer/Github-Repositories/Talentra/backend/src/main/java/com/talentra/dto/JobProfileRequest.java. Using fallback presentation compiler.
2026.04.01 14:01:42 INFO  no build target found for /Users/dharanisham/Developer/Github-Repositories/Talentra/backend/src/main/java/com/talentra/service/JobService.java. Using fallback presentation compiler.
2026.04.01 14:01:49 INFO  no build target found for /Users/dharanisham/Developer/Github-Repositories/Talentra/backend/src/main/java/com/talentra/controller/JobController.java. Using fallback presentation compiler.
2026.04.01 14:01:55 INFO  no build target found for /Users/dharanisham/Developer/Github-Repositories/Talentra/backend/src/main/java/com/talentra/dto/ApplicationRequest.java. Using fallback presentation compiler.
2026.04.01 14:02:04 INFO  no build target found for /Users/dharanisham/Developer/Github-Repositories/Talentra/backend/src/main/java/com/talentra/service/ApplicationService.java. Using fallback presentation compiler.
2026.04.01 14:02:19 INFO  no build target found for /Users/dharanisham/Developer/Github-Repositories/Talentra/backend/src/main/java/com/talentra/controller/StudentController.java. Using fallback presentation compiler.
2026.04.01 14:02:26 INFO  no build target found for /Users/dharanisham/Developer/Github-Repositories/Talentra/backend/src/main/java/com/talentra/dto/InterviewRequest.java. Using fallback presentation compiler.
2026.04.01 14:02:33 INFO  no build target found for /Users/dharanisham/Developer/Github-Repositories/Talentra/backend/src/main/java/com/talentra/service/InterviewService.java. Using fallback presentation compiler.
2026.04.01 14:02:41 INFO  no build target found for /Users/dharanisham/Developer/Github-Repositories/Talentra/backend/src/main/java/com/talentra/controller/RecruiterController.java. Using fallback presentation compiler.
2026.04.01 14:02:45 INFO  no build target found for /Users/dharanisham/Developer/Github-Repositories/Talentra/backend/src/main/java/com/talentra/entity/InterviewRound.java. Using fallback presentation compiler.
2026.04.01 14:02:46 INFO  no build target found for /Users/dharanisham/Developer/Github-Repositories/Talentra/backend/src/main/java/com/talentra/entity/InterviewRound.java. Using fallback presentation compiler.
2026.04.01 14:02:45 INFO  no build target found for /Users/dharanisham/Developer/Github-Repositories/Talentra/backend/src/main/java/com/talentra/entity/InterviewRound.java. Using fallback presentation compiler.
2026.04.01 14:02:49 INFO  no build target found for /Users/dharanisham/Developer/Github-Repositories/Talentra/backend/src/main/java/com/talentra/service/ReportService.java. Using fallback presentation compiler.
2026.04.01 14:02:56 INFO  no build target found for /Users/dharanisham/Developer/Github-Repositories/Talentra/backend/src/main/java/com/talentra/controller/AdminController.java. Using fallback presentation compiler.
2026.04.01 14:03:10 INFO  no build target found for /Users/dharanisham/Developer/Github-Repositories/Talentra/backend/src/main/java/com/talentra/exception/GlobalExceptionHandler.java. Using fallback presentation compiler.
2026.04.01 14:03:17 INFO  no build target found for /Users/dharanisham/Developer/Github-Repositories/Talentra/backend/src/main/java/com/talentra/config/WebConfig.java. Using fallback presentation compiler.
2026.04.01 14:03:51 INFO  no build target found for /Users/dharanisham/Developer/Github-Repositories/Talentra/backend/src/main/java/com/talentra/entity/InterviewRound.java. Using fallback presentation compiler.
2026.04.01 14:03:51 INFO  no build target found for /Users/dharanisham/Developer/Github-Repositories/Talentra/backend/src/main/java/com/talentra/entity/InterviewRound.java. Using fallback presentation compiler.
2026.04.01 14:03:51 INFO  no build target found for /Users/dharanisham/Developer/Github-Repositories/Talentra/backend/src/main/java/com/talentra/entity/InterviewRound.java. Using fallback presentation compiler.
2026.04.01 14:04:08 INFO  no build target found for /Users/dharanisham/Developer/Github-Repositories/Talentra/backend/src/main/java/com/talentra/service/InterviewService.java. Using fallback presentation compiler.
2026.04.01 14:04:28 INFO  no build target found for /Users/dharanisham/Developer/Github-Repositories/Talentra/backend/src/main/java/com/talentra/service/StudentProfileService.java. Using fallback presentation compiler.
2026.04.01 14:04:28 INFO  no build target found for /Users/dharanisham/Developer/Github-Repositories/Talentra/backend/src/main/java/com/talentra/entity/InterviewRound.java. Using fallback presentation compiler.
2026.04.01 14:05:50 INFO  no build target found for /Users/dharanisham/Developer/Github-Repositories/Talentra/backend/src/main/java/com/talentra/dto/AuthResponse.java. Using fallback presentation compiler.
2026.04.01 14:06:00 INFO  no build target found for /Users/dharanisham/Developer/Github-Repositories/Talentra/backend/src/main/java/com/talentra/security/JwtTokenProvider.java. Using fallback presentation compiler.
2026.04.01 14:06:01 INFO  no build target found for /Users/dharanisham/Developer/Github-Repositories/Talentra/backend/src/main/java/com/talentra/service/AuthService.java. Using fallback presentation compiler.
2026.04.01 14:06:15 INFO  no build target found for /Users/dharanisham/Developer/Github-Repositories/Talentra/backend/src/main/java/com/talentra/service/AuthService.java. Using fallback presentation compiler.
2026.04.01 14:06:29 INFO  no build target found for /Users/dharanisham/Developer/Github-Repositories/Talentra/backend/src/main/java/com/talentra/dto/AuthResponse.java. Using fallback presentation compiler.
2026.04.01 14:06:31 INFO  no build target found for /Users/dharanisham/Developer/Github-Repositories/Talentra/backend/src/main/java/com/talentra/entity/ApplicationStatus.java. Using fallback presentation compiler.
2026.04.01 14:06:38 INFO  no build target found for /Users/dharanisham/Developer/Github-Repositories/Talentra/backend/src/main/java/com/talentra/controller/AuthController.java. Using fallback presentation compiler.
2026.04.01 14:06:38 INFO  no build target found for /Users/dharanisham/Developer/Github-Repositories/Talentra/backend/src/main/java/com/talentra/entity/InterviewStatus.java. Using fallback presentation compiler.
2026.04.01 14:06:45 INFO  no build target found for /Users/dharanisham/Developer/Github-Repositories/Talentra/backend/src/main/java/com/talentra/entity/Application.java. Using fallback presentation compiler.
2026.04.01 14:06:46 INFO  no build target found for /Users/dharanisham/Developer/Github-Repositories/Talentra/backend/src/main/java/com/talentra/entity/Role.java. Using fallback presentation compiler.
2026.04.01 14:06:46 INFO  no build target found for /Users/dharanisham/Developer/Github-Repositories/Talentra/backend/src/main/java/com/talentra/TalentraApplication.java. Using fallback presentation compiler.
2026.04.01 14:06:46 INFO  no build target found for /Users/dharanisham/Developer/Github-Repositories/Talentra/backend/src/main/java/com/talentra/repository/UserRepository.java. Using fallback presentation compiler.
2026.04.01 14:06:46 INFO  no build target found for /Users/dharanisham/Developer/Github-Repositories/Talentra/backend/src/main/java/com/talentra/repository/JobProfileRepository.java. Using fallback presentation compiler.
2026.04.01 14:06:46 INFO  no build target found for /Users/dharanisham/Developer/Github-Repositories/Talentra/backend/src/main/java/com/talentra/repository/StudentProfileRepository.java. Using fallback presentation compiler.
2026.04.01 14:06:46 INFO  no build target found for /Users/dharanisham/Developer/Github-Repositories/Talentra/backend/src/main/java/com/talentra/repository/CompanyRepository.java. Using fallback presentation compiler.
2026.04.01 14:06:46 INFO  no build target found for /Users/dharanisham/Developer/Github-Repositories/Talentra/backend/src/main/java/com/talentra/repository/InterviewRoundRepository.java. Using fallback presentation compiler.
2026.04.01 14:06:46 INFO  no build target found for /Users/dharanisham/Developer/Github-Repositories/Talentra/backend/src/main/java/com/talentra/dto/LoginRequest.java. Using fallback presentation compiler.
2026.04.01 14:06:46 INFO  no build target found for /Users/dharanisham/Developer/Github-Repositories/Talentra/backend/src/main/java/com/talentra/dto/AuthResponse.java. Using fallback presentation compiler.
2026.04.01 14:06:46 INFO  no build target found for /Users/dharanisham/Developer/Github-Repositories/Talentra/backend/src/main/java/com/talentra/dto/RegisterRequest.java. Using fallback presentation compiler.
2026.04.01 14:06:46 INFO  no build target found for /Users/dharanisham/Developer/Github-Repositories/Talentra/backend/src/main/java/com/talentra/dto/JobProfileRequest.java. Using fallback presentation compiler.
2026.04.01 14:06:46 INFO  no build target found for /Users/dharanisham/Developer/Github-Repositories/Talentra/backend/src/main/java/com/talentra/dto/ApplicationRequest.java. Using fallback presentation compiler.
2026.04.01 14:06:46 INFO  no build target found for /Users/dharanisham/Developer/Github-Repositories/Talentra/backend/src/main/java/com/talentra/dto/InterviewRequest.java. Using fallback presentation compiler.
2026.04.01 14:06:46 INFO  no build target found for /Users/dharanisham/Developer/Github-Repositories/Talentra/backend/src/main/java/com/talentra/security/JwtAuthenticationFilter.java. Using fallback presentation compiler.
2026.04.01 14:06:46 INFO  no build target found for /Users/dharanisham/Developer/Github-Repositories/Talentra/backend/src/main/java/com/talentra/entity/User.java. Using fallback presentation compiler.
2026.04.01 14:06:46 INFO  no build target found for /Users/dharanisham/Developer/Github-Repositories/Talentra/backend/src/main/java/com/talentra/entity/Company.java. Using fallback presentation compiler.
2026.04.01 14:06:46 INFO  no build target found for /Users/dharanisham/Developer/Github-Repositories/Talentra/backend/src/main/java/com/talentra/security/CustomUserDetailsService.java. Using fallback presentation compiler.
2026.04.01 14:06:46 INFO  no build target found for /Users/dharanisham/Developer/Github-Repositories/Talentra/backend/src/main/java/com/talentra/entity/JobProfile.java. Using fallback presentation compiler.
2026.04.01 14:06:46 INFO  no build target found for /Users/dharanisham/Developer/Github-Repositories/Talentra/backend/src/main/java/com/talentra/entity/StudentProfile.java. Using fallback presentation compiler.
2026.04.01 14:06:46 INFO  no build target found for /Users/dharanisham/Developer/Github-Repositories/Talentra/backend/src/main/java/com/talentra/config/SecurityConfig.java. Using fallback presentation compiler.
2026.04.01 14:06:46 INFO  no build target found for /Users/dharanisham/Developer/Github-Repositories/Talentra/backend/src/main/java/com/talentra/repository/ApplicationRepository.java. Using fallback presentation compiler.
2026.04.01 14:06:46 INFO  no build target found for /Users/dharanisham/Developer/Github-Repositories/Talentra/backend/src/main/java/com/talentra/service/AuthService.java. Using fallback presentation compiler.
2026.04.01 14:06:46 INFO  no build target found for /Users/dharanisham/Developer/Github-Repositories/Talentra/backend/src/main/java/com/talentra/controller/AuthController.java. Using fallback presentation compiler.
2026.04.01 14:06:46 INFO  no build target found for /Users/dharanisham/Developer/Github-Repositories/Talentra/backend/src/main/java/com/talentra/service/JobService.java. Using fallback presentation compiler.
2026.04.01 14:06:46 INFO  no build target found for /Users/dharanisham/Developer/Github-Repositories/Talentra/backend/src/main/java/com/talentra/controller/JobController.java. Using fallback presentation compiler.
2026.04.01 14:06:46 INFO  no build target found for /Users/dharanisham/Developer/Github-Repositories/Talentra/backend/src/main/java/com/talentra/controller/StudentController.java. Using fallback presentation compiler.
2026.04.01 14:06:46 INFO  no build target found for /Users/dharanisham/Developer/Github-Repositories/Talentra/backend/src/main/java/com/talentra/service/ApplicationService.java. Using fallback presentation compiler.
2026.04.01 14:06:46 INFO  no build target found for /Users/dharanisham/Developer/Github-Repositories/Talentra/backend/src/main/java/com/talentra/controller/RecruiterController.java. Using fallback presentation compiler.
2026.04.01 14:06:46 INFO  no build target found for /Users/dharanisham/Developer/Github-Repositories/Talentra/backend/src/main/java/com/talentra/service/ReportService.java. Using fallback presentation compiler.
2026.04.01 14:06:46 INFO  no build target found for /Users/dharanisham/Developer/Github-Repositories/Talentra/backend/src/main/java/com/talentra/controller/AdminController.java. Using fallback presentation compiler.
2026.04.01 14:06:46 INFO  no build target found for /Users/dharanisham/Developer/Github-Repositories/Talentra/backend/src/main/java/com/talentra/config/WebConfig.java. Using fallback presentation compiler.
2026.04.01 14:06:46 INFO  no build target found for /Users/dharanisham/Developer/Github-Repositories/Talentra/backend/src/main/java/com/talentra/service/InterviewService.java. Using fallback presentation compiler.
2026.04.01 14:06:46 INFO  no build target found for /Users/dharanisham/Developer/Github-Repositories/Talentra/backend/src/main/java/com/talentra/exception/GlobalExceptionHandler.java. Using fallback presentation compiler.
2026.04.01 14:08:41 INFO  no build target found for /Users/dharanisham/Developer/Github-Repositories/Talentra/backend/src/main/java/com/talentra/dto/ApiResponse.java. Using fallback presentation compiler.
2026.04.01 14:09:52 INFO  no build target found for /Users/dharanisham/Developer/Github-Repositories/Talentra/backend/src/main/java/com/talentra/controller/JobController.java. Using fallback presentation compiler.
2026.04.01 14:10:02 INFO  no build target found for /Users/dharanisham/Developer/Github-Repositories/Talentra/backend/src/main/java/com/talentra/controller/StudentController.java. Using fallback presentation compiler.
2026.04.01 14:10:12 INFO  no build target found for /Users/dharanisham/Developer/Github-Repositories/Talentra/backend/src/main/java/com/talentra/controller/RecruiterController.java. Using fallback presentation compiler.
2026.04.01 14:10:19 INFO  no build target found for /Users/dharanisham/Developer/Github-Repositories/Talentra/backend/src/main/java/com/talentra/controller/AdminController.java. Using fallback presentation compiler.
2026.04.01 14:11:47 INFO  no build target found for /Users/dharanisham/Developer/Github-Repositories/Talentra/backend/src/main/java/com/talentra/service/InterviewService.java. Using fallback presentation compiler.
2026.04.01 14:11:47 INFO  no build target found for /Users/dharanisham/Developer/Github-Repositories/Talentra/backend/src/main/java/com/talentra/dto/AuthResponse.java. Using fallback presentation compiler.
2026.04.01 14:11:47 INFO  no build target found for /Users/dharanisham/Developer/Github-Repositories/Talentra/backend/src/main/java/com/talentra/entity/InterviewRound.java. Using fallback presentation compiler.
2026.04.01 14:11:47 INFO  no build target found for /Users/dharanisham/Developer/Github-Repositories/Talentra/backend/src/main/java/com/talentra/dto/ApiResponse.java. Using fallback presentation compiler.
2026.04.01 14:11:47 INFO  no build target found for /Users/dharanisham/Developer/Github-Repositories/Talentra/backend/src/main/java/com/talentra/controller/AuthController.java. Using fallback presentation compiler.
2026.04.01 14:11:47 INFO  no build target found for /Users/dharanisham/Developer/Github-Repositories/Talentra/backend/src/main/java/com/talentra/service/AuthService.java. Using fallback presentation compiler.
2026.04.01 14:33:44 INFO  no build target found for /Users/dharanisham/Developer/Github-Repositories/Talentra/backend/src/main/java/com/talentra/entity/Application.java. Using fallback presentation compiler.
2026.04.01 14:33:44 INFO  no build target found for /Users/dharanisham/Developer/Github-Repositories/Talentra/backend/src/main/java/com/talentra/entity/Application.java. Using fallback presentation compiler.
2026.04.01 14:33:44 INFO  no build target found for /Users/dharanisham/Developer/Github-Repositories/Talentra/backend/src/main/java/com/talentra/entity/Application.java. Using fallback presentation compiler.
2026.04.01 14:33:44 INFO  no build target found for /Users/dharanisham/Developer/Github-Repositories/Talentra/backend/src/main/java/com/talentra/config/DataSeeder.java. Using fallback presentation compiler.
2026.04.01 14:33:47 INFO  no build target found for /Users/dharanisham/Developer/Github-Repositories/Talentra/backend/src/main/java/com/talentra/config/DataSeeder.java. Using fallback presentation compiler.
2026.04.01 14:33:47 WARN  no build target for: /Users/dharanisham/Developer/Github-Repositories/Talentra/backend/src/main/java/com/talentra/config/DataSeeder.java
2026.04.01 14:33:47 INFO  no build target found for /Users/dharanisham/Developer/Github-Repositories/Talentra/backend/src/main/java/com/talentra/config/DataSeeder.java. Using fallback presentation compiler.
2026.04.01 14:33:47 INFO  no build target found for /Users/dharanisham/Developer/Github-Repositories/Talentra/backend/src/main/java/com/talentra/config/DataSeeder.java. Using fallback presentation compiler.
2026.04.01 14:33:50 INFO  no build target found for /Users/dharanisham/Developer/Github-Repositories/Talentra/backend/src/main/java/com/talentra/config/DataSeeder.java. Using fallback presentation compiler.
2026.04.01 14:33:50 INFO  no build target found for /Users/dharanisham/Developer/Github-Repositories/Talentra/backend/src/main/java/com/talentra/config/DataSeeder.java. Using fallback presentation compiler.
2026.04.01 14:33:50 INFO  no build target found for /Users/dharanisham/Developer/Github-Repositories/Talentra/backend/src/main/java/com/talentra/config/DataSeeder.java. Using fallback presentation compiler.
2026.04.01 14:33:50 INFO  no build target found for /Users/dharanisham/Developer/Github-Repositories/Talentra/backend/src/main/java/com/talentra/config/DataSeeder.java. Using fallback presentation compiler.
2026.04.01 14:33:51 INFO  no build target found for /Users/dharanisham/Developer/Github-Repositories/Talentra/backend/src/main/java/com/talentra/config/DataSeeder.java. Using fallback presentation compiler.
2026.04.01 14:33:59 INFO  no build target found for /Users/dharanisham/Developer/Github-Repositories/Talentra/backend/src/main/java/com/talentra/config/DataSeeder.java. Using fallback presentation compiler.
2026.04.01 14:33:59 INFO  no build target found for /Users/dharanisham/Developer/Github-Repositories/Talentra/backend/src/main/java/com/talentra/config/DataSeeder.java. Using fallback presentation compiler.
2026.04.01 14:34:00 INFO  no build target found for /Users/dharanisham/Developer/Github-Repositories/Talentra/backend/src/main/java/com/talentra/config/DataSeeder.java. Using fallback presentation compiler.
2026.04.01 14:34:13 INFO  no build target found for /Users/dharanisham/Developer/Github-Repositories/Talentra/backend/src/main/java/com/talentra/config/DataSeeder.java. Using fallback presentation compiler.
2026.04.01 14:34:44 INFO  Started: Metals version 1.6.6 in folders '/Users/dharanisham/Developer/Github-Repositories/Talentra' for client Antigravity 1.107.0.
2026.04.01 14:34:44 INFO  Memory monitor started
2026.04.01 14:34:48 WARN  Using H2 2.4.240 which is newer than the version Flyway has been verified with. The latest verified version of H2 is 2.3.232.
2026.04.01 14:34:48 INFO  no build target found for /Users/dharanisham/Developer/Github-Repositories/Talentra/backend/src/main/java/com/talentra/config/DataSeeder.java. Using fallback presentation compiler.
2026.04.01 14:34:48 INFO  no build target found for /Users/dharanisham/Developer/Github-Repositories/Talentra/backend/src/main/java/com/talentra/config/DataSeeder.java. Using fallback presentation compiler.
2026.04.01 14:34:48 INFO  no build target found for /Users/dharanisham/Developer/Github-Repositories/Talentra/backend/src/main/java/com/talentra/config/DataSeeder.java. Using fallback presentation compiler.
Apr 01, 2026 2:34:49 PM org.eclipse.lsp4j.jsonrpc.services.GenericEndpoint notify
INFO: Unsupported notification method: $/setTrace
2026.04.01 14:34:50 INFO  running '/opt/homebrew/Cellar/openjdk@17/17.0.14/libexec/openjdk.jdk/Contents/Home/bin/java -Dfile.encoding=UTF-8 -Dmaven.multiModuleProjectDirectory=/Users/dharanisham/Developer/Github-Repositories/Talentra/backend -Dmaven.home=/var/folders/xv/4kq2b2x519bfgh_6ft5bk7vr0000gn/T/metals3273132795664079304 -cp /var/folders/xv/4kq2b2x519bfgh_6ft5bk7vr0000gn/T/metals3273132795664079304/maven-wrapper.jar org.apache.maven.wrapper.MavenWrapperMain generate-sources ch.epfl.scala:bloop-maven-plugin:2.0.3:bloopInstall -DdownloadSources=true'
2026.04.01 14:34:53 INFO  [INFO] Scanning for projects...
2026.04.01 14:34:53 INFO  Downloading from central: https://repo.maven.apache.org/maven2/ch/epfl/scala/bloop-maven-plugin/2.0.3/bloop-maven-plugin-2.0.3.pom
2026.04.01 14:34:53 INFO  Progress (1): 1.1 kB
2026.04.01 14:34:53 INFO  Progress (1): 2.5 kB
2026.04.01 14:34:53 INFO  Progress (1): 5.6 kB
2026.04.01 14:34:53 INFO  Progress (1): 8.0 kB
2026.04.01 14:34:53 INFO                      
2026.04.01 14:34:53 INFO  Downloaded from central: https://repo.maven.apache.org/maven2/ch/epfl/scala/bloop-maven-plugin/2.0.3/bloop-maven-plugin-2.0.3.pom (8.0 kB at 62 kB/s)
2026.04.01 14:34:53 INFO  Downloading from central: https://repo.maven.apache.org/maven2/ch/epfl/scala/bloop-maven-plugin/2.0.3/bloop-maven-plugin-2.0.3.jar
2026.04.01 14:34:53 INFO  Progress (1): 0.9/44 kB
2026.04.01 14:34:53 INFO  Progress (1): 2.3/44 kB
2026.04.01 14:34:53 INFO  Progress (1): 3.6/44 kB
2026.04.01 14:34:53 INFO  Progress (1): 5.0/44 kB
2026.04.01 14:34:53 INFO  Progress (1): 6.4/44 kB
2026.04.01 14:34:53 INFO  Progress (1): 7.5/44 kB
2026.04.01 14:34:53 INFO  Progress (1): 8.8/44 kB
2026.04.01 14:34:53 INFO  Progress (1): 10/44 kB 
2026.04.01 14:34:53 INFO  Progress (1): 12/44 kB
2026.04.01 14:34:53 INFO  Progress (1): 13/44 kB
2026.04.01 14:34:53 INFO  Progress (1): 14/44 kB
2026.04.01 14:34:53 INFO  Progress (1): 16/44 kB
2026.04.01 14:34:53 INFO  Progress (1): 17/44 kB
2026.04.01 14:34:53 INFO  Progress (1): 18/44 kB
2026.04.01 14:34:53 INFO  Progress (1): 20/44 kB
2026.04.01 14:34:53 INFO  Progress (1): 21/44 kB
2026.04.01 14:34:53 INFO  Progress (1): 23/44 kB
2026.04.01 14:34:53 INFO  Progress (1): 24/44 kB
2026.04.01 14:34:53 INFO  Progress (1): 25/44 kB
2026.04.01 14:34:53 INFO  Progress (1): 27/44 kB
2026.04.01 14:34:53 INFO  Progress (1): 28/44 kB
2026.04.01 14:34:53 INFO  Progress (1): 29/44 kB
2026.04.01 14:34:53 INFO  Progress (1): 31/44 kB
2026.04.01 14:34:53 INFO  Progress (1): 32/44 kB
2026.04.01 14:34:53 INFO  Progress (1): 33/44 kB
2026.04.01 14:34:53 INFO  Progress (1): 35/44 kB
2026.04.01 14:34:53 INFO  Progress (1): 36/44 kB
2026.04.01 14:34:53 INFO  Progress (1): 38/44 kB
2026.04.01 14:34:53 INFO  Progress (1): 39/44 kB
2026.04.01 14:34:53 INFO  Progress (1): 40/44 kB
2026.04.01 14:34:53 INFO  Progress (1): 42/44 kB
2026.04.01 14:34:53 INFO  Progress (1): 43/44 kB
2026.04.01 14:34:53 INFO  Progress (1): 44 kB   
2026.04.01 14:34:53 INFO                     
2026.04.01 14:34:53 INFO  Downloaded from central: https://repo.maven.apache.org/maven2/ch/epfl/scala/bloop-maven-plugin/2.0.3/bloop-maven-plugin-2.0.3.jar (44 kB at 900 kB/s)
2026.04.01 14:34:53 INFO  [INFO] 
2026.04.01 14:34:53 INFO  [INFO] -------------------< com.talentra:talentra-backend >--------------------
2026.04.01 14:34:53 INFO  [INFO] Building talentra-backend 1.0.0
2026.04.01 14:34:53 INFO  [INFO]   from pom.xml
2026.04.01 14:34:53 INFO  [INFO] --------------------------------[ jar ]---------------------------------
2026.04.01 14:34:53 INFO  [INFO] 
2026.04.01 14:34:53 INFO  [INFO] --- bloop:2.0.3:bloopInstall (default-cli) @ talentra-backend ---
2026.04.01 14:34:53 INFO  Downloading from central: https://repo.maven.apache.org/maven2/org/scala-lang/scala-library/2.13.8/scala-library-2.13.8.pom
2026.04.01 14:34:53 INFO  Progress (1): 1.2 kB
2026.04.01 14:34:53 INFO  Progress (1): 1.6 kB
2026.04.01 14:34:53 INFO                      
2026.04.01 14:34:53 INFO  Downloaded from central: https://repo.maven.apache.org/maven2/org/scala-lang/scala-library/2.13.8/scala-library-2.13.8.pom (1.6 kB at 31 kB/s)
2026.04.01 14:34:53 INFO  Downloading from central: https://repo.maven.apache.org/maven2/ch/epfl/scala/bloop-config_2.13/2.3.3/bloop-config_2.13-2.3.3.pom
2026.04.01 14:34:53 INFO  Progress (1): 1.4 kB
2026.04.01 14:34:53 INFO  Progress (1): 2.3 kB
2026.04.01 14:34:53 INFO                      
2026.04.01 14:34:53 INFO  Downloaded from central: https://repo.maven.apache.org/maven2/ch/epfl/scala/bloop-config_2.13/2.3.3/bloop-config_2.13-2.3.3.pom (2.3 kB at 48 kB/s)
2026.04.01 14:34:53 INFO  Downloading from central: https://repo.maven.apache.org/maven2/com/github/plokhotnyuk/jsoniter-scala/jsoniter-scala-core_2.13/2.13.5.2/jsoniter-scala-core_2.13-2.13.5.2.pom
2026.04.01 14:34:53 INFO  Progress (1): 1.4 kB
2026.04.01 14:34:53 INFO  Progress (1): 2.4 kB
2026.04.01 14:34:53 INFO                      
2026.04.01 14:34:53 INFO  Downloaded from central: https://repo.maven.apache.org/maven2/com/github/plokhotnyuk/jsoniter-scala/jsoniter-scala-core_2.13/2.13.5.2/jsoniter-scala-core_2.13-2.13.5.2.pom (2.4 kB at 44 kB/s)
2026.04.01 14:34:53 INFO  Downloading from central: https://repo.maven.apache.org/maven2/com/lihaoyi/unroll-annotation_2.13/0.1.12/unroll-annotation_2.13-0.1.12.pom
2026.04.01 14:34:53 INFO  Progress (1): 1.3 kB
2026.04.01 14:34:53 INFO  Progress (1): 1.5 kB
2026.04.01 14:34:53 INFO                      
2026.04.01 14:34:53 INFO  Downloaded from central: https://repo.maven.apache.org/maven2/com/lihaoyi/unroll-annotation_2.13/0.1.12/unroll-annotation_2.13-0.1.12.pom (1.5 kB at 31 kB/s)
2026.04.01 14:34:53 INFO  Downloading from central: https://repo.maven.apache.org/maven2/org/scala-lang/scala-library/2.13.12/scala-library-2.13.12.pom
2026.04.01 14:34:53 INFO  Progress (1): 1.2 kB
2026.04.01 14:34:53 INFO  Progress (1): 1.6 kB
2026.04.01 14:34:53 INFO                      
2026.04.01 14:34:53 INFO  Downloaded from central: https://repo.maven.apache.org/maven2/org/scala-lang/scala-library/2.13.12/scala-library-2.13.12.pom (1.6 kB at 35 kB/s)
2026.04.01 14:34:53 INFO  Downloading from central: https://repo.maven.apache.org/maven2/org/scala-lang/scala-library/2.13.16/scala-library-2.13.16.pom
2026.04.01 14:34:53 INFO  Progress (1): 1.1 kB
2026.04.01 14:34:53 INFO  Progress (1): 1.6 kB
2026.04.01 14:34:53 INFO                      
2026.04.01 14:34:53 INFO  Downloaded from central: https://repo.maven.apache.org/maven2/org/scala-lang/scala-library/2.13.16/scala-library-2.13.16.pom (1.6 kB at 35 kB/s)
2026.04.01 14:34:53 INFO  Downloading from central: https://repo.maven.apache.org/maven2/net/alchim31/maven/scala-maven-plugin/4.8.0/scala-maven-plugin-4.8.0.pom
2026.04.01 14:34:53 INFO  Progress (1): 995 B
2026.04.01 14:34:53 INFO  Progress (1): 3.5 kB
2026.04.01 14:34:53 INFO  Progress (1): 5.9 kB
2026.04.01 14:34:53 INFO  Progress (1): 11 kB 
2026.04.01 14:34:53 INFO  Progress (1): 14 kB
2026.04.01 14:34:53 INFO  Progress (1): 17 kB
2026.04.01 14:34:53 INFO  Progress (1): 21 kB
2026.04.01 14:34:53 INFO  Progress (1): 24 kB
2026.04.01 14:34:53 INFO  Progress (1): 26 kB
2026.04.01 14:34:53 INFO                     
2026.04.01 14:34:53 INFO  Downloaded from central: https://repo.maven.apache.org/maven2/net/alchim31/maven/scala-maven-plugin/4.8.0/scala-maven-plugin-4.8.0.pom (26 kB at 465 kB/s)
2026.04.01 14:34:53 INFO  Downloading from central: https://repo.maven.apache.org/maven2/org/codehaus/plexus/plexus-archiver/4.6.0/plexus-archiver-4.6.0.pom
2026.04.01 14:34:53 INFO  Progress (1): 1.2 kB
2026.04.01 14:34:53 INFO  Progress (1): 4.1 kB
2026.04.01 14:34:53 INFO  Progress (1): 6.3 kB
2026.04.01 14:34:53 INFO  Progress (1): 6.5 kB
2026.04.01 14:34:53 INFO                      
2026.04.01 14:34:53 INFO  Downloaded from central: https://repo.maven.apache.org/maven2/org/codehaus/plexus/plexus-archiver/4.6.0/plexus-archiver-4.6.0.pom (6.5 kB at 139 kB/s)
2026.04.01 14:34:53 INFO  Downloading from central: https://repo.maven.apache.org/maven2/com/github/luben/zstd-jni/1.5.2-5/zstd-jni-1.5.2-5.pom
2026.04.01 14:34:53 INFO  Progress (1): 1.1 kB
2026.04.01 14:34:53 INFO  Progress (1): 1.9 kB
2026.04.01 14:34:53 INFO                      
2026.04.01 14:34:53 INFO  Downloaded from central: https://repo.maven.apache.org/maven2/com/github/luben/zstd-jni/1.5.2-5/zstd-jni-1.5.2-5.pom (1.9 kB at 39 kB/s)
2026.04.01 14:34:53 INFO  Downloading from central: https://repo.maven.apache.org/maven2/org/codehaus/plexus/plexus-classworlds/2.7.0/plexus-classworlds-2.7.0.pom
2026.04.01 14:34:54 INFO  Progress (1): 915 B
2026.04.01 14:34:54 INFO  Progress (1): 2.5 kB
2026.04.01 14:34:54 INFO  Progress (1): 5.7 kB
2026.04.01 14:34:54 INFO  Progress (1): 7.6 kB
2026.04.01 14:34:54 INFO                      
2026.04.01 14:34:54 INFO  Downloaded from central: https://repo.maven.apache.org/maven2/org/codehaus/plexus/plexus-classworlds/2.7.0/plexus-classworlds-2.7.0.pom (7.6 kB at 170 kB/s)
2026.04.01 14:34:54 INFO  Downloading from central: https://repo.maven.apache.org/maven2/org/scala-sbt/zinc_2.13/1.8.0/zinc_2.13-1.8.0.pom
2026.04.01 14:34:54 INFO  Progress (1): 1.3 kB
2026.04.01 14:34:54 INFO  Progress (1): 4.1 kB
2026.04.01 14:34:54 INFO                      
2026.04.01 14:34:54 INFO  Downloaded from central: https://repo.maven.apache.org/maven2/org/scala-sbt/zinc_2.13/1.8.0/zinc_2.13-1.8.0.pom (4.1 kB at 83 kB/s)
2026.04.01 14:34:54 INFO  Downloading from central: https://repo.maven.apache.org/maven2/org/scala-sbt/zinc-core_2.13/1.8.0/zinc-core_2.13-1.8.0.pom
2026.04.01 14:34:54 INFO  Progress (1): 1.3 kB
2026.04.01 14:34:54 INFO  Progress (1): 5.3 kB
2026.04.01 14:34:54 INFO                      
2026.04.01 14:34:54 INFO  Downloaded from central: https://repo.maven.apache.org/maven2/org/scala-sbt/zinc-core_2.13/1.8.0/zinc-core_2.13-1.8.0.pom (5.3 kB at 106 kB/s)
2026.04.01 14:34:54 INFO  Downloading from central: https://repo.maven.apache.org/maven2/org/scala-sbt/zinc-compile-core_2.13/1.8.0/zinc-compile-core_2.13-1.8.0.pom
2026.04.01 14:34:54 INFO  Progress (1): 1.2 kB
2026.04.01 14:34:54 INFO  Progress (1): 5.5 kB
2026.04.01 14:34:54 INFO                      
2026.04.01 14:34:54 INFO  Downloaded from central: https://repo.maven.apache.org/maven2/org/scala-sbt/zinc-compile-core_2.13/1.8.0/zinc-compile-core_2.13-1.8.0.pom (5.5 kB at 105 kB/s)
2026.04.01 14:34:54 INFO  Downloading from central: https://repo.maven.apache.org/maven2/org/scala-sbt/compiler-interface/1.8.0/compiler-interface-1.8.0.pom
2026.04.01 14:34:54 INFO  Progress (1): 1.3 kB
2026.04.01 14:34:54 INFO  Progress (1): 3.0 kB
2026.04.01 14:34:54 INFO                      
2026.04.01 14:34:54 INFO  Downloaded from central: https://repo.maven.apache.org/maven2/org/scala-sbt/compiler-interface/1.8.0/compiler-interface-1.8.0.pom (3.0 kB at 57 kB/s)
2026.04.01 14:34:54 INFO  Downloading from central: https://repo.maven.apache.org/maven2/org/scala-sbt/util-interface/1.8.0/util-interface-1.8.0.pom
2026.04.01 14:34:54 INFO  Progress (1): 1.3 kB
2026.04.01 14:34:54 INFO  Progress (1): 2.6 kB
2026.04.01 14:34:54 INFO                      
2026.04.01 14:34:54 INFO  Downloaded from central: https://repo.maven.apache.org/maven2/org/scala-sbt/util-interface/1.8.0/util-interface-1.8.0.pom (2.6 kB at 48 kB/s)
2026.04.01 14:34:54 INFO  Downloading from central: https://repo.maven.apache.org/maven2/org/scala-sbt/zinc-classpath_2.13/1.8.0/zinc-classpath_2.13-1.8.0.pom
2026.04.01 14:34:54 INFO  Progress (1): 1.3 kB
2026.04.01 14:34:54 INFO  Progress (1): 3.9 kB
2026.04.01 14:34:54 INFO                      
2026.04.01 14:34:54 INFO  Downloaded from central: https://repo.maven.apache.org/maven2/org/scala-sbt/zinc-classpath_2.13/1.8.0/zinc-classpath_2.13-1.8.0.pom (3.9 kB at 75 kB/s)
2026.04.01 14:34:54 INFO  Downloading from central: https://repo.maven.apache.org/maven2/org/scala-lang/scala-compiler/2.13.8/scala-compiler-2.13.8.pom
2026.04.01 14:34:54 INFO  Progress (1): 1.2 kB
2026.04.01 14:34:54 INFO  Progress (1): 2.3 kB
2026.04.01 14:34:54 INFO                      
2026.04.01 14:34:54 INFO  Downloaded from central: https://repo.maven.apache.org/maven2/org/scala-lang/scala-compiler/2.13.8/scala-compiler-2.13.8.pom (2.3 kB at 40 kB/s)
2026.04.01 14:34:54 INFO  Downloading from central: https://repo.maven.apache.org/maven2/org/scala-lang/scala-reflect/2.13.8/scala-reflect-2.13.8.pom
2026.04.01 14:34:54 INFO  Progress (1): 1.2 kB
2026.04.01 14:34:54 INFO  Progress (1): 1.8 kB
2026.04.01 14:34:54 INFO                      
2026.04.01 14:34:54 INFO  Downloaded from central: https://repo.maven.apache.org/maven2/org/scala-lang/scala-reflect/2.13.8/scala-reflect-2.13.8.pom (1.8 kB at 33 kB/s)
2026.04.01 14:34:54 INFO  Downloading from central: https://repo.maven.apache.org/maven2/net/java/dev/jna/jna/5.9.0/jna-5.9.0.pom
2026.04.01 14:34:54 INFO  Progress (1): 1.4 kB
2026.04.01 14:34:54 INFO  Progress (1): 2.0 kB
2026.04.01 14:34:54 INFO                      
2026.04.01 14:34:54 INFO  Downloaded from central: https://repo.maven.apache.org/maven2/net/java/dev/jna/jna/5.9.0/jna-5.9.0.pom (2.0 kB at 37 kB/s)
2026.04.01 14:34:54 INFO  Downloading from central: https://repo.maven.apache.org/maven2/org/scala-sbt/io_2.13/1.8.0/io_2.13-1.8.0.pom
2026.04.01 14:34:54 INFO  Progress (1): 1.4 kB
2026.04.01 14:34:54 INFO  Progress (1): 3.3 kB
2026.04.01 14:34:54 INFO                      
2026.04.01 14:34:54 INFO  Downloaded from central: https://repo.maven.apache.org/maven2/org/scala-sbt/io_2.13/1.8.0/io_2.13-1.8.0.pom (3.3 kB at 67 kB/s)
2026.04.01 14:34:54 INFO  Downloading from central: https://repo.maven.apache.org/maven2/com/swoval/file-tree-views/2.1.9/file-tree-views-2.1.9.pom
2026.04.01 14:34:54 INFO  Progress (1): 1.4 kB
2026.04.01 14:34:54 INFO  Progress (1): 1.7 kB
2026.04.01 14:34:54 INFO                      
2026.04.01 14:34:54 INFO  Downloaded from central: https://repo.maven.apache.org/maven2/com/swoval/file-tree-views/2.1.9/file-tree-views-2.1.9.pom (1.7 kB at 34 kB/s)
2026.04.01 14:34:54 INFO  Downloading from central: https://repo.maven.apache.org/maven2/net/java/dev/jna/jna/5.12.0/jna-5.12.0.pom
2026.04.01 14:34:54 INFO  Progress (1): 1.4 kB
2026.04.01 14:34:54 INFO  Progress (1): 2.0 kB
2026.04.01 14:34:54 INFO                      
2026.04.01 14:34:54 INFO  Downloaded from central: https://repo.maven.apache.org/maven2/net/java/dev/jna/jna/5.12.0/jna-5.12.0.pom (2.0 kB at 42 kB/s)
2026.04.01 14:34:54 INFO  Downloading from central: https://repo.maven.apache.org/maven2/net/java/dev/jna/jna-platform/5.12.0/jna-platform-5.12.0.pom
2026.04.01 14:34:54 INFO  Progress (1): 1.3 kB
2026.04.01 14:34:54 INFO  Progress (1): 2.3 kB
2026.04.01 14:34:54 INFO                      
2026.04.01 14:34:54 INFO  Downloaded from central: https://repo.maven.apache.org/maven2/net/java/dev/jna/jna-platform/5.12.0/jna-platform-5.12.0.pom (2.3 kB at 43 kB/s)
2026.04.01 14:34:54 INFO  Downloading from central: https://repo.maven.apache.org/maven2/org/scala-sbt/zinc-apiinfo_2.13/1.8.0/zinc-apiinfo_2.13-1.8.0.pom
2026.04.01 14:34:54 INFO  Progress (1): 1.3 kB
2026.04.01 14:34:54 INFO  Progress (1): 3.8 kB
2026.04.01 14:34:54 INFO                      
2026.04.01 14:34:54 INFO  Downloaded from central: https://repo.maven.apache.org/maven2/org/scala-sbt/zinc-apiinfo_2.13/1.8.0/zinc-apiinfo_2.13-1.8.0.pom (3.8 kB at 71 kB/s)
2026.04.01 14:34:54 INFO  Downloading from central: https://repo.maven.apache.org/maven2/org/scala-sbt/compiler-bridge_2.13/1.8.0/compiler-bridge_2.13-1.8.0.pom
2026.04.01 14:34:54 INFO  Progress (1): 1.3 kB
2026.04.01 14:34:54 INFO  Progress (1): 2.8 kB
2026.04.01 14:34:54 INFO                      
2026.04.01 14:34:54 INFO  Downloaded from central: https://repo.maven.apache.org/maven2/org/scala-sbt/compiler-bridge_2.13/1.8.0/compiler-bridge_2.13-1.8.0.pom (2.8 kB at 54 kB/s)
2026.04.01 14:34:54 INFO  Downloading from central: https://repo.maven.apache.org/maven2/org/scala-sbt/zinc-classfile_2.13/1.8.0/zinc-classfile_2.13-1.8.0.pom
2026.04.01 14:34:54 INFO  Progress (1): 1.3 kB
2026.04.01 14:34:54 INFO  Progress (1): 4.0 kB
2026.04.01 14:34:54 INFO                      
2026.04.01 14:34:54 INFO  Downloaded from central: https://repo.maven.apache.org/maven2/org/scala-sbt/zinc-classfile_2.13/1.8.0/zinc-classfile_2.13-1.8.0.pom (4.0 kB at 78 kB/s)
2026.04.01 14:34:54 INFO  Downloading from central: https://repo.maven.apache.org/maven2/org/scala-sbt/util-logging_2.13/1.8.0/util-logging_2.13-1.8.0.pom
2026.04.01 14:34:54 INFO  Progress (1): 1.2 kB
2026.04.01 14:34:54 INFO  Progress (1): 5.6 kB
2026.04.01 14:34:54 INFO  Progress (1): 5.7 kB
2026.04.01 14:34:54 INFO                      
2026.04.01 14:34:54 INFO  Downloaded from central: https://repo.maven.apache.org/maven2/org/scala-sbt/util-logging_2.13/1.8.0/util-logging_2.13-1.8.0.pom (5.7 kB at 108 kB/s)
2026.04.01 14:34:54 INFO  Downloading from central: https://repo.maven.apache.org/maven2/org/scala-sbt/collections_2.13/1.8.0/collections_2.13-1.8.0.pom
2026.04.01 14:34:54 INFO  Progress (1): 1.3 kB
2026.04.01 14:34:54 INFO  Progress (1): 4.4 kB
2026.04.01 14:34:54 INFO                      
2026.04.01 14:34:54 INFO  Downloaded from central: https://repo.maven.apache.org/maven2/org/scala-sbt/collections_2.13/1.8.0/collections_2.13-1.8.0.pom (4.4 kB at 80 kB/s)
2026.04.01 14:34:54 INFO  Downloading from central: https://repo.maven.apache.org/maven2/org/scala-sbt/util-position_2.13/1.8.0/util-position_2.13-1.8.0.pom
2026.04.01 14:34:55 INFO  Progress (1): 1.3 kB
2026.04.01 14:34:55 INFO  Progress (1): 3.2 kB
2026.04.01 14:34:55 INFO                      
2026.04.01 14:34:55 INFO  Downloaded from central: https://repo.maven.apache.org/maven2/org/scala-sbt/util-position_2.13/1.8.0/util-position_2.13-1.8.0.pom (3.2 kB at 62 kB/s)
2026.04.01 14:34:55 INFO  Downloading from central: https://repo.maven.apache.org/maven2/org/scala-lang/modules/scala-parallel-collections_2.13/0.2.0/scala-parallel-collections_2.13-0.2.0.pom
2026.04.01 14:34:55 INFO  Progress (1): 1.4 kB
2026.04.01 14:34:55 INFO  Progress (1): 1.8 kB
2026.04.01 14:34:55 INFO                      
2026.04.01 14:34:55 INFO  Downloaded from central: https://repo.maven.apache.org/maven2/org/scala-lang/modules/scala-parallel-collections_2.13/0.2.0/scala-parallel-collections_2.13-0.2.0.pom (1.8 kB at 35 kB/s)
2026.04.01 14:34:55 INFO  Downloading from central: https://repo.maven.apache.org/maven2/org/scala-lang/scala-library/2.13.0/scala-library-2.13.0.pom
2026.04.01 14:34:55 INFO  Progress (1): 1.2 kB
2026.04.01 14:34:55 INFO  Progress (1): 1.6 kB
2026.04.01 14:34:55 INFO                      
2026.04.01 14:34:55 INFO  Downloaded from central: https://repo.maven.apache.org/maven2/org/scala-lang/scala-library/2.13.0/scala-library-2.13.0.pom (1.6 kB at 31 kB/s)
2026.04.01 14:34:55 INFO  Downloading from central: https://repo.maven.apache.org/maven2/org/scala-sbt/core-macros_2.13/1.8.0/core-macros_2.13-1.8.0.pom
2026.04.01 14:34:55 INFO  Progress (1): 1.3 kB
2026.04.01 14:34:55 INFO  Progress (1): 3.1 kB
2026.04.01 14:34:55 INFO                      
2026.04.01 14:34:55 INFO  Downloaded from central: https://repo.maven.apache.org/maven2/org/scala-sbt/core-macros_2.13/1.8.0/core-macros_2.13-1.8.0.pom (3.1 kB at 61 kB/s)
2026.04.01 14:34:55 INFO  Downloading from central: https://repo.maven.apache.org/maven2/org/jline/jline-terminal/3.19.0/jline-terminal-3.19.0.pom
2026.04.01 14:34:55 INFO  Progress (1): 1.2 kB
2026.04.01 14:34:55 INFO  Progress (1): 1.3 kB
2026.04.01 14:34:55 INFO                      
2026.04.01 14:34:55 INFO  Downloaded from central: https://repo.maven.apache.org/maven2/org/jline/jline-terminal/3.19.0/jline-terminal-3.19.0.pom (1.3 kB at 21 kB/s)
2026.04.01 14:34:55 INFO  Downloading from central: https://repo.maven.apache.org/maven2/org/jline/jline-parent/3.19.0/jline-parent-3.19.0.pom
2026.04.01 14:34:55 INFO  Progress (1): 930 B
2026.04.01 14:34:55 INFO  Progress (1): 2.9 kB
2026.04.01 14:34:55 INFO  Progress (1): 8.3 kB
2026.04.01 14:34:55 INFO  Progress (1): 13 kB 
2026.04.01 14:34:55 INFO  Progress (1): 16 kB
2026.04.01 14:34:55 INFO  Progress (1): 20 kB
2026.04.01 14:34:55 INFO  Progress (1): 24 kB
2026.04.01 14:34:55 INFO                     
2026.04.01 14:34:55 INFO  Downloaded from central: https://repo.maven.apache.org/maven2/org/jline/jline-parent/3.19.0/jline-parent-3.19.0.pom (24 kB at 406 kB/s)
2026.04.01 14:34:55 INFO  Downloading from central: https://repo.maven.apache.org/maven2/org/scala-lang/modules/scala-parser-combinators_2.13/1.1.2/scala-parser-combinators_2.13-1.1.2.pom
2026.04.01 14:34:55 INFO  Progress (1): 1.4 kB
2026.04.01 14:34:55 INFO  Progress (1): 2.2 kB
2026.04.01 14:34:55 INFO                      
2026.04.01 14:34:55 INFO  Downloaded from central: https://repo.maven.apache.org/maven2/org/scala-lang/modules/scala-parser-combinators_2.13/1.1.2/scala-parser-combinators_2.13-1.1.2.pom (2.2 kB at 28 kB/s)
2026.04.01 14:34:55 INFO  Downloading from central: https://repo.maven.apache.org/maven2/net/openhft/zero-allocation-hashing/0.10.1/zero-allocation-hashing-0.10.1.pom
2026.04.01 14:34:55 INFO  Progress (1): 786 B
2026.04.01 14:34:55 INFO  Progress (1): 2.5 kB
2026.04.01 14:34:55 INFO  Progress (1): 6.3 kB
2026.04.01 14:34:55 INFO  Progress (1): 8.1 kB
2026.04.01 14:34:55 INFO                      
2026.04.01 14:34:55 INFO  Downloaded from central: https://repo.maven.apache.org/maven2/net/openhft/zero-allocation-hashing/0.10.1/zero-allocation-hashing-0.10.1.pom (8.1 kB at 161 kB/s)
2026.04.01 14:34:55 INFO  Downloading from central: https://repo.maven.apache.org/maven2/net/openhft/root-parent-pom/1.1.13/root-parent-pom-1.1.13.pom
2026.04.01 14:34:55 INFO  Progress (1): 788 B
2026.04.01 14:34:55 INFO  Progress (1): 3.4 kB
2026.04.01 14:34:55 INFO  Progress (1): 7.4 kB
2026.04.01 14:34:55 INFO  Progress (1): 9.8 kB
2026.04.01 14:34:55 INFO                      
2026.04.01 14:34:55 INFO  Downloaded from central: https://repo.maven.apache.org/maven2/net/openhft/root-parent-pom/1.1.13/root-parent-pom-1.1.13.pom (9.8 kB at 199 kB/s)
2026.04.01 14:34:55 INFO  Downloading from central: https://repo.maven.apache.org/maven2/org/scala-sbt/util-control_2.13/1.8.0/util-control_2.13-1.8.0.pom
2026.04.01 14:34:55 INFO  Progress (1): 1.3 kB
2026.04.01 14:34:55 INFO  Progress (1): 2.8 kB
2026.04.01 14:34:55 INFO                      
2026.04.01 14:34:55 INFO  Downloaded from central: https://repo.maven.apache.org/maven2/org/scala-sbt/util-control_2.13/1.8.0/util-control_2.13-1.8.0.pom (2.8 kB at 49 kB/s)
2026.04.01 14:34:55 INFO  Downloading from central: https://repo.maven.apache.org/maven2/org/scala-sbt/zinc-persist-core-assembly/1.8.0/zinc-persist-core-assembly-1.8.0.pom
2026.04.01 14:34:55 INFO  Progress (1): 1.3 kB
2026.04.01 14:34:55 INFO  Progress (1): 2.4 kB
2026.04.01 14:34:55 INFO                      
2026.04.01 14:34:55 INFO  Downloaded from central: https://repo.maven.apache.org/maven2/org/scala-sbt/zinc-persist-core-assembly/1.8.0/zinc-persist-core-assembly-1.8.0.pom (2.4 kB at 46 kB/s)
2026.04.01 14:34:55 INFO  Downloading from central: https://repo.maven.apache.org/maven2/org/scala-sbt/util-relation_2.13/1.8.0/util-relation_2.13-1.8.0.pom
2026.04.01 14:34:55 INFO  Progress (1): 1.3 kB
2026.04.01 14:34:55 INFO  Progress (1): 3.0 kB
2026.04.01 14:34:55 INFO                      
2026.04.01 14:34:55 INFO  Downloaded from central: https://repo.maven.apache.org/maven2/org/scala-sbt/util-relation_2.13/1.8.0/util-relation_2.13-1.8.0.pom (3.0 kB at 56 kB/s)
2026.04.01 14:34:55 INFO  Downloading from central: https://repo.maven.apache.org/maven2/org/scala-sbt/zinc-persist_2.13/1.8.0/zinc-persist_2.13-1.8.0.pom
2026.04.01 14:34:55 INFO  Progress (1): 1.3 kB
2026.04.01 14:34:55 INFO  Progress (1): 4.3 kB
2026.04.01 14:34:55 INFO                      
2026.04.01 14:34:55 INFO  Downloaded from central: https://repo.maven.apache.org/maven2/org/scala-sbt/zinc-persist_2.13/1.8.0/zinc-persist_2.13-1.8.0.pom (4.3 kB at 62 kB/s)
2026.04.01 14:34:55 INFO  Downloading from central: https://repo.maven.apache.org/maven2/org/scala-lang/scala-library/2.13.8/scala-library-2.13.8.jar
2026.04.01 14:34:55 INFO  Progress (1): 0/6.0 MB
2026.04.01 14:34:55 INFO  Progress (1): 0/6.0 MB
2026.04.01 14:34:55 INFO  Progress (1): 0/6.0 MB
2026.04.01 14:34:55 INFO  Progress (1): 0/6.0 MB
2026.04.01 14:34:55 INFO  Progress (1): 0.1/6.0 MB
2026.04.01 14:34:55 INFO  Progress (1): 0.1/6.0 MB
2026.04.01 14:34:55 INFO  Progress (1): 0.1/6.0 MB
2026.04.01 14:34:55 INFO  Progress (1): 0.1/6.0 MB
2026.04.01 14:34:55 INFO  Progress (1): 0.1/6.0 MB
2026.04.01 14:34:55 INFO  Progress (1): 0.1/6.0 MB
2026.04.01 14:34:55 INFO  Progress (1): 0.2/6.0 MB
2026.04.01 14:34:55 INFO  Progress (1): 0.2/6.0 MB
2026.04.01 14:34:55 INFO  Progress (1): 0.2/6.0 MB
2026.04.01 14:34:55 INFO  Progress (1): 0.2/6.0 MB
2026.04.01 14:34:55 INFO  Progress (1): 0.2/6.0 MB
2026.04.01 14:34:55 INFO  Progress (1): 0.2/6.0 MB
2026.04.01 14:34:55 INFO  Progress (1): 0.3/6.0 MB
2026.04.01 14:34:55 INFO  Progress (1): 0.3/6.0 MB
2026.04.01 14:34:55 INFO  Progress (1): 0.3/6.0 MB
2026.04.01 14:34:55 INFO  Progress (1): 0.3/6.0 MB
2026.04.01 14:34:55 INFO  Progress (1): 0.3/6.0 MB
2026.04.01 14:34:55 INFO  Progress (1): 0.3/6.0 MB
2026.04.01 14:34:55 INFO  Progress (1): 0.4/6.0 MB
2026.04.01 14:34:55 INFO  Progress (1): 0.4/6.0 MB
2026.04.01 14:34:55 INFO  Progress (1): 0.4/6.0 MB
2026.04.01 14:34:55 INFO  Progress (1): 0.4/6.0 MB
2026.04.01 14:34:55 INFO  Progress (1): 0.4/6.0 MB
2026.04.01 14:34:55 INFO  Progress (1): 0.4/6.0 MB
2026.04.01 14:34:55 INFO  Progress (1): 0.5/6.0 MB
2026.04.01 14:34:55 INFO  Progress (1): 0.5/6.0 MB
2026.04.01 14:34:55 INFO  Progress (1): 0.5/6.0 MB
2026.04.01 14:34:55 INFO  Progress (1): 0.5/6.0 MB
2026.04.01 14:34:55 INFO  Progress (1): 0.5/6.0 MB
2026.04.01 14:34:55 INFO  Progress (1): 0.5/6.0 MB
2026.04.01 14:34:55 INFO  Progress (1): 0.5/6.0 MB
2026.04.01 14:34:55 INFO  Progress (1): 0.6/6.0 MB
2026.04.01 14:34:55 INFO  Progress (1): 0.6/6.0 MB
2026.04.01 14:34:55 INFO  Progress (1): 0.6/6.0 MB
2026.04.01 14:34:55 INFO  Progress (1): 0.6/6.0 MB
2026.04.01 14:34:55 INFO  Progress (1): 0.6/6.0 MB
2026.04.01 14:34:55 INFO  Progress (1): 0.6/6.0 MB
2026.04.01 14:34:55 INFO  Progress (1): 0.7/6.0 MB
2026.04.01 14:34:55 INFO  Progress (1): 0.7/6.0 MB
2026.04.01 14:34:55 INFO  Progress (1): 0.7/6.0 MB
2026.04.01 14:34:55 INFO  Progress (1): 0.7/6.0 MB
2026.04.01 14:34:55 INFO  Progress (1): 0.7/6.0 MB
2026.04.01 14:34:55 INFO  Progress (1): 0.7/6.0 MB
2026.04.01 14:34:55 INFO  Progress (1): 0.8/6.0 MB
2026.04.01 14:34:55 INFO  Progress (1): 0.8/6.0 MB
2026.04.01 14:34:55 INFO  Progress (1): 0.8/6.0 MB
2026.04.01 14:34:55 INFO  Progress (1): 0.8/6.0 MB
2026.04.01 14:34:55 INFO  Progress (1): 0.8/6.0 MB
2026.04.01 14:34:55 INFO  Progress (1): 0.8/6.0 MB
2026.04.01 14:34:55 INFO  Progress (1): 0.9/6.0 MB
2026.04.01 14:34:55 INFO  Progress (1): 0.9/6.0 MB
2026.04.01 14:34:55 INFO  Progress (1): 0.9/6.0 MB
2026.04.01 14:34:55 INFO  Progress (1): 0.9/6.0 MB
2026.04.01 14:34:55 INFO  Progress (1): 0.9/6.0 MB
2026.04.01 14:34:55 INFO  Progress (1): 0.9/6.0 MB
2026.04.01 14:34:55 INFO  Progress (1): 1.0/6.0 MB
2026.04.01 14:34:55 INFO  Progress (1): 1.0/6.0 MB
2026.04.01 14:34:55 INFO  Progress (1): 1.0/6.0 MB
2026.04.01 14:34:55 INFO  Progress (1): 1.0/6.0 MB
2026.04.01 14:34:55 INFO  Progress (1): 1.0/6.0 MB
2026.04.01 14:34:55 INFO  Progress (1): 1.0/6.0 MB
2026.04.01 14:34:55 INFO  Progress (1): 1.1/6.0 MB
2026.04.01 14:34:55 INFO  Progress (1): 1.1/6.0 MB
2026.04.01 14:34:55 INFO  Progress (1): 1.1/6.0 MB
2026.04.01 14:34:55 INFO  Progress (1): 1.1/6.0 MB
2026.04.01 14:34:55 INFO  Progress (1): 1.1/6.0 MB
2026.04.01 14:34:55 INFO  Progress (1): 1.1/6.0 MB
2026.04.01 14:34:55 INFO  Progress (1): 1.1/6.0 MB
2026.04.01 14:34:55 INFO  Progress (1): 1.2/6.0 MB
2026.04.01 14:34:55 INFO  Progress (1): 1.2/6.0 MB
2026.04.01 14:34:55 INFO  Progress (1): 1.2/6.0 MB
2026.04.01 14:34:55 INFO  Progress (1): 1.2/6.0 MB
2026.04.01 14:34:55 INFO  Progress (1): 1.2/6.0 MB
2026.04.01 14:34:55 INFO  Progress (1): 1.2/6.0 MB
2026.04.01 14:34:55 INFO  Progress (1): 1.3/6.0 MB
2026.04.01 14:34:55 INFO  Progress (1): 1.3/6.0 MB
2026.04.01 14:34:55 INFO  Progress (1): 1.3/6.0 MB
2026.04.01 14:34:55 INFO  Progress (1): 1.3/6.0 MB
2026.04.01 14:34:55 INFO  Progress (1): 1.3/6.0 MB
2026.04.01 14:34:55 INFO  Progress (1): 1.3/6.0 MB
2026.04.01 14:34:55 INFO  Progress (1): 1.4/6.0 MB
2026.04.01 14:34:55 INFO  Progress (1): 1.4/6.0 MB
2026.04.01 14:34:55 INFO  Progress (1): 1.4/6.0 MB
2026.04.01 14:34:55 INFO  Progress (1): 1.4/6.0 MB
2026.04.01 14:34:55 INFO  Progress (1): 1.4/6.0 MB
2026.04.01 14:34:55 INFO  Progress (1): 1.4/6.0 MB
2026.04.01 14:34:55 INFO  Progress (1): 1.5/6.0 MB
2026.04.01 14:34:55 INFO  Progress (1): 1.5/6.0 MB
2026.04.01 14:34:55 INFO  Progress (1): 1.5/6.0 MB
2026.04.01 14:34:55 INFO  Progress (1): 1.5/6.0 MB
2026.04.01 14:34:55 INFO  Progress (1): 1.5/6.0 MB
2026.04.01 14:34:55 INFO  Progress (1): 1.5/6.0 MB
2026.04.01 14:34:55 INFO  Progress (1): 1.6/6.0 MB
2026.04.01 14:34:55 INFO  Progress (1): 1.6/6.0 MB
2026.04.01 14:34:55 INFO  Progress (1): 1.6/6.0 MB
2026.04.01 14:34:55 INFO  Progress (1): 1.6/6.0 MB
2026.04.01 14:34:55 INFO  Progress (1): 1.6/6.0 MB
2026.04.01 14:34:55 INFO  Progress (1): 1.6/6.0 MB
2026.04.01 14:34:55 INFO  Progress (1): 1.7/6.0 MB
2026.04.01 14:34:55 INFO  Progress (1): 1.7/6.0 MB
2026.04.01 14:34:55 INFO  Progress (1): 1.7/6.0 MB
2026.04.01 14:34:55 INFO  Progress (1): 1.7/6.0 MB
2026.04.01 14:34:55 INFO  Progress (1): 1.7/6.0 MB
2026.04.01 14:34:55 INFO  Progress (1): 1.7/6.0 MB
2026.04.01 14:34:55 INFO  Progress (1): 1.8/6.0 MB
2026.04.01 14:34:55 INFO  Progress (1): 1.8/6.0 MB
2026.04.01 14:34:55 INFO  Progress (1): 1.8/6.0 MB
2026.04.01 14:34:55 INFO  Progress (1): 1.8/6.0 MB
2026.04.01 14:34:55 INFO  Progress (1): 1.8/6.0 MB
2026.04.01 14:34:56 INFO  Progress (1): 1.8/6.0 MB
2026.04.01 14:34:56 INFO  Progress (1): 1.9/6.0 MB
2026.04.01 14:34:56 INFO  Progress (1): 1.9/6.0 MB
2026.04.01 14:34:56 INFO  Progress (1): 1.9/6.0 MB
2026.04.01 14:34:56 INFO  Progress (1): 1.9/6.0 MB
2026.04.01 14:34:56 INFO  Progress (1): 1.9/6.0 MB
2026.04.01 14:34:56 INFO  Progress (1): 1.9/6.0 MB
2026.04.01 14:34:56 INFO  Progress (1): 2.0/6.0 MB
2026.04.01 14:34:56 INFO  Progress (1): 2.0/6.0 MB
2026.04.01 14:34:56 INFO  Progress (1): 2.0/6.0 MB
2026.04.01 14:34:56 INFO  Progress (1): 2.0/6.0 MB
2026.04.01 14:34:56 INFO  Progress (1): 2.0/6.0 MB
2026.04.01 14:34:56 INFO  Progress (1): 2.0/6.0 MB
2026.04.01 14:34:56 INFO  Progress (1): 2.1/6.0 MB
2026.04.01 14:34:56 INFO  Progress (1): 2.1/6.0 MB
2026.04.01 14:34:56 INFO  Progress (1): 2.1/6.0 MB
2026.04.01 14:34:56 INFO  Progress (1): 2.1/6.0 MB
2026.04.01 14:34:56 INFO  Progress (1): 2.1/6.0 MB
2026.04.01 14:34:56 INFO  Progress (1): 2.1/6.0 MB
2026.04.01 14:34:56 INFO  Progress (1): 2.1/6.0 MB
2026.04.01 14:34:56 INFO  Progress (1): 2.2/6.0 MB
2026.04.01 14:34:56 INFO  Progress (1): 2.2/6.0 MB
2026.04.01 14:34:56 INFO  Progress (1): 2.2/6.0 MB
2026.04.01 14:34:56 INFO  Progress (1): 2.2/6.0 MB
2026.04.01 14:34:56 INFO  Progress (1): 2.2/6.0 MB
2026.04.01 14:34:56 INFO  Progress (1): 2.2/6.0 MB
2026.04.01 14:34:56 INFO  Progress (1): 2.3/6.0 MB
2026.04.01 14:34:56 INFO  Progress (1): 2.3/6.0 MB
2026.04.01 14:34:56 INFO  Progress (1): 2.3/6.0 MB
2026.04.01 14:34:56 INFO  Progress (1): 2.3/6.0 MB
2026.04.01 14:34:56 INFO  Progress (1): 2.3/6.0 MB
2026.04.01 14:34:56 INFO  Progress (1): 2.3/6.0 MB
2026.04.01 14:34:56 INFO  Progress (1): 2.4/6.0 MB
2026.04.01 14:34:56 INFO  Progress (1): 2.4/6.0 MB
2026.04.01 14:34:56 INFO  Progress (1): 2.4/6.0 MB
2026.04.01 14:34:56 INFO  Progress (1): 2.4/6.0 MB
2026.04.01 14:34:56 INFO  Progress (1): 2.4/6.0 MB
2026.04.01 14:34:56 INFO  Progress (1): 2.4/6.0 MB
2026.04.01 14:34:56 INFO  Progress (1): 2.5/6.0 MB
2026.04.01 14:34:56 INFO  Progress (1): 2.5/6.0 MB
2026.04.01 14:34:56 INFO  Progress (1): 2.5/6.0 MB
2026.04.01 14:34:56 INFO  Progress (1): 2.5/6.0 MB
2026.04.01 14:34:56 INFO  Progress (1): 2.5/6.0 MB
2026.04.01 14:34:56 INFO  Progress (1): 2.5/6.0 MB
2026.04.01 14:34:56 INFO  Progress (1): 2.6/6.0 MB
2026.04.01 14:34:56 INFO  Progress (1): 2.6/6.0 MB
2026.04.01 14:34:56 INFO  Progress (1): 2.6/6.0 MB
2026.04.01 14:34:56 INFO  Progress (1): 2.6/6.0 MB
2026.04.01 14:34:56 INFO  Progress (1): 2.6/6.0 MB
2026.04.01 14:34:56 INFO  Progress (1): 2.6/6.0 MB
2026.04.01 14:34:56 INFO  Progress (1): 2.7/6.0 MB
2026.04.01 14:34:56 INFO  Progress (1): 2.7/6.0 MB
2026.04.01 14:34:56 INFO  Progress (1): 2.7/6.0 MB
2026.04.01 14:34:56 INFO  Progress (1): 2.7/6.0 MB
2026.04.01 14:34:56 INFO  Progress (1): 2.7/6.0 MB
2026.04.01 14:34:56 INFO  Progress (1): 2.7/6.0 MB
2026.04.01 14:34:56 INFO  Progress (1): 2.8/6.0 MB
2026.04.01 14:34:56 INFO  Progress (1): 2.8/6.0 MB
2026.04.01 14:34:56 INFO  Progress (1): 2.8/6.0 MB
2026.04.01 14:34:56 INFO  Progress (1): 2.8/6.0 MB
2026.04.01 14:34:56 INFO  Progress (1): 2.8/6.0 MB
2026.04.01 14:34:56 INFO  Progress (1): 2.8/6.0 MB
2026.04.01 14:34:56 INFO  Progress (1): 2.9/6.0 MB
2026.04.01 14:34:56 INFO  Progress (1): 2.9/6.0 MB
2026.04.01 14:34:56 INFO  Progress (1): 2.9/6.0 MB
2026.04.01 14:34:56 INFO  Progress (1): 2.9/6.0 MB
2026.04.01 14:34:56 INFO  Progress (1): 2.9/6.0 MB
2026.04.01 14:34:56 INFO  Progress (1): 2.9/6.0 MB
2026.04.01 14:34:56 INFO  Progress (1): 3.0/6.0 MB
2026.04.01 14:34:56 INFO  Progress (1): 3.0/6.0 MB
2026.04.01 14:34:56 INFO  Progress (1): 3.0/6.0 MB
2026.04.01 14:34:56 INFO  Progress (1): 3.0/6.0 MB
2026.04.01 14:34:56 INFO  Progress (1): 3.0/6.0 MB
2026.04.01 14:34:56 INFO  Progress (1): 3.0/6.0 MB
2026.04.01 14:34:56 INFO  Progress (1): 3.0/6.0 MB
2026.04.01 14:34:56 INFO  Progress (1): 3.1/6.0 MB
2026.04.01 14:34:56 INFO  Progress (1): 3.1/6.0 MB
2026.04.01 14:34:56 INFO  Progress (1): 3.1/6.0 MB
2026.04.01 14:34:56 INFO  Progress (1): 3.1/6.0 MB
2026.04.01 14:34:56 INFO  Progress (1): 3.1/6.0 MB
2026.04.01 14:34:56 INFO  Progress (1): 3.1/6.0 MB
2026.04.01 14:34:56 INFO  Progress (1): 3.2/6.0 MB
2026.04.01 14:34:56 INFO  Progress (1): 3.2/6.0 MB
2026.04.01 14:34:56 INFO  Progress (1): 3.2/6.0 MB
2026.04.01 14:34:56 INFO  Progress (1): 3.2/6.0 MB
2026.04.01 14:34:56 INFO  Progress (1): 3.2/6.0 MB
2026.04.01 14:34:56 INFO  Progress (1): 3.2/6.0 MB
2026.04.01 14:34:56 INFO  Progress (1): 3.3/6.0 MB
2026.04.01 14:34:56 INFO  Progress (1): 3.3/6.0 MB
2026.04.01 14:34:56 INFO  Progress (1): 3.3/6.0 MB
2026.04.01 14:34:56 INFO  Progress (1): 3.3/6.0 MB
2026.04.01 14:34:56 INFO  Progress (1): 3.3/6.0 MB
2026.04.01 14:34:56 INFO  Progress (1): 3.3/6.0 MB
2026.04.01 14:34:56 INFO  Progress (1): 3.4/6.0 MB
2026.04.01 14:34:56 INFO  Progress (1): 3.4/6.0 MB
2026.04.01 14:34:56 INFO  Progress (1): 3.4/6.0 MB
2026.04.01 14:34:56 INFO  Progress (1): 3.4/6.0 MB
2026.04.01 14:34:56 INFO  Progress (1): 3.4/6.0 MB
2026.04.01 14:34:56 INFO  Progress (1): 3.4/6.0 MB
2026.04.01 14:34:56 INFO  Progress (1): 3.5/6.0 MB
2026.04.01 14:34:56 INFO  Progress (1): 3.5/6.0 MB
2026.04.01 14:34:56 INFO  Progress (1): 3.5/6.0 MB
2026.04.01 14:34:56 INFO  Progress (1): 3.5/6.0 MB
2026.04.01 14:34:56 INFO  Progress (1): 3.5/6.0 MB
2026.04.01 14:34:56 INFO  Progress (1): 3.5/6.0 MB
2026.04.01 14:34:56 INFO  Progress (1): 3.6/6.0 MB
2026.04.01 14:34:56 INFO  Progress (1): 3.6/6.0 MB
2026.04.01 14:34:56 INFO  Progress (1): 3.6/6.0 MB
2026.04.01 14:34:56 INFO  Progress (1): 3.6/6.0 MB
2026.04.01 14:34:56 INFO  Progress (1): 3.6/6.0 MB
2026.04.01 14:34:56 INFO  Progress (1): 3.6/6.0 MB
2026.04.01 14:34:56 INFO  Progress (1): 3.6/6.0 MB
2026.04.01 14:34:56 INFO  Progress (1): 3.7/6.0 MB
2026.04.01 14:34:56 INFO  Progress (1): 3.7/6.0 MB
2026.04.01 14:34:56 INFO  Progress (1): 3.7/6.0 MB
2026.04.01 14:34:56 INFO  Progress (1): 3.7/6.0 MB
2026.04.01 14:34:56 INFO  Progress (1): 3.7/6.0 MB
2026.04.01 14:34:56 INFO  Progress (1): 3.7/6.0 MB
2026.04.01 14:34:56 INFO  Progress (1): 3.8/6.0 MB
2026.04.01 14:34:56 INFO  Progress (1): 3.8/6.0 MB
2026.04.01 14:34:56 INFO  Progress (1): 3.8/6.0 MB
2026.04.01 14:34:56 INFO  Progress (1): 3.8/6.0 MB
2026.04.01 14:34:56 INFO  Progress (1): 3.8/6.0 MB
2026.04.01 14:34:56 INFO  Progress (1): 3.8/6.0 MB
2026.04.01 14:34:56 INFO  Progress (1): 3.8/6.0 MB
2026.04.01 14:34:56 INFO  Progress (1): 3.9/6.0 MB
2026.04.01 14:34:56 INFO  Progress (1): 3.9/6.0 MB
2026.04.01 14:34:56 INFO  Progress (1): 3.9/6.0 MB
2026.04.01 14:34:56 INFO  Progress (1): 3.9/6.0 MB
2026.04.01 14:34:56 INFO  Progress (1): 3.9/6.0 MB
2026.04.01 14:34:56 INFO  Progress (1): 3.9/6.0 MB
2026.04.01 14:34:56 INFO  Progress (1): 4.0/6.0 MB
2026.04.01 14:34:56 INFO  Progress (1): 4.0/6.0 MB
2026.04.01 14:34:56 INFO  Progress (1): 4.0/6.0 MB
2026.04.01 14:34:56 INFO  Progress (1): 4.0/6.0 MB
2026.04.01 14:34:56 INFO  Progress (1): 4.0/6.0 MB
2026.04.01 14:34:56 INFO  Progress (1): 4.0/6.0 MB
2026.04.01 14:34:56 INFO  Progress (1): 4.1/6.0 MB
2026.04.01 14:34:56 INFO  Progress (1): 4.1/6.0 MB
2026.04.01 14:34:56 INFO  Progress (1): 4.1/6.0 MB
2026.04.01 14:34:56 INFO  Progress (1): 4.1/6.0 MB
2026.04.01 14:34:56 INFO  Progress (1): 4.1/6.0 MB
2026.04.01 14:34:56 INFO  Progress (1): 4.1/6.0 MB
2026.04.01 14:34:56 INFO  Progress (1): 4.2/6.0 MB
2026.04.01 14:34:56 INFO  Progress (1): 4.2/6.0 MB
2026.04.01 14:34:56 INFO  Progress (1): 4.2/6.0 MB
2026.04.01 14:34:56 INFO  Progress (1): 4.2/6.0 MB
2026.04.01 14:34:56 INFO  Progress (1): 4.2/6.0 MB
2026.04.01 14:34:56 INFO  Progress (1): 4.2/6.0 MB
2026.04.01 14:34:56 INFO  Progress (1): 4.3/6.0 MB
2026.04.01 14:34:56 INFO  Progress (1): 4.3/6.0 MB
2026.04.01 14:34:56 INFO  Progress (1): 4.3/6.0 MB
2026.04.01 14:34:56 INFO  Progress (1): 4.3/6.0 MB
2026.04.01 14:34:56 INFO  Progress (1): 4.3/6.0 MB
2026.04.01 14:34:56 INFO  Progress (1): 4.3/6.0 MB
2026.04.01 14:34:56 INFO  Progress (1): 4.3/6.0 MB
2026.04.01 14:34:56 INFO  Progress (1): 4.4/6.0 MB
2026.04.01 14:34:56 INFO  Progress (1): 4.4/6.0 MB
2026.04.01 14:34:56 INFO  Progress (1): 4.4/6.0 MB
2026.04.01 14:34:56 INFO  Progress (1): 4.4/6.0 MB
2026.04.01 14:34:56 INFO  Progress (1): 4.4/6.0 MB
2026.04.01 14:34:56 INFO  Progress (1): 4.4/6.0 MB
2026.04.01 14:34:56 INFO  Progress (1): 4.5/6.0 MB
2026.04.01 14:34:56 INFO  Progress (1): 4.5/6.0 MB
2026.04.01 14:34:56 INFO  Progress (1): 4.5/6.0 MB
2026.04.01 14:34:56 INFO  Progress (1): 4.5/6.0 MB
2026.04.01 14:34:56 INFO  Progress (1): 4.5/6.0 MB
2026.04.01 14:34:56 INFO  Progress (1): 4.5/6.0 MB
2026.04.01 14:34:56 INFO  Progress (1): 4.6/6.0 MB
2026.04.01 14:34:56 INFO  Progress (1): 4.6/6.0 MB
2026.04.01 14:34:56 INFO  Progress (1): 4.6/6.0 MB
2026.04.01 14:34:56 INFO  Progress (1): 4.6/6.0 MB
2026.04.01 14:34:56 INFO  Progress (1): 4.6/6.0 MB
2026.04.01 14:34:56 INFO  Progress (1): 4.6/6.0 MB
2026.04.01 14:34:56 INFO  Progress (1): 4.7/6.0 MB
2026.04.01 14:34:56 INFO  Progress (1): 4.7/6.0 MB
2026.04.01 14:34:56 INFO  Progress (1): 4.7/6.0 MB
2026.04.01 14:34:56 INFO  Progress (1): 4.7/6.0 MB
2026.04.01 14:34:56 INFO  Progress (1): 4.7/6.0 MB
2026.04.01 14:34:56 INFO  Progress (1): 4.7/6.0 MB
2026.04.01 14:34:56 INFO  Progress (1): 4.8/6.0 MB
2026.04.01 14:34:56 INFO  Progress (1): 4.8/6.0 MB
2026.04.01 14:34:56 INFO  Progress (1): 4.8/6.0 MB
2026.04.01 14:34:56 INFO  Progress (1): 4.8/6.0 MB
2026.04.01 14:34:56 INFO  Progress (1): 4.8/6.0 MB
2026.04.01 14:34:56 INFO  Progress (1): 4.8/6.0 MB
2026.04.01 14:34:56 INFO  Progress (1): 4.9/6.0 MB
2026.04.01 14:34:56 INFO  Progress (1): 4.9/6.0 MB
2026.04.01 14:34:56 INFO  Progress (1): 4.9/6.0 MB
2026.04.01 14:34:56 INFO  Progress (1): 4.9/6.0 MB
2026.04.01 14:34:56 INFO  Progress (1): 4.9/6.0 MB
2026.04.01 14:34:56 INFO  Progress (1): 4.9/6.0 MB
2026.04.01 14:34:56 INFO  Progress (1): 5.0/6.0 MB
2026.04.01 14:34:56 INFO  Progress (1): 5.0/6.0 MB
2026.04.01 14:34:56 INFO  Progress (1): 5.0/6.0 MB
2026.04.01 14:34:56 INFO  Progress (1): 5.0/6.0 MB
2026.04.01 14:34:56 INFO  Progress (1): 5.0/6.0 MB
2026.04.01 14:34:56 INFO  Progress (1): 5.0/6.0 MB
2026.04.01 14:34:56 INFO  Progress (1): 5.1/6.0 MB
2026.04.01 14:34:56 INFO  Progress (1): 5.1/6.0 MB
2026.04.01 14:34:56 INFO  Progress (1): 5.1/6.0 MB
2026.04.01 14:34:56 INFO  Progress (1): 5.1/6.0 MB
2026.04.01 14:34:56 INFO  Progress (1): 5.1/6.0 MB
2026.04.01 14:34:56 INFO  Progress (1): 5.1/6.0 MB
2026.04.01 14:34:56 INFO  Progress (1): 5.2/6.0 MB
2026.04.01 14:34:56 INFO  Progress (1): 5.2/6.0 MB
2026.04.01 14:34:56 INFO  Progress (1): 5.2/6.0 MB
2026.04.01 14:34:56 INFO  Progress (1): 5.2/6.0 MB
2026.04.01 14:34:56 INFO  Progress (1): 5.2/6.0 MB
2026.04.01 14:34:56 INFO  Progress (1): 5.2/6.0 MB
2026.04.01 14:34:56 INFO  Progress (1): 5.3/6.0 MB
2026.04.01 14:34:56 INFO  Progress (1): 5.3/6.0 MB
2026.04.01 14:34:56 INFO  Progress (1): 5.3/6.0 MB
2026.04.01 14:34:56 INFO  Progress (1): 5.3/6.0 MB
2026.04.01 14:34:56 INFO  Progress (1): 5.3/6.0 MB
2026.04.01 14:34:56 INFO  Progress (1): 5.3/6.0 MB
2026.04.01 14:34:56 INFO  Progress (1): 5.3/6.0 MB
2026.04.01 14:34:56 INFO  Progress (1): 5.4/6.0 MB
2026.04.01 14:34:56 INFO  Progress (1): 5.4/6.0 MB
2026.04.01 14:34:56 INFO  Progress (1): 5.4/6.0 MB
2026.04.01 14:34:56 INFO  Progress (1): 5.4/6.0 MB
2026.04.01 14:34:56 INFO  Progress (1): 5.4/6.0 MB
2026.04.01 14:34:56 INFO  Progress (1): 5.4/6.0 MB
2026.04.01 14:34:56 INFO  Progress (1): 5.5/6.0 MB
2026.04.01 14:34:56 INFO  Progress (1): 5.5/6.0 MB
2026.04.01 14:34:56 INFO  Progress (1): 5.5/6.0 MB
2026.04.01 14:34:56 INFO  Progress (1): 5.5/6.0 MB
2026.04.01 14:34:56 INFO  Progress (1): 5.5/6.0 MB
2026.04.01 14:34:56 INFO  Progress (1): 5.5/6.0 MB
2026.04.01 14:34:56 INFO  Progress (1): 5.6/6.0 MB
2026.04.01 14:34:56 INFO  Progress (1): 5.6/6.0 MB
2026.04.01 14:34:56 INFO  Progress (1): 5.6/6.0 MB
2026.04.01 14:34:56 INFO  Progress (1): 5.6/6.0 MB
2026.04.01 14:34:56 INFO  Progress (1): 5.6/6.0 MB
2026.04.01 14:34:56 INFO  Progress (1): 5.6/6.0 MB
2026.04.01 14:34:56 INFO  Progress (1): 5.7/6.0 MB
2026.04.01 14:34:56 INFO  Progress (1): 5.7/6.0 MB
2026.04.01 14:34:56 INFO  Progress (1): 5.7/6.0 MB
2026.04.01 14:34:56 INFO  Progress (1): 5.7/6.0 MB
2026.04.01 14:34:56 INFO  Progress (1): 5.7/6.0 MB
2026.04.01 14:34:56 INFO  Progress (1): 5.7/6.0 MB
2026.04.01 14:34:56 INFO  Progress (1): 5.8/6.0 MB
2026.04.01 14:34:56 INFO  Progress (1): 5.8/6.0 MB
2026.04.01 14:34:56 INFO  Progress (1): 5.8/6.0 MB
2026.04.01 14:34:56 INFO  Progress (1): 5.8/6.0 MB
2026.04.01 14:34:56 INFO  Progress (1): 5.8/6.0 MB
2026.04.01 14:34:56 INFO  Progress (1): 5.8/6.0 MB
2026.04.01 14:34:56 INFO  Progress (1): 5.9/6.0 MB
2026.04.01 14:34:56 INFO  Progress (1): 5.9/6.0 MB
2026.04.01 14:34:56 INFO  Progress (1): 5.9/6.0 MB
2026.04.01 14:34:56 INFO  Progress (1): 5.9/6.0 MB
2026.04.01 14:34:56 INFO  Progress (1): 5.9/6.0 MB
2026.04.01 14:34:56 INFO  Progress (1): 5.9/6.0 MB
2026.04.01 14:34:56 INFO  Progress (1): 5.9/6.0 MB
2026.04.01 14:34:56 INFO  Progress (1): 6.0/6.0 MB
2026.04.01 14:34:56 INFO  Progress (1): 6.0/6.0 MB
2026.04.01 14:34:56 INFO  Progress (1): 6.0/6.0 MB
2026.04.01 14:34:56 INFO  Progress (1): 6.0 MB    
2026.04.01 14:34:56 INFO                      
2026.04.01 14:34:56 INFO  Downloaded from central: https://repo.maven.apache.org/maven2/org/scala-lang/scala-library/2.13.8/scala-library-2.13.8.jar (6.0 MB at 6.7 MB/s)
2026.04.01 14:34:56 INFO  Downloading from central: https://repo.maven.apache.org/maven2/ch/epfl/scala/bloop-config_2.13/2.3.3/bloop-config_2.13-2.3.3.jar
2026.04.01 14:34:56 INFO  Downloading from central: https://repo.maven.apache.org/maven2/com/github/plokhotnyuk/jsoniter-scala/jsoniter-scala-core_2.13/2.13.5.2/jsoniter-scala-core_2.13-2.13.5.2.jar
2026.04.01 14:34:56 INFO  Downloading from central: https://repo.maven.apache.org/maven2/com/lihaoyi/unroll-annotation_2.13/0.1.12/unroll-annotation_2.13-0.1.12.jar
2026.04.01 14:34:56 INFO  Downloading from central: https://repo.maven.apache.org/maven2/net/alchim31/maven/scala-maven-plugin/4.8.0/scala-maven-plugin-4.8.0.jar
2026.04.01 14:34:56 INFO  Downloading from central: https://repo.maven.apache.org/maven2/org/apache/maven/reporting/maven-reporting-api/3.1.1/maven-reporting-api-3.1.1.jar
2026.04.01 14:34:56 INFO  Progress (1): 7.7/176 kB
2026.04.01 14:34:56 INFO  Progress (1): 16/176 kB 
2026.04.01 14:34:56 INFO  Progress (1): 32/176 kB
2026.04.01 14:34:56 INFO  Progress (1): 49/176 kB
2026.04.01 14:34:56 INFO  Progress (1): 65/176 kB
2026.04.01 14:34:56 INFO  Progress (1): 81/176 kB
2026.04.01 14:34:56 INFO  Progress (1): 98/176 kB
2026.04.01 14:34:56 INFO  Progress (1): 114/176 kB
2026.04.01 14:34:56 INFO  Progress (1): 131/176 kB
2026.04.01 14:34:56 INFO  Progress (1): 147/176 kB
2026.04.01 14:34:56 INFO  Progress (1): 163/176 kB
2026.04.01 14:34:56 INFO  Progress (1): 176 kB    
2026.04.01 14:34:56 INFO                      
2026.04.01 14:34:56 INFO  Downloaded from central: https://repo.maven.apache.org/maven2/com/github/plokhotnyuk/jsoniter-scala/jsoniter-scala-core_2.13/2.13.5.2/jsoniter-scala-core_2.13-2.13.5.2.jar (176 kB at 3.5 MB/s)
2026.04.01 14:34:56 INFO  Downloading from central: https://repo.maven.apache.org/maven2/org/apache/maven/doxia/doxia-sink-api/1.11.1/doxia-sink-api-1.11.1.jar
2026.04.01 14:34:56 INFO  Progress (1): 7.7/12 kB
2026.04.01 14:34:56 INFO  Progress (2): 7.7/12 kB | 0.9/288 kB
2026.04.01 14:34:56 INFO  Progress (2): 12 kB | 0.9/288 kB    
2026.04.01 14:34:56 INFO  Progress (2): 12 kB | 2.3/288 kB
2026.04.01 14:34:56 INFO  Progress (2): 12 kB | 3.6/288 kB
2026.04.01 14:34:56 INFO  Progress (2): 12 kB | 5.0/288 kB
2026.04.01 14:34:56 INFO  Progress (2): 12 kB | 6.4/288 kB
2026.04.01 14:34:56 INFO  Progress (2): 12 kB | 7.7/288 kB
2026.04.01 14:34:56 INFO  Progress (2): 12 kB | 9.1/288 kB
2026.04.01 14:34:56 INFO  Progress (2): 12 kB | 10/288 kB 
2026.04.01 14:34:56 INFO  Progress (2): 12 kB | 12/288 kB
2026.04.01 14:34:56 INFO  Progress (2): 12 kB | 13/288 kB
2026.04.01 14:34:56 INFO                                 
2026.04.01 14:34:56 INFO  Downloaded from central: https://repo.maven.apache.org/maven2/org/apache/maven/doxia/doxia-sink-api/1.11.1/doxia-sink-api-1.11.1.jar (12 kB at 128 kB/s)
2026.04.01 14:34:56 INFO  Downloading from central: https://repo.maven.apache.org/maven2/org/apache/maven/doxia/doxia-logging-api/1.11.1/doxia-logging-api-1.11.1.jar
2026.04.01 14:34:56 INFO  Progress (1): 15/288 kB
2026.04.01 14:34:56 INFO  Progress (1): 16/288 kB
2026.04.01 14:34:56 INFO  Progress (1): 17/288 kB
2026.04.01 14:34:56 INFO  Progress (1): 19/288 kB
2026.04.01 14:34:56 INFO  Progress (1): 20/288 kB
2026.04.01 14:34:56 INFO  Progress (1): 21/288 kB
2026.04.01 14:34:56 INFO  Progress (1): 23/288 kB
2026.04.01 14:34:56 INFO  Progress (1): 24/288 kB
2026.04.01 14:34:56 INFO  Progress (1): 25/288 kB
2026.04.01 14:34:56 INFO  Progress (1): 26/288 kB
2026.04.01 14:34:56 INFO  Progress (1): 27/288 kB
2026.04.01 14:34:56 INFO  Progress (1): 29/288 kB
2026.04.01 14:34:56 INFO  Progress (1): 30/288 kB
2026.04.01 14:34:56 INFO  Progress (1): 31/288 kB
2026.04.01 14:34:56 INFO  Progress (1): 33/288 kB
2026.04.01 14:34:56 INFO  Progress (1): 34/288 kB
2026.04.01 14:34:56 INFO  Progress (1): 36/288 kB
2026.04.01 14:34:56 INFO  Progress (1): 37/288 kB
2026.04.01 14:34:56 INFO  Progress (1): 38/288 kB
2026.04.01 14:34:56 INFO  Progress (1): 40/288 kB
2026.04.01 14:34:56 INFO  Progress (1): 41/288 kB
2026.04.01 14:34:56 INFO  Progress (1): 42/288 kB
2026.04.01 14:34:56 INFO  Progress (1): 44/288 kB
2026.04.01 14:34:56 INFO  Progress (1): 45/288 kB
2026.04.01 14:34:56 INFO  Progress (1): 46/288 kB
2026.04.01 14:34:56 INFO  Progress (1): 48/288 kB
2026.04.01 14:34:56 INFO  Progress (2): 48/288 kB | 0.9/1.3 kB
2026.04.01 14:34:56 INFO  Progress (2): 48/288 kB | 1.3 kB    
2026.04.01 14:34:56 INFO  Progress (2): 49/288 kB | 1.3 kB
2026.04.01 14:34:56 INFO  Progress (3): 49/288 kB | 1.3 kB | 1.4/159 kB
2026.04.01 14:34:56 INFO                                               
2026.04.01 14:34:56 INFO  Downloaded from central: https://repo.maven.apache.org/maven2/com/lihaoyi/unroll-annotation_2.13/0.1.12/unroll-annotation_2.13-0.1.12.jar (1.3 kB at 13 kB/s)
2026.04.01 14:34:56 INFO  Progress (2): 51/288 kB | 1.4/159 kB
2026.04.01 14:34:56 INFO                                      
2026.04.01 14:34:56 INFO  Downloading from central: https://repo.maven.apache.org/maven2/org/codehaus/plexus/plexus-archiver/4.6.0/plexus-archiver-4.6.0.jar
2026.04.01 14:34:56 INFO  Progress (2): 52/288 kB | 1.4/159 kB
2026.04.01 14:34:56 INFO  Progress (2): 52/288 kB | 2.7/159 kB
2026.04.01 14:34:56 INFO  Progress (2): 53/288 kB | 2.7/159 kB
2026.04.01 14:34:56 INFO  Progress (2): 53/288 kB | 4.1/159 kB
2026.04.01 14:34:56 INFO  Progress (2): 53/288 kB | 5.5/159 kB
2026.04.01 14:34:56 INFO  Progress (2): 53/288 kB | 6.8/159 kB
2026.04.01 14:34:56 INFO  Progress (2): 53/288 kB | 8.2/159 kB
2026.04.01 14:34:56 INFO  Progress (2): 53/288 kB | 9.6/159 kB
2026.04.01 14:34:56 INFO  Progress (2): 55/288 kB | 9.6/159 kB
2026.04.01 14:34:56 INFO  Progress (2): 55/288 kB | 11/159 kB 
2026.04.01 14:34:56 INFO  Progress (2): 55/288 kB | 12/159 kB
2026.04.01 14:34:56 INFO  Progress (2): 55/288 kB | 14/159 kB
2026.04.01 14:34:56 INFO  Progress (2): 59/288 kB | 14/159 kB
2026.04.01 14:34:56 INFO  Progress (2): 59/288 kB | 15/159 kB
2026.04.01 14:34:56 INFO  Progress (2): 59/288 kB | 16/159 kB
2026.04.01 14:34:56 INFO  Progress (2): 59/288 kB | 18/159 kB
2026.04.01 14:34:56 INFO  Progress (2): 63/288 kB | 18/159 kB
2026.04.01 14:34:56 INFO  Progress (2): 63/288 kB | 19/159 kB
2026.04.01 14:34:56 INFO  Progress (2): 63/288 kB | 21/159 kB
2026.04.01 14:34:56 INFO  Progress (2): 63/288 kB | 22/159 kB
2026.04.01 14:34:56 INFO  Progress (2): 63/288 kB | 23/159 kB
2026.04.01 14:34:56 INFO  Progress (2): 63/288 kB | 25/159 kB
2026.04.01 14:34:56 INFO  Progress (3): 63/288 kB | 25/159 kB | 0.9/11 kB
2026.04.01 14:34:56 INFO  Progress (3): 63/288 kB | 25/159 kB | 2.3/11 kB
2026.04.01 14:34:56 INFO  Progress (3): 63/288 kB | 25/159 kB | 3.6/11 kB
2026.04.01 14:34:56 INFO  Progress (3): 63/288 kB | 25/159 kB | 5.0/11 kB
2026.04.01 14:34:56 INFO  Progress (3): 63/288 kB | 25/159 kB | 6.4/11 kB
2026.04.01 14:34:56 INFO  Progress (3): 63/288 kB | 25/159 kB | 7.7/11 kB
2026.04.01 14:34:56 INFO  Progress (3): 63/288 kB | 25/159 kB | 9.1/11 kB
2026.04.01 14:34:56 INFO  Progress (3): 63/288 kB | 25/159 kB | 10/11 kB 
2026.04.01 14:34:56 INFO  Progress (3): 63/288 kB | 25/159 kB | 11 kB   
2026.04.01 14:34:56 INFO  Progress (3): 63/288 kB | 26/159 kB | 11 kB
2026.04.01 14:34:56 INFO  Progress (3): 63/288 kB | 27/159 kB | 11 kB
2026.04.01 14:34:56 INFO  Progress (3): 63/288 kB | 29/159 kB | 11 kB
2026.04.01 14:34:56 INFO  Progress (3): 63/288 kB | 30/159 kB | 11 kB
2026.04.01 14:34:56 INFO  Progress (3): 63/288 kB | 31/159 kB | 11 kB
2026.04.01 14:34:56 INFO  Progress (3): 63/288 kB | 33/159 kB | 11 kB
2026.04.01 14:34:56 INFO  Progress (3): 63/288 kB | 34/159 kB | 11 kB
2026.04.01 14:34:56 INFO  Progress (3): 63/288 kB | 36/159 kB | 11 kB
2026.04.01 14:34:56 INFO  Progress (3): 63/288 kB | 37/159 kB | 11 kB
2026.04.01 14:34:56 INFO  Progress (3): 63/288 kB | 38/159 kB | 11 kB
2026.04.01 14:34:56 INFO  Progress (3): 63/288 kB | 40/159 kB | 11 kB
2026.04.01 14:34:56 INFO  Progress (3): 63/288 kB | 41/159 kB | 11 kB
2026.04.01 14:34:56 INFO  Progress (3): 63/288 kB | 42/159 kB | 11 kB
2026.04.01 14:34:56 INFO  Progress (3): 63/288 kB | 44/159 kB | 11 kB
2026.04.01 14:34:56 INFO  Progress (3): 63/288 kB | 45/159 kB | 11 kB
2026.04.01 14:34:56 INFO  Progress (3): 63/288 kB | 47/159 kB | 11 kB
2026.04.01 14:34:56 INFO                                             
2026.04.01 14:34:56 INFO  Downloaded from central: https://repo.maven.apache.org/maven2/org/apache/maven/reporting/maven-reporting-api/3.1.1/maven-reporting-api-3.1.1.jar (11 kB at 103 kB/s)
2026.04.01 14:34:56 INFO  Progress (2): 63/288 kB | 48/159 kB
2026.04.01 14:34:56 INFO  Progress (2): 63/288 kB | 49/159 kB
2026.04.01 14:34:56 INFO  Progress (2): 63/288 kB | 51/159 kB
2026.04.01 14:34:56 INFO                                     
2026.04.01 14:34:56 INFO  Downloading from central: https://repo.maven.apache.org/maven2/com/github/luben/zstd-jni/1.5.2-5/zstd-jni-1.5.2-5.jar
2026.04.01 14:34:56 INFO  Progress (2): 63/288 kB | 52/159 kB
2026.04.01 14:34:56 INFO  Progress (2): 63/288 kB | 53/159 kB
2026.04.01 14:34:56 INFO  Progress (2): 63/288 kB | 55/159 kB
2026.04.01 14:34:56 INFO  Progress (2): 63/288 kB | 57/159 kB
2026.04.01 14:34:56 INFO  Progress (2): 63/288 kB | 62/159 kB
2026.04.01 14:34:56 INFO  Progress (2): 67/288 kB | 62/159 kB
2026.04.01 14:34:56 INFO  Progress (2): 72/288 kB | 62/159 kB
2026.04.01 14:34:56 INFO  Progress (2): 76/288 kB | 62/159 kB
2026.04.01 14:34:56 INFO  Progress (2): 80/288 kB | 62/159 kB
2026.04.01 14:34:56 INFO  Progress (2): 84/288 kB | 62/159 kB
2026.04.01 14:34:56 INFO  Progress (2): 89/288 kB | 62/159 kB
2026.04.01 14:34:56 INFO  Progress (2): 93/288 kB | 62/159 kB
2026.04.01 14:34:56 INFO  Progress (2): 97/288 kB | 62/159 kB
2026.04.01 14:34:56 INFO  Progress (2): 101/288 kB | 62/159 kB
2026.04.01 14:34:56 INFO  Progress (2): 105/288 kB | 62/159 kB
2026.04.01 14:34:56 INFO  Progress (2): 110/288 kB | 62/159 kB
2026.04.01 14:34:56 INFO  Progress (2): 114/288 kB | 62/159 kB
2026.04.01 14:34:56 INFO  Progress (2): 118/288 kB | 62/159 kB
2026.04.01 14:34:56 INFO  Progress (2): 122/288 kB | 62/159 kB
2026.04.01 14:34:56 INFO  Progress (2): 127/288 kB | 62/159 kB
2026.04.01 14:34:56 INFO  Progress (2): 131/288 kB | 62/159 kB
2026.04.01 14:34:56 INFO  Progress (2): 131/288 kB | 66/159 kB
2026.04.01 14:34:56 INFO  Progress (2): 131/288 kB | 70/159 kB
2026.04.01 14:34:56 INFO  Progress (2): 131/288 kB | 74/159 kB
2026.04.01 14:34:56 INFO  Progress (2): 131/288 kB | 78/159 kB
2026.04.01 14:34:56 INFO  Progress (2): 135/288 kB | 78/159 kB
2026.04.01 14:34:56 INFO  Progress (2): 139/288 kB | 78/159 kB
2026.04.01 14:34:56 INFO  Progress (2): 139/288 kB | 83/159 kB
2026.04.01 14:34:56 INFO  Progress (2): 144/288 kB | 83/159 kB
2026.04.01 14:34:56 INFO  Progress (2): 148/288 kB | 83/159 kB
2026.04.01 14:34:56 INFO  Progress (2): 148/288 kB | 87/159 kB
2026.04.01 14:34:56 INFO  Progress (2): 152/288 kB | 87/159 kB
2026.04.01 14:34:56 INFO  Progress (2): 152/288 kB | 91/159 kB
2026.04.01 14:34:56 INFO  Progress (2): 152/288 kB | 95/159 kB
2026.04.01 14:34:56 INFO  Progress (2): 152/288 kB | 100/159 kB
2026.04.01 14:34:56 INFO  Progress (2): 156/288 kB | 100/159 kB
2026.04.01 14:34:56 INFO  Progress (2): 160/288 kB | 100/159 kB
2026.04.01 14:34:56 INFO  Progress (2): 164/288 kB | 100/159 kB
2026.04.01 14:34:56 INFO  Progress (2): 164/288 kB | 104/159 kB
2026.04.01 14:34:56 INFO  Progress (2): 164/288 kB | 108/159 kB
2026.04.01 14:34:56 INFO  Progress (2): 168/288 kB | 108/159 kB
2026.04.01 14:34:56 INFO  Progress (2): 168/288 kB | 112/159 kB
2026.04.01 14:34:56 INFO  Progress (2): 168/288 kB | 117/159 kB
2026.04.01 14:34:56 INFO  Progress (2): 173/288 kB | 117/159 kB
2026.04.01 14:34:56 INFO  Progress (2): 173/288 kB | 121/159 kB
2026.04.01 14:34:56 INFO  Progress (2): 177/288 kB | 121/159 kB
2026.04.01 14:34:56 INFO  Progress (2): 181/288 kB | 121/159 kB
2026.04.01 14:34:56 INFO  Progress (2): 181/288 kB | 125/159 kB
2026.04.01 14:34:56 INFO  Progress (2): 185/288 kB | 125/159 kB
2026.04.01 14:34:56 INFO  Progress (2): 185/288 kB | 129/159 kB
2026.04.01 14:34:56 INFO  Progress (2): 189/288 kB | 129/159 kB
2026.04.01 14:34:56 INFO  Progress (2): 189/288 kB | 133/159 kB
2026.04.01 14:34:56 INFO  Progress (2): 194/288 kB | 133/159 kB
2026.04.01 14:34:56 INFO  Progress (3): 194/288 kB | 133/159 kB | 7.7/12 kB
2026.04.01 14:34:56 INFO  Progress (3): 194/288 kB | 133/159 kB | 12 kB    
2026.04.01 14:34:56 INFO  Progress (3): 194/288 kB | 138/159 kB | 12 kB
2026.04.01 14:34:56 INFO  Progress (3): 198/288 kB | 138/159 kB | 12 kB
2026.04.01 14:34:56 INFO  Progress (3): 202/288 kB | 138/159 kB | 12 kB
2026.04.01 14:34:56 INFO                                               
2026.04.01 14:34:56 INFO  Downloaded from central: https://repo.maven.apache.org/maven2/org/apache/maven/doxia/doxia-logging-api/1.11.1/doxia-logging-api-1.11.1.jar (12 kB at 90 kB/s)
2026.04.01 14:34:56 INFO  Downloading from central: https://repo.maven.apache.org/maven2/org/codehaus/plexus/plexus-classworlds/2.7.0/plexus-classworlds-2.7.0.jar
2026.04.01 14:34:56 INFO  Progress (2): 202/288 kB | 142/159 kB
2026.04.01 14:34:56 INFO  Progress (2): 206/288 kB | 142/159 kB
2026.04.01 14:34:56 INFO  Progress (2): 206/288 kB | 146/159 kB
2026.04.01 14:34:56 INFO  Progress (2): 206/288 kB | 150/159 kB
2026.04.01 14:34:56 INFO  Progress (2): 206/288 kB | 155/159 kB
2026.04.01 14:34:56 INFO  Progress (2): 211/288 kB | 155/159 kB
2026.04.01 14:34:56 INFO  Progress (2): 215/288 kB | 155/159 kB
2026.04.01 14:34:56 INFO  Progress (2): 219/288 kB | 155/159 kB
2026.04.01 14:34:56 INFO  Progress (2): 219/288 kB | 159 kB    
2026.04.01 14:34:56 INFO  Progress (2): 223/288 kB | 159 kB
2026.04.01 14:34:56 INFO  Progress (2): 240/288 kB | 159 kB
2026.04.01 14:34:56 INFO                                   
2026.04.01 14:34:56 INFO  Downloaded from central: https://repo.maven.apache.org/maven2/net/alchim31/maven/scala-maven-plugin/4.8.0/scala-maven-plugin-4.8.0.jar (159 kB at 1.1 MB/s)
2026.04.01 14:34:56 INFO  Downloading from central: https://repo.maven.apache.org/maven2/org/scala-sbt/zinc_2.13/1.8.0/zinc_2.13-1.8.0.jar
2026.04.01 14:34:56 INFO  Progress (2): 240/288 kB | 0.9/216 kB
2026.04.01 14:34:56 INFO  Progress (2): 240/288 kB | 2.3/216 kB
2026.04.01 14:34:56 INFO  Progress (2): 240/288 kB | 3.6/216 kB
2026.04.01 14:34:56 INFO  Progress (2): 240/288 kB | 5.0/216 kB
2026.04.01 14:34:56 INFO  Progress (2): 240/288 kB | 6.4/216 kB
2026.04.01 14:34:56 INFO  Progress (2): 240/288 kB | 7.7/216 kB
2026.04.01 14:34:56 INFO  Progress (2): 240/288 kB | 9.1/216 kB
2026.04.01 14:34:56 INFO  Progress (2): 240/288 kB | 10/216 kB 
2026.04.01 14:34:56 INFO  Progress (2): 240/288 kB | 12/216 kB
2026.04.01 14:34:56 INFO  Progress (2): 240/288 kB | 13/216 kB
2026.04.01 14:34:56 INFO  Progress (2): 240/288 kB | 15/216 kB
2026.04.01 14:34:56 INFO  Progress (2): 240/288 kB | 16/216 kB
2026.04.01 14:34:56 INFO  Progress (2): 240/288 kB | 17/216 kB
2026.04.01 14:34:56 INFO  Progress (2): 240/288 kB | 19/216 kB
2026.04.01 14:34:56 INFO  Progress (2): 240/288 kB | 20/216 kB
2026.04.01 14:34:56 INFO  Progress (2): 240/288 kB | 21/216 kB
2026.04.01 14:34:56 INFO  Progress (2): 256/288 kB | 21/216 kB
2026.04.01 14:34:56 INFO  Progress (2): 256/288 kB | 23/216 kB
2026.04.01 14:34:56 INFO  Progress (2): 256/288 kB | 24/216 kB
2026.04.01 14:34:56 INFO  Progress (2): 256/288 kB | 26/216 kB
2026.04.01 14:34:56 INFO  Progress (2): 272/288 kB | 26/216 kB
2026.04.01 14:34:56 INFO  Progress (2): 272/288 kB | 27/216 kB
2026.04.01 14:34:56 INFO  Progress (2): 272/288 kB | 28/216 kB
2026.04.01 14:34:56 INFO  Progress (2): 272/288 kB | 30/216 kB
2026.04.01 14:34:56 INFO  Progress (2): 272/288 kB | 31/216 kB
2026.04.01 14:34:56 INFO  Progress (3): 272/288 kB | 31/216 kB | 0/6.3 MB
2026.04.01 14:34:56 INFO  Progress (3): 272/288 kB | 31/216 kB | 0/6.3 MB
2026.04.01 14:34:56 INFO  Progress (3): 272/288 kB | 31/216 kB | 0/6.3 MB
2026.04.01 14:34:56 INFO  Progress (3): 272/288 kB | 31/216 kB | 0/6.3 MB
2026.04.01 14:34:56 INFO  Progress (3): 272/288 kB | 31/216 kB | 0/6.3 MB
2026.04.01 14:34:56 INFO  Progress (3): 272/288 kB | 31/216 kB | 0/6.3 MB
2026.04.01 14:34:56 INFO  Progress (3): 272/288 kB | 31/216 kB | 0/6.3 MB
2026.04.01 14:34:56 INFO  Progress (3): 272/288 kB | 32/216 kB | 0/6.3 MB
2026.04.01 14:34:56 INFO  Progress (3): 272/288 kB | 34/216 kB | 0/6.3 MB
2026.04.01 14:34:56 INFO  Progress (3): 272/288 kB | 35/216 kB | 0/6.3 MB
2026.04.01 14:34:56 INFO  Progress (3): 272/288 kB | 35/216 kB | 0/6.3 MB
2026.04.01 14:34:56 INFO  Progress (3): 272/288 kB | 36/216 kB | 0/6.3 MB
2026.04.01 14:34:56 INFO  Progress (3): 272/288 kB | 36/216 kB | 0/6.3 MB
2026.04.01 14:34:56 INFO  Progress (3): 272/288 kB | 36/216 kB | 0/6.3 MB
2026.04.01 14:34:56 INFO  Progress (3): 272/288 kB | 36/216 kB | 0/6.3 MB
2026.04.01 14:34:56 INFO  Progress (3): 272/288 kB | 38/216 kB | 0/6.3 MB
2026.04.01 14:34:56 INFO  Progress (3): 272/288 kB | 39/216 kB | 0/6.3 MB
2026.04.01 14:34:56 INFO  Progress (3): 272/288 kB | 41/216 kB | 0/6.3 MB
2026.04.01 14:34:56 INFO  Progress (3): 287/288 kB | 41/216 kB | 0/6.3 MB
2026.04.01 14:34:56 INFO  Progress (3): 288 kB | 41/216 kB | 0/6.3 MB    
2026.04.01 14:34:56 INFO  Progress (3): 288 kB | 42/216 kB | 0/6.3 MB
2026.04.01 14:34:56 INFO  Progress (3): 288 kB | 42/216 kB | 0/6.3 MB
2026.04.01 14:34:56 INFO  Progress (3): 288 kB | 42/216 kB | 0/6.3 MB
2026.04.01 14:34:56 INFO  Progress (3): 288 kB | 42/216 kB | 0/6.3 MB
2026.04.01 14:34:56 INFO                                             
2026.04.01 14:34:56 INFO  Downloaded from central: https://repo.maven.apache.org/maven2/ch/epfl/scala/bloop-config_2.13/2.3.3/bloop-config_2.13-2.3.3.jar (288 kB at 1.9 MB/s)
2026.04.01 14:34:56 INFO  Downloading from central: https://repo.maven.apache.org/maven2/org/scala-sbt/zinc-core_2.13/1.8.0/zinc-core_2.13-1.8.0.jar
2026.04.01 14:34:56 INFO  Progress (2): 43/216 kB | 0/6.3 MB
2026.04.01 14:34:56 INFO  Progress (2): 43/216 kB | 0/6.3 MB
2026.04.01 14:34:56 INFO  Progress (2): 45/216 kB | 0/6.3 MB
2026.04.01 14:34:56 INFO  Progress (2): 45/216 kB | 0/6.3 MB
2026.04.01 14:34:56 INFO  Progress (2): 46/216 kB | 0/6.3 MB
2026.04.01 14:34:56 INFO  Progress (2): 46/216 kB | 0/6.3 MB
2026.04.01 14:34:56 INFO  Progress (2): 47/216 kB | 0/6.3 MB
2026.04.01 14:34:56 INFO  Progress (2): 47/216 kB | 0/6.3 MB
2026.04.01 14:34:56 INFO  Progress (2): 49/216 kB | 0/6.3 MB
2026.04.01 14:34:56 INFO  Progress (2): 49/216 kB | 0/6.3 MB
2026.04.01 14:34:56 INFO  Progress (2): 49/216 kB | 0/6.3 MB
2026.04.01 14:34:56 INFO  Progress (2): 49/216 kB | 0/6.3 MB
2026.04.01 14:34:56 INFO  Progress (2): 51/216 kB | 0/6.3 MB
2026.04.01 14:34:56 INFO  Progress (2): 52/216 kB | 0/6.3 MB
2026.04.01 14:34:56 INFO  Progress (2): 52/216 kB | 0/6.3 MB
2026.04.01 14:34:56 INFO  Progress (2): 52/216 kB | 0/6.3 MB
2026.04.01 14:34:56 INFO  Progress (2): 52/216 kB | 0/6.3 MB
2026.04.01 14:34:56 INFO  Progress (2): 56/216 kB | 0/6.3 MB
2026.04.01 14:34:56 INFO  Progress (2): 60/216 kB | 0/6.3 MB
2026.04.01 14:34:56 INFO  Progress (2): 65/216 kB | 0/6.3 MB
2026.04.01 14:34:56 INFO  Progress (2): 69/216 kB | 0/6.3 MB
2026.04.01 14:34:56 INFO  Progress (2): 69/216 kB | 0/6.3 MB
2026.04.01 14:34:56 INFO  Progress (2): 69/216 kB | 0/6.3 MB
2026.04.01 14:34:56 INFO  Progress (2): 69/216 kB | 0/6.3 MB
2026.04.01 14:34:56 INFO  Progress (2): 69/216 kB | 0/6.3 MB
2026.04.01 14:34:56 INFO  Progress (2): 69/216 kB | 0/6.3 MB
2026.04.01 14:34:56 INFO  Progress (2): 69/216 kB | 0/6.3 MB
2026.04.01 14:34:56 INFO  Progress (2): 69/216 kB | 0/6.3 MB
2026.04.01 14:34:56 INFO  Progress (2): 69/216 kB | 0/6.3 MB
2026.04.01 14:34:56 INFO  Progress (2): 69/216 kB | 0/6.3 MB
2026.04.01 14:34:56 INFO  Progress (2): 69/216 kB | 0/6.3 MB
2026.04.01 14:34:56 INFO  Progress (2): 69/216 kB | 0.1/6.3 MB
2026.04.01 14:34:56 INFO  Progress (2): 69/216 kB | 0.1/6.3 MB
2026.04.01 14:34:56 INFO  Progress (2): 69/216 kB | 0.1/6.3 MB
2026.04.01 14:34:56 INFO  Progress (2): 69/216 kB | 0.1/6.3 MB
2026.04.01 14:34:56 INFO  Progress (2): 69/216 kB | 0.1/6.3 MB
2026.04.01 14:34:56 INFO  Progress (2): 73/216 kB | 0.1/6.3 MB
2026.04.01 14:34:56 INFO  Progress (2): 77/216 kB | 0.1/6.3 MB
2026.04.01 14:34:56 INFO  Progress (2): 81/216 kB | 0.1/6.3 MB
2026.04.01 14:34:56 INFO  Progress (2): 82/216 kB | 0.1/6.3 MB
2026.04.01 14:34:56 INFO  Progress (2): 86/216 kB | 0.1/6.3 MB
2026.04.01 14:34:56 INFO  Progress (2): 90/216 kB | 0.1/6.3 MB
2026.04.01 14:34:56 INFO  Progress (2): 90/216 kB | 0.1/6.3 MB
2026.04.01 14:34:56 INFO  Progress (2): 90/216 kB | 0.1/6.3 MB
2026.04.01 14:34:56 INFO  Progress (2): 95/216 kB | 0.1/6.3 MB
2026.04.01 14:34:56 INFO  Progress (2): 99/216 kB | 0.1/6.3 MB
2026.04.01 14:34:56 INFO  Progress (2): 103/216 kB | 0.1/6.3 MB
2026.04.01 14:34:56 INFO  Progress (2): 103/216 kB | 0.1/6.3 MB
2026.04.01 14:34:56 INFO  Progress (2): 103/216 kB | 0.1/6.3 MB
2026.04.01 14:34:56 INFO  Progress (2): 103/216 kB | 0.1/6.3 MB
2026.04.01 14:34:56 INFO  Progress (2): 107/216 kB | 0.1/6.3 MB
2026.04.01 14:34:56 INFO  Progress (2): 107/216 kB | 0.1/6.3 MB
2026.04.01 14:34:56 INFO  Progress (2): 112/216 kB | 0.1/6.3 MB
2026.04.01 14:34:56 INFO  Progress (2): 112/216 kB | 0.1/6.3 MB
2026.04.01 14:34:56 INFO  Progress (2): 112/216 kB | 0.1/6.3 MB
2026.04.01 14:34:56 INFO  Progress (2): 116/216 kB | 0.1/6.3 MB
2026.04.01 14:34:56 INFO  Progress (2): 116/216 kB | 0.1/6.3 MB
2026.04.01 14:34:56 INFO  Progress (2): 120/216 kB | 0.1/6.3 MB
2026.04.01 14:34:56 INFO  Progress (2): 124/216 kB | 0.1/6.3 MB
2026.04.01 14:34:56 INFO  Progress (2): 128/216 kB | 0.1/6.3 MB
2026.04.01 14:34:56 INFO  Progress (2): 131/216 kB | 0.1/6.3 MB
2026.04.01 14:34:56 INFO  Progress (2): 135/216 kB | 0.1/6.3 MB
2026.04.01 14:34:56 INFO  Progress (2): 140/216 kB | 0.1/6.3 MB
2026.04.01 14:34:56 INFO  Progress (2): 140/216 kB | 0.1/6.3 MB
2026.04.01 14:34:56 INFO  Progress (2): 144/216 kB | 0.1/6.3 MB
2026.04.01 14:34:56 INFO  Progress (2): 148/216 kB | 0.1/6.3 MB
2026.04.01 14:34:56 INFO  Progress (2): 148/216 kB | 0.1/6.3 MB
2026.04.01 14:34:56 INFO  Progress (2): 148/216 kB | 0.1/6.3 MB
2026.04.01 14:34:56 INFO  Progress (2): 152/216 kB | 0.1/6.3 MB
2026.04.01 14:34:56 INFO  Progress (2): 152/216 kB | 0.1/6.3 MB
2026.04.01 14:34:56 INFO  Progress (2): 152/216 kB | 0.1/6.3 MB
2026.04.01 14:34:56 INFO  Progress (2): 156/216 kB | 0.1/6.3 MB
2026.04.01 14:34:56 INFO  Progress (2): 156/216 kB | 0.1/6.3 MB
2026.04.01 14:34:56 INFO  Progress (2): 161/216 kB | 0.1/6.3 MB
2026.04.01 14:34:56 INFO  Progress (3): 161/216 kB | 0.1/6.3 MB | 3.8/85 kB
2026.04.01 14:34:56 INFO  Progress (3): 161/216 kB | 0.1/6.3 MB | 8.0/85 kB
2026.04.01 14:34:56 INFO  Progress (3): 161/216 kB | 0.1/6.3 MB | 8.0/85 kB
2026.04.01 14:34:56 INFO  Progress (3): 165/216 kB | 0.1/6.3 MB | 8.0/85 kB
2026.04.01 14:34:56 INFO  Progress (3): 169/216 kB | 0.1/6.3 MB | 8.0/85 kB
2026.04.01 14:34:56 INFO  Progress (3): 169/216 kB | 0.1/6.3 MB | 12/85 kB 
2026.04.01 14:34:56 INFO  Progress (3): 169/216 kB | 0.1/6.3 MB | 12/85 kB
2026.04.01 14:34:56 INFO  Progress (3): 169/216 kB | 0.1/6.3 MB | 12/85 kB
2026.04.01 14:34:56 INFO  Progress (3): 173/216 kB | 0.1/6.3 MB | 12/85 kB
2026.04.01 14:34:56 INFO  Progress (3): 173/216 kB | 0.1/6.3 MB | 16/85 kB
2026.04.01 14:34:56 INFO  Progress (3): 173/216 kB | 0.1/6.3 MB | 21/85 kB
2026.04.01 14:34:56 INFO  Progress (4): 173/216 kB | 0.1/6.3 MB | 21/85 kB | 7.7/490 kB
2026.04.01 14:34:56 INFO  Progress (4): 173/216 kB | 0.1/6.3 MB | 21/85 kB | 16/490 kB 
2026.04.01 14:34:56 INFO  Progress (4): 173/216 kB | 0.1/6.3 MB | 21/85 kB | 25/490 kB
2026.04.01 14:34:56 INFO  Progress (4): 173/216 kB | 0.1/6.3 MB | 21/85 kB | 25/490 kB
2026.04.01 14:34:56 INFO  Progress (4): 178/216 kB | 0.1/6.3 MB | 21/85 kB | 25/490 kB
2026.04.01 14:34:56 INFO  Progress (4): 178/216 kB | 0.1/6.3 MB | 25/85 kB | 25/490 kB
2026.04.01 14:34:56 INFO  Progress (4): 178/216 kB | 0.1/6.3 MB | 29/85 kB | 25/490 kB
2026.04.01 14:34:56 INFO  Progress (4): 178/216 kB | 0.2/6.3 MB | 29/85 kB | 25/490 kB
2026.04.01 14:34:56 INFO  Progress (4): 178/216 kB | 0.2/6.3 MB | 29/85 kB | 25/490 kB
2026.04.01 14:34:56 INFO  Progress (4): 182/216 kB | 0.2/6.3 MB | 29/85 kB | 25/490 kB
2026.04.01 14:34:56 INFO  Progress (4): 182/216 kB | 0.2/6.3 MB | 29/85 kB | 41/490 kB
2026.04.01 14:34:56 INFO  Progress (4): 182/216 kB | 0.2/6.3 MB | 33/85 kB | 41/490 kB
2026.04.01 14:34:56 INFO  Progress (4): 186/216 kB | 0.2/6.3 MB | 33/85 kB | 41/490 kB
2026.04.01 14:34:56 INFO  Progress (4): 186/216 kB | 0.2/6.3 MB | 38/85 kB | 41/490 kB
2026.04.01 14:34:56 INFO  Progress (4): 186/216 kB | 0.2/6.3 MB | 38/85 kB | 41/490 kB
2026.04.01 14:34:56 INFO  Progress (4): 190/216 kB | 0.2/6.3 MB | 38/85 kB | 41/490 kB
2026.04.01 14:34:56 INFO  Progress (4): 190/216 kB | 0.2/6.3 MB | 38/85 kB | 57/490 kB
2026.04.01 14:34:56 INFO  Progress (4): 190/216 kB | 0.2/6.3 MB | 42/85 kB | 57/490 kB
2026.04.01 14:34:56 INFO  Progress (4): 190/216 kB | 0.2/6.3 MB | 46/85 kB | 57/490 kB
2026.04.01 14:34:56 INFO  Progress (4): 190/216 kB | 0.2/6.3 MB | 46/85 kB | 57/490 kB
2026.04.01 14:34:56 INFO  Progress (4): 195/216 kB | 0.2/6.3 MB | 46/85 kB | 57/490 kB
2026.04.01 14:34:56 INFO  Progress (4): 195/216 kB | 0.2/6.3 MB | 46/85 kB | 66/490 kB
2026.04.01 14:34:56 INFO  Progress (4): 195/216 kB | 0.2/6.3 MB | 50/85 kB | 66/490 kB
2026.04.01 14:34:56 INFO  Progress (4): 195/216 kB | 0.2/6.3 MB | 54/85 kB | 66/490 kB
2026.04.01 14:34:56 INFO  Progress (4): 195/216 kB | 0.2/6.3 MB | 54/85 kB | 66/490 kB
2026.04.01 14:34:56 INFO  Progress (4): 199/216 kB | 0.2/6.3 MB | 54/85 kB | 66/490 kB
2026.04.01 14:34:56 INFO  Progress (4): 199/216 kB | 0.2/6.3 MB | 54/85 kB | 66/490 kB
2026.04.01 14:34:56 INFO  Progress (4): 199/216 kB | 0.2/6.3 MB | 59/85 kB | 66/490 kB
2026.04.01 14:34:56 INFO  Progress (4): 199/216 kB | 0.2/6.3 MB | 59/85 kB | 82/490 kB
2026.04.01 14:34:56 INFO  Progress (4): 199/216 kB | 0.2/6.3 MB | 63/85 kB | 82/490 kB
2026.04.01 14:34:56 INFO  Progress (5): 199/216 kB | 0.2/6.3 MB | 63/85 kB | 82/490 kB | 7.7/53 kB
2026.04.01 14:34:56 INFO  Progress (5): 199/216 kB | 0.2/6.3 MB | 63/85 kB | 82/490 kB | 16/53 kB 
2026.04.01 14:34:56 INFO  Progress (5): 203/216 kB | 0.2/6.3 MB | 63/85 kB | 82/490 kB | 16/53 kB
2026.04.01 14:34:56 INFO  Progress (5): 207/216 kB | 0.2/6.3 MB | 63/85 kB | 82/490 kB | 16/53 kB
2026.04.01 14:34:56 INFO  Progress (5): 207/216 kB | 0.2/6.3 MB | 63/85 kB | 82/490 kB | 16/53 kB
2026.04.01 14:34:56 INFO  Progress (5): 207/216 kB | 0.2/6.3 MB | 63/85 kB | 98/490 kB | 16/53 kB
2026.04.01 14:34:56 INFO  Progress (5): 211/216 kB | 0.2/6.3 MB | 63/85 kB | 98/490 kB | 16/53 kB
2026.04.01 14:34:56 INFO  Progress (5): 211/216 kB | 0.2/6.3 MB | 63/85 kB | 98/490 kB | 32/53 kB
2026.04.01 14:34:56 INFO  Progress (5): 211/216 kB | 0.2/6.3 MB | 63/85 kB | 98/490 kB | 32/53 kB
2026.04.01 14:34:56 INFO  Progress (5): 216/216 kB | 0.2/6.3 MB | 63/85 kB | 98/490 kB | 32/53 kB
2026.04.01 14:34:56 INFO  Progress (5): 216 kB | 0.2/6.3 MB | 63/85 kB | 98/490 kB | 32/53 kB    
2026.04.01 14:34:56 INFO                                                                     
2026.04.01 14:34:56 INFO  Downloaded from central: https://repo.maven.apache.org/maven2/org/codehaus/plexus/plexus-archiver/4.6.0/plexus-archiver-4.6.0.jar (216 kB at 943 kB/s)
2026.04.01 14:34:56 INFO  Downloading from central: https://repo.maven.apache.org/maven2/org/scala-sbt/zinc-apiinfo_2.13/1.8.0/zinc-apiinfo_2.13-1.8.0.jar
2026.04.01 14:34:56 INFO  Progress (4): 0.2/6.3 MB | 79/85 kB | 98/490 kB | 32/53 kB
2026.04.01 14:34:56 INFO  Progress (4): 0.2/6.3 MB | 79/85 kB | 98/490 kB | 32/53 kB
2026.04.01 14:34:56 INFO  Progress (4): 0.2/6.3 MB | 79/85 kB | 98/490 kB | 32/53 kB
2026.04.01 14:34:56 INFO  Progress (4): 0.2/6.3 MB | 79/85 kB | 98/490 kB | 48/53 kB
2026.04.01 14:34:56 INFO  Progress (4): 0.2/6.3 MB | 79/85 kB | 115/490 kB | 48/53 kB
2026.04.01 14:34:56 INFO  Progress (4): 0.2/6.3 MB | 79/85 kB | 115/490 kB | 48/53 kB
2026.04.01 14:34:56 INFO  Progress (4): 0.2/6.3 MB | 79/85 kB | 115/490 kB | 53 kB   
2026.04.01 14:34:56 INFO  Progress (4): 0.2/6.3 MB | 85 kB | 115/490 kB | 53 kB   
2026.04.01 14:34:56 INFO  Progress (4): 0.2/6.3 MB | 85 kB | 131/490 kB | 53 kB
2026.04.01 14:34:56 INFO                                                       
2026.04.01 14:34:56 INFO  Downloaded from central: https://repo.maven.apache.org/maven2/org/codehaus/plexus/plexus-classworlds/2.7.0/plexus-classworlds-2.7.0.jar (53 kB at 224 kB/s)
2026.04.01 14:34:56 INFO  Downloaded from central: https://repo.maven.apache.org/maven2/org/scala-sbt/zinc_2.13/1.8.0/zinc_2.13-1.8.0.jar (85 kB at 356 kB/s)
2026.04.01 14:34:56 INFO  Downloading from central: https://repo.maven.apache.org/maven2/org/scala-sbt/compiler-bridge_2.13/1.8.0/compiler-bridge_2.13-1.8.0.jar
2026.04.01 14:34:56 INFO  Downloading from central: https://repo.maven.apache.org/maven2/org/scala-sbt/zinc-classpath_2.13/1.8.0/zinc-classpath_2.13-1.8.0.jar
2026.04.01 14:34:56 INFO  Progress (2): 0.2/6.3 MB | 147/490 kB
2026.04.01 14:34:56 INFO  Progress (2): 0.2/6.3 MB | 164/490 kB
2026.04.01 14:34:56 INFO  Progress (2): 0.2/6.3 MB | 180/490 kB
2026.04.01 14:34:56 INFO  Progress (2): 0.2/6.3 MB | 180/490 kB
2026.04.01 14:34:56 INFO  Progress (2): 0.2/6.3 MB | 197/490 kB
2026.04.01 14:34:56 INFO  Progress (2): 0.2/6.3 MB | 197/490 kB
2026.04.01 14:34:56 INFO  Progress (2): 0.2/6.3 MB | 197/490 kB
2026.04.01 14:34:56 INFO  Progress (2): 0.2/6.3 MB | 197/490 kB
2026.04.01 14:34:56 INFO  Progress (2): 0.2/6.3 MB | 213/490 kB
2026.04.01 14:34:56 INFO  Progress (2): 0.2/6.3 MB | 229/490 kB
2026.04.01 14:34:56 INFO  Progress (2): 0.2/6.3 MB | 246/490 kB
2026.04.01 14:34:56 INFO  Progress (2): 0.2/6.3 MB | 246/490 kB
2026.04.01 14:34:56 INFO  Progress (2): 0.2/6.3 MB | 262/490 kB
2026.04.01 14:34:56 INFO  Progress (2): 0.2/6.3 MB | 279/490 kB
2026.04.01 14:34:56 INFO  Progress (2): 0.2/6.3 MB | 279/490 kB
2026.04.01 14:34:56 INFO  Progress (2): 0.2/6.3 MB | 279/490 kB
2026.04.01 14:34:56 INFO  Progress (2): 0.2/6.3 MB | 295/490 kB
2026.04.01 14:34:56 INFO  Progress (2): 0.3/6.3 MB | 295/490 kB
2026.04.01 14:34:56 INFO  Progress (2): 0.3/6.3 MB | 295/490 kB
2026.04.01 14:34:56 INFO  Progress (2): 0.3/6.3 MB | 295/490 kB
2026.04.01 14:34:56 INFO  Progress (2): 0.3/6.3 MB | 311/490 kB
2026.04.01 14:34:56 INFO  Progress (2): 0.3/6.3 MB | 311/490 kB
2026.04.01 14:34:56 INFO  Progress (2): 0.3/6.3 MB | 328/490 kB
2026.04.01 14:34:56 INFO  Progress (2): 0.3/6.3 MB | 344/490 kB
2026.04.01 14:34:56 INFO  Progress (2): 0.3/6.3 MB | 344/490 kB
2026.04.01 14:34:56 INFO  Progress (2): 0.3/6.3 MB | 360/490 kB
2026.04.01 14:34:56 INFO  Progress (2): 0.3/6.3 MB | 377/490 kB
2026.04.01 14:34:56 INFO  Progress (2): 0.3/6.3 MB | 393/490 kB
2026.04.01 14:34:56 INFO  Progress (2): 0.3/6.3 MB | 393/490 kB
2026.04.01 14:34:56 INFO  Progress (2): 0.3/6.3 MB | 410/490 kB
2026.04.01 14:34:56 INFO  Progress (2): 0.3/6.3 MB | 426/490 kB
2026.04.01 14:34:56 INFO  Progress (2): 0.3/6.3 MB | 442/490 kB
2026.04.01 14:34:56 INFO  Progress (2): 0.3/6.3 MB | 459/490 kB
2026.04.01 14:34:56 INFO  Progress (2): 0.3/6.3 MB | 475/490 kB
2026.04.01 14:34:56 INFO  Progress (3): 0.3/6.3 MB | 475/490 kB | 7.7/165 kB
2026.04.01 14:34:56 INFO  Progress (3): 0.3/6.3 MB | 475/490 kB | 16/165 kB 
2026.04.01 14:34:56 INFO  Progress (3): 0.3/6.3 MB | 475/490 kB | 29/165 kB
2026.04.01 14:34:56 INFO  Progress (3): 0.3/6.3 MB | 490 kB | 29/165 kB    
2026.04.01 14:34:56 INFO                                               
2026.04.01 14:34:56 INFO  Downloaded from central: https://repo.maven.apache.org/maven2/org/scala-sbt/zinc-core_2.13/1.8.0/zinc-core_2.13-1.8.0.jar (490 kB at 1.5 MB/s)
2026.04.01 14:34:56 INFO  Downloading from central: https://repo.maven.apache.org/maven2/org/scala-lang/scala-compiler/2.13.8/scala-compiler-2.13.8.jar
2026.04.01 14:34:56 INFO  Progress (2): 0.3/6.3 MB | 45/165 kB
2026.04.01 14:34:56 INFO  Progress (2): 0.4/6.3 MB | 45/165 kB
2026.04.01 14:34:56 INFO  Progress (2): 0.4/6.3 MB | 61/165 kB
2026.04.01 14:34:56 INFO  Progress (2): 0.4/6.3 MB | 78/165 kB
2026.04.01 14:34:56 INFO  Progress (2): 0.4/6.3 MB | 78/165 kB
2026.04.01 14:34:56 INFO  Progress (3): 0.4/6.3 MB | 78/165 kB | 7.7/243 kB
2026.04.01 14:34:56 INFO  Progress (3): 0.4/6.3 MB | 78/165 kB | 7.7/243 kB
2026.04.01 14:34:56 INFO  Progress (3): 0.4/6.3 MB | 78/165 kB | 24/243 kB 
2026.04.01 14:34:56 INFO  Progress (3): 0.4/6.3 MB | 94/165 kB | 24/243 kB
2026.04.01 14:34:56 INFO  Progress (4): 0.4/6.3 MB | 94/165 kB | 24/243 kB | 7.7/89 kB
2026.04.01 14:34:56 INFO  Progress (4): 0.4/6.3 MB | 94/165 kB | 24/243 kB | 12/89 kB 
2026.04.01 14:34:56 INFO  Progress (4): 0.4/6.3 MB | 94/165 kB | 24/243 kB | 29/89 kB
2026.04.01 14:34:56 INFO  Progress (4): 0.4/6.3 MB | 111/165 kB | 24/243 kB | 29/89 kB
2026.04.01 14:34:56 INFO  Progress (4): 0.4/6.3 MB | 111/165 kB | 40/243 kB | 29/89 kB
2026.04.01 14:34:56 INFO  Progress (4): 0.4/6.3 MB | 111/165 kB | 40/243 kB | 45/89 kB
2026.04.01 14:34:56 INFO  Progress (4): 0.4/6.3 MB | 111/165 kB | 57/243 kB | 45/89 kB
2026.04.01 14:34:56 INFO  Progress (4): 0.4/6.3 MB | 127/165 kB | 57/243 kB | 45/89 kB
2026.04.01 14:34:56 INFO  Progress (4): 0.4/6.3 MB | 127/165 kB | 57/243 kB | 61/89 kB
2026.04.01 14:34:56 INFO  Progress (4): 0.4/6.3 MB | 127/165 kB | 57/243 kB | 61/89 kB
2026.04.01 14:34:56 INFO  Progress (4): 0.4/6.3 MB | 127/165 kB | 73/243 kB | 61/89 kB
2026.04.01 14:34:56 INFO  Progress (4): 0.4/6.3 MB | 127/165 kB | 73/243 kB | 78/89 kB
2026.04.01 14:34:56 INFO  Progress (4): 0.4/6.3 MB | 143/165 kB | 73/243 kB | 78/89 kB
2026.04.01 14:34:56 INFO  Progress (4): 0.4/6.3 MB | 143/165 kB | 73/243 kB | 89 kB   
2026.04.01 14:34:56 INFO                                                           
2026.04.01 14:34:56 INFO  Downloaded from central: https://repo.maven.apache.org/maven2/org/scala-sbt/zinc-classpath_2.13/1.8.0/zinc-classpath_2.13-1.8.0.jar (89 kB at 244 kB/s)
2026.04.01 14:34:56 INFO  Downloading from central: https://repo.maven.apache.org/maven2/org/scala-sbt/compiler-interface/1.8.0/compiler-interface-1.8.0.jar
2026.04.01 14:34:56 INFO  Progress (3): 0.4/6.3 MB | 143/165 kB | 90/243 kB
2026.04.01 14:34:56 INFO  Progress (3): 0.4/6.3 MB | 160/165 kB | 90/243 kB
2026.04.01 14:34:56 INFO  Progress (3): 0.4/6.3 MB | 165 kB | 90/243 kB    
2026.04.01 14:34:56 INFO                                               
2026.04.01 14:34:56 INFO  Downloaded from central: https://repo.maven.apache.org/maven2/org/scala-sbt/zinc-apiinfo_2.13/1.8.0/zinc-apiinfo_2.13-1.8.0.jar (165 kB at 446 kB/s)
2026.04.01 14:34:56 INFO  Downloading from central: https://repo.maven.apache.org/maven2/org/scala-sbt/util-interface/1.8.0/util-interface-1.8.0.jar
2026.04.01 14:34:56 INFO  Progress (2): 0.4/6.3 MB | 106/243 kB
2026.04.01 14:34:56 INFO  Progress (2): 0.4/6.3 MB | 122/243 kB
2026.04.01 14:34:56 INFO  Progress (2): 0.4/6.3 MB | 122/243 kB
2026.04.01 14:34:56 INFO  Progress (2): 0.4/6.3 MB | 139/243 kB
2026.04.01 14:34:56 INFO  Progress (2): 0.4/6.3 MB | 155/243 kB
2026.04.01 14:34:56 INFO  Progress (2): 0.4/6.3 MB | 172/243 kB
2026.04.01 14:34:56 INFO  Progress (2): 0.4/6.3 MB | 172/243 kB
2026.04.01 14:34:57 INFO  Progress (2): 0.4/6.3 MB | 172/243 kB
2026.04.01 14:34:57 INFO  Progress (2): 0.5/6.3 MB | 172/243 kB
2026.04.01 14:34:57 INFO  Progress (2): 0.5/6.3 MB | 172/243 kB
2026.04.01 14:34:57 INFO  Progress (2): 0.5/6.3 MB | 172/243 kB
2026.04.01 14:34:57 INFO  Progress (2): 0.5/6.3 MB | 172/243 kB
2026.04.01 14:34:57 INFO  Progress (2): 0.5/6.3 MB | 172/243 kB
2026.04.01 14:34:57 INFO  Progress (2): 0.5/6.3 MB | 172/243 kB
2026.04.01 14:34:57 INFO  Progress (2): 0.5/6.3 MB | 188/243 kB
2026.04.01 14:34:57 INFO  Progress (3): 0.5/6.3 MB | 188/243 kB | 0/12 MB
2026.04.01 14:34:57 INFO  Progress (3): 0.5/6.3 MB | 188/243 kB | 0/12 MB
2026.04.01 14:34:57 INFO  Progress (3): 0.5/6.3 MB | 188/243 kB | 0/12 MB
2026.04.01 14:34:57 INFO  Progress (3): 0.5/6.3 MB | 188/243 kB | 0/12 MB
2026.04.01 14:34:57 INFO  Progress (3): 0.5/6.3 MB | 188/243 kB | 0.1/12 MB
2026.04.01 14:34:57 INFO  Progress (3): 0.5/6.3 MB | 188/243 kB | 0.1/12 MB
2026.04.01 14:34:57 INFO  Progress (3): 0.5/6.3 MB | 204/243 kB | 0.1/12 MB
2026.04.01 14:34:57 INFO  Progress (3): 0.5/6.3 MB | 204/243 kB | 0.1/12 MB
2026.04.01 14:34:57 INFO  Progress (3): 0.5/6.3 MB | 204/243 kB | 0.1/12 MB
2026.04.01 14:34:57 INFO  Progress (3): 0.5/6.3 MB | 204/243 kB | 0.1/12 MB
2026.04.01 14:34:57 INFO  Progress (3): 0.5/6.3 MB | 204/243 kB | 0.1/12 MB
2026.04.01 14:34:57 INFO  Progress (3): 0.5/6.3 MB | 221/243 kB | 0.1/12 MB
2026.04.01 14:34:57 INFO  Progress (3): 0.5/6.3 MB | 221/243 kB | 0.2/12 MB
2026.04.01 14:34:57 INFO  Progress (3): 0.5/6.3 MB | 221/243 kB | 0.2/12 MB
2026.04.01 14:34:57 INFO  Progress (3): 0.5/6.3 MB | 221/243 kB | 0.2/12 MB
2026.04.01 14:34:57 INFO  Progress (3): 0.5/6.3 MB | 221/243 kB | 0.2/12 MB
2026.04.01 14:34:57 INFO  Progress (3): 0.5/6.3 MB | 221/243 kB | 0.2/12 MB
2026.04.01 14:34:57 INFO  Progress (3): 0.5/6.3 MB | 221/243 kB | 0.2/12 MB
2026.04.01 14:34:57 INFO  Progress (3): 0.5/6.3 MB | 221/243 kB | 0.3/12 MB
2026.04.01 14:34:57 INFO  Progress (3): 0.5/6.3 MB | 221/243 kB | 0.3/12 MB
2026.04.01 14:34:57 INFO  Progress (3): 0.5/6.3 MB | 221/243 kB | 0.3/12 MB
2026.04.01 14:34:57 INFO  Progress (3): 0.6/6.3 MB | 221/243 kB | 0.3/12 MB
2026.04.01 14:34:57 INFO  Progress (3): 0.6/6.3 MB | 237/243 kB | 0.3/12 MB
2026.04.01 14:34:57 INFO  Progress (3): 0.6/6.3 MB | 243 kB | 0.3/12 MB    
2026.04.01 14:34:57 INFO                                               
2026.04.01 14:34:57 INFO  Downloaded from central: https://repo.maven.apache.org/maven2/org/scala-sbt/compiler-bridge_2.13/1.8.0/compiler-bridge_2.13-1.8.0.jar (243 kB at 531 kB/s)
2026.04.01 14:34:57 INFO  Downloading from central: https://repo.maven.apache.org/maven2/org/scala-sbt/zinc-persist-core-assembly/1.8.0/zinc-persist-core-assembly-1.8.0.jar
2026.04.01 14:34:57 INFO  Progress (2): 0.6/6.3 MB | 0.3/12 MB
2026.04.01 14:34:57 INFO  Progress (3): 0.6/6.3 MB | 0.3/12 MB | 4.1/112 kB
2026.04.01 14:34:57 INFO  Progress (3): 0.6/6.3 MB | 0.3/12 MB | 20/112 kB 
2026.04.01 14:34:57 INFO  Progress (4): 0.6/6.3 MB | 0.3/12 MB | 20/112 kB | 3.3 kB
2026.04.01 14:34:57 INFO  Progress (4): 0.6/6.3 MB | 0.3/12 MB | 20/112 kB | 3.3 kB
2026.04.01 14:34:57 INFO                                                           
2026.04.01 14:34:57 INFO  Downloaded from central: https://repo.maven.apache.org/maven2/org/scala-sbt/util-interface/1.8.0/util-interface-1.8.0.jar (3.3 kB at 7.2 kB/s)
2026.04.01 14:34:57 INFO  Downloading from central: https://repo.maven.apache.org/maven2/org/scala-lang/modules/scala-parallel-collections_2.13/0.2.0/scala-parallel-collections_2.13-0.2.0.jar
2026.04.01 14:34:57 INFO  Progress (3): 0.6/6.3 MB | 0.3/12 MB | 37/112 kB
2026.04.01 14:34:57 INFO  Progress (3): 0.6/6.3 MB | 0.3/12 MB | 53/112 kB
2026.04.01 14:34:57 INFO  Progress (3): 0.6/6.3 MB | 0.3/12 MB | 70/112 kB
2026.04.01 14:34:57 INFO  Progress (3): 0.6/6.3 MB | 0.3/12 MB | 86/112 kB
2026.04.01 14:34:57 INFO  Progress (3): 0.6/6.3 MB | 0.3/12 MB | 86/112 kB
2026.04.01 14:34:57 INFO  Progress (3): 0.6/6.3 MB | 0.3/12 MB | 102/112 kB
2026.04.01 14:34:57 INFO  Progress (3): 0.6/6.3 MB | 0.3/12 MB | 112 kB    
2026.04.01 14:34:57 INFO  Progress (3): 0.6/6.3 MB | 0.3/12 MB | 112 kB
2026.04.01 14:34:57 INFO                                               
2026.04.01 14:34:57 INFO  Downloaded from central: https://repo.maven.apache.org/maven2/org/scala-sbt/compiler-interface/1.8.0/compiler-interface-1.8.0.jar (112 kB at 233 kB/s)
2026.04.01 14:34:57 INFO  Downloading from central: https://repo.maven.apache.org/maven2/org/scala-sbt/io_2.13/1.8.0/io_2.13-1.8.0.jar
2026.04.01 14:34:57 INFO  Progress (2): 0.6/6.3 MB | 0.3/12 MB
2026.04.01 14:34:57 INFO  Progress (2): 0.7/6.3 MB | 0.3/12 MB
2026.04.01 14:34:57 INFO  Progress (2): 0.7/6.3 MB | 0.3/12 MB
2026.04.01 14:34:57 INFO  Progress (2): 0.7/6.3 MB | 0.3/12 MB
2026.04.01 14:34:57 INFO  Progress (2): 0.7/6.3 MB | 0.3/12 MB
2026.04.01 14:34:57 INFO  Progress (2): 0.7/6.3 MB | 0.3/12 MB
2026.04.01 14:34:57 INFO  Progress (2): 0.7/6.3 MB | 0.3/12 MB
2026.04.01 14:34:57 INFO  Progress (2): 0.7/6.3 MB | 0.3/12 MB
2026.04.01 14:34:57 INFO  Progress (2): 0.7/6.3 MB | 0.4/12 MB
2026.04.01 14:34:57 INFO  Progress (2): 0.7/6.3 MB | 0.4/12 MB
2026.04.01 14:34:57 INFO  Progress (2): 0.7/6.3 MB | 0.4/12 MB
2026.04.01 14:34:57 INFO  Progress (2): 0.7/6.3 MB | 0.4/12 MB
2026.04.01 14:34:57 INFO  Progress (2): 0.7/6.3 MB | 0.4/12 MB
2026.04.01 14:34:57 INFO  Progress (2): 0.7/6.3 MB | 0.4/12 MB
2026.04.01 14:34:57 INFO  Progress (2): 0.7/6.3 MB | 0.4/12 MB
2026.04.01 14:34:57 INFO  Progress (2): 0.7/6.3 MB | 0.5/12 MB
2026.04.01 14:34:57 INFO  Progress (2): 0.7/6.3 MB | 0.5/12 MB
2026.04.01 14:34:57 INFO  Progress (2): 0.7/6.3 MB | 0.5/12 MB
2026.04.01 14:34:57 INFO  Progress (2): 0.7/6.3 MB | 0.5/12 MB
2026.04.01 14:34:57 INFO  Progress (2): 0.7/6.3 MB | 0.5/12 MB
2026.04.01 14:34:57 INFO  Progress (2): 0.7/6.3 MB | 0.5/12 MB
2026.04.01 14:34:57 INFO  Progress (2): 0.7/6.3 MB | 0.6/12 MB
2026.04.01 14:34:57 INFO  Progress (2): 0.7/6.3 MB | 0.6/12 MB
2026.04.01 14:34:57 INFO  Progress (2): 0.7/6.3 MB | 0.6/12 MB
2026.04.01 14:34:57 INFO  Progress (2): 0.7/6.3 MB | 0.6/12 MB
2026.04.01 14:34:57 INFO  Progress (2): 0.7/6.3 MB | 0.6/12 MB
2026.04.01 14:34:57 INFO  Progress (2): 0.7/6.3 MB | 0.6/12 MB
2026.04.01 14:34:57 INFO  Progress (3): 0.7/6.3 MB | 0.6/12 MB | 0/2.6 MB
2026.04.01 14:34:57 INFO  Progress (3): 0.7/6.3 MB | 0.6/12 MB | 0/2.6 MB
2026.04.01 14:34:57 INFO  Progress (3): 0.7/6.3 MB | 0.6/12 MB | 0/2.6 MB
2026.04.01 14:34:57 INFO  Progress (3): 0.7/6.3 MB | 0.6/12 MB | 0.1/2.6 MB
2026.04.01 14:34:57 INFO  Progress (4): 0.7/6.3 MB | 0.6/12 MB | 0.1/2.6 MB | 0/1.1 MB
2026.04.01 14:34:57 INFO  Progress (4): 0.7/6.3 MB | 0.6/12 MB | 0.1/2.6 MB | 0/1.1 MB
2026.04.01 14:34:57 INFO  Progress (4): 0.7/6.3 MB | 0.6/12 MB | 0.1/2.6 MB | 0/1.1 MB
2026.04.01 14:34:57 INFO  Progress (4): 0.8/6.3 MB | 0.6/12 MB | 0.1/2.6 MB | 0/1.1 MB
2026.04.01 14:34:57 INFO  Progress (4): 0.8/6.3 MB | 0.6/12 MB | 0.1/2.6 MB | 0/1.1 MB
2026.04.01 14:34:57 INFO  Progress (4): 0.8/6.3 MB | 0.6/12 MB | 0.1/2.6 MB | 0/1.1 MB
2026.04.01 14:34:57 INFO  Progress (4): 0.8/6.3 MB | 0.6/12 MB | 0.1/2.6 MB | 0/1.1 MB
2026.04.01 14:34:57 INFO  Progress (4): 0.8/6.3 MB | 0.6/12 MB | 0.1/2.6 MB | 0/1.1 MB
2026.04.01 14:34:57 INFO  Progress (4): 0.8/6.3 MB | 0.6/12 MB | 0.1/2.6 MB | 0.1/1.1 MB
2026.04.01 14:34:57 INFO  Progress (4): 0.8/6.3 MB | 0.6/12 MB | 0.1/2.6 MB | 0.1/1.1 MB
2026.04.01 14:34:57 INFO  Progress (4): 0.8/6.3 MB | 0.6/12 MB | 0.1/2.6 MB | 0.1/1.1 MB
2026.04.01 14:34:57 INFO  Progress (4): 0.8/6.3 MB | 0.6/12 MB | 0.1/2.6 MB | 0.1/1.1 MB
2026.04.01 14:34:57 INFO  Progress (4): 0.8/6.3 MB | 0.6/12 MB | 0.1/2.6 MB | 0.1/1.1 MB
2026.04.01 14:34:57 INFO  Progress (4): 0.8/6.3 MB | 0.6/12 MB | 0.1/2.6 MB | 0.1/1.1 MB
2026.04.01 14:34:57 INFO  Progress (4): 0.8/6.3 MB | 0.6/12 MB | 0.2/2.6 MB | 0.1/1.1 MB
2026.04.01 14:34:57 INFO  Progress (4): 0.8/6.3 MB | 0.6/12 MB | 0.2/2.6 MB | 0.1/1.1 MB
2026.04.01 14:34:57 INFO  Progress (4): 0.8/6.3 MB | 0.6/12 MB | 0.2/2.6 MB | 0.1/1.1 MB
2026.04.01 14:34:57 INFO  Progress (4): 0.8/6.3 MB | 0.6/12 MB | 0.2/2.6 MB | 0.1/1.1 MB
2026.04.01 14:34:57 INFO  Progress (4): 0.8/6.3 MB | 0.6/12 MB | 0.2/2.6 MB | 0.1/1.1 MB
2026.04.01 14:34:57 INFO  Progress (4): 0.8/6.3 MB | 0.6/12 MB | 0.2/2.6 MB | 0.1/1.1 MB
2026.04.01 14:34:57 INFO  Progress (4): 0.8/6.3 MB | 0.6/12 MB | 0.2/2.6 MB | 0.1/1.1 MB
2026.04.01 14:34:57 INFO  Progress (4): 0.8/6.3 MB | 0.7/12 MB | 0.2/2.6 MB | 0.1/1.1 MB
2026.04.01 14:34:57 INFO  Progress (4): 0.8/6.3 MB | 0.7/12 MB | 0.2/2.6 MB | 0.2/1.1 MB
2026.04.01 14:34:57 INFO  Progress (4): 0.8/6.3 MB | 0.7/12 MB | 0.2/2.6 MB | 0.2/1.1 MB
2026.04.01 14:34:57 INFO  Progress (5): 0.8/6.3 MB | 0.7/12 MB | 0.2/2.6 MB | 0.2/1.1 MB | 7.7/636 kB
2026.04.01 14:34:57 INFO  Progress (5): 0.8/6.3 MB | 0.7/12 MB | 0.2/2.6 MB | 0.2/1.1 MB | 16/636 kB 
2026.04.01 14:34:57 INFO  Progress (5): 0.8/6.3 MB | 0.7/12 MB | 0.2/2.6 MB | 0.2/1.1 MB | 24/636 kB
2026.04.01 14:34:57 INFO  Progress (5): 0.8/6.3 MB | 0.7/12 MB | 0.2/2.6 MB | 0.2/1.1 MB | 24/636 kB
2026.04.01 14:34:57 INFO  Progress (5): 0.8/6.3 MB | 0.7/12 MB | 0.2/2.6 MB | 0.2/1.1 MB | 40/636 kB
2026.04.01 14:34:57 INFO  Progress (5): 0.8/6.3 MB | 0.7/12 MB | 0.2/2.6 MB | 0.2/1.1 MB | 57/636 kB
2026.04.01 14:34:57 INFO  Progress (5): 0.8/6.3 MB | 0.7/12 MB | 0.2/2.6 MB | 0.2/1.1 MB | 57/636 kB
2026.04.01 14:34:57 INFO  Progress (5): 0.8/6.3 MB | 0.7/12 MB | 0.2/2.6 MB | 0.2/1.1 MB | 73/636 kB
2026.04.01 14:34:57 INFO  Progress (5): 0.8/6.3 MB | 0.7/12 MB | 0.2/2.6 MB | 0.2/1.1 MB | 90/636 kB
2026.04.01 14:34:57 INFO  Progress (5): 0.8/6.3 MB | 0.7/12 MB | 0.2/2.6 MB | 0.2/1.1 MB | 106/636 kB
2026.04.01 14:34:57 INFO  Progress (5): 0.8/6.3 MB | 0.7/12 MB | 0.2/2.6 MB | 0.2/1.1 MB | 122/636 kB
2026.04.01 14:34:57 INFO  Progress (5): 0.8/6.3 MB | 0.7/12 MB | 0.2/2.6 MB | 0.2/1.1 MB | 139/636 kB
2026.04.01 14:34:57 INFO  Progress (5): 0.8/6.3 MB | 0.7/12 MB | 0.2/2.6 MB | 0.2/1.1 MB | 155/636 kB
2026.04.01 14:34:57 INFO  Progress (5): 0.8/6.3 MB | 0.7/12 MB | 0.2/2.6 MB | 0.2/1.1 MB | 155/636 kB
2026.04.01 14:34:57 INFO  Progress (5): 0.8/6.3 MB | 0.7/12 MB | 0.2/2.6 MB | 0.2/1.1 MB | 172/636 kB
2026.04.01 14:34:57 INFO  Progress (5): 0.8/6.3 MB | 0.7/12 MB | 0.2/2.6 MB | 0.2/1.1 MB | 172/636 kB
2026.04.01 14:34:57 INFO  Progress (5): 0.8/6.3 MB | 0.7/12 MB | 0.2/2.6 MB | 0.2/1.1 MB | 188/636 kB
2026.04.01 14:34:57 INFO  Progress (5): 0.8/6.3 MB | 0.7/12 MB | 0.2/2.6 MB | 0.2/1.1 MB | 188/636 kB
2026.04.01 14:34:57 INFO  Progress (5): 0.8/6.3 MB | 0.7/12 MB | 0.2/2.6 MB | 0.2/1.1 MB | 188/636 kB
2026.04.01 14:34:57 INFO  Progress (5): 0.8/6.3 MB | 0.7/12 MB | 0.2/2.6 MB | 0.2/1.1 MB | 204/636 kB
2026.04.01 14:34:57 INFO  Progress (5): 0.8/6.3 MB | 0.7/12 MB | 0.2/2.6 MB | 0.2/1.1 MB | 221/636 kB
2026.04.01 14:34:57 INFO  Progress (5): 0.8/6.3 MB | 0.7/12 MB | 0.2/2.6 MB | 0.2/1.1 MB | 237/636 kB
2026.04.01 14:34:57 INFO  Progress (5): 0.8/6.3 MB | 0.8/12 MB | 0.2/2.6 MB | 0.2/1.1 MB | 237/636 kB
2026.04.01 14:34:57 INFO  Progress (5): 0.8/6.3 MB | 0.8/12 MB | 0.2/2.6 MB | 0.2/1.1 MB | 237/636 kB
2026.04.01 14:34:57 INFO  Progress (5): 0.8/6.3 MB | 0.8/12 MB | 0.2/2.6 MB | 0.2/1.1 MB | 253/636 kB
2026.04.01 14:34:57 INFO  Progress (5): 0.8/6.3 MB | 0.8/12 MB | 0.2/2.6 MB | 0.2/1.1 MB | 270/636 kB
2026.04.01 14:34:57 INFO  Progress (5): 0.8/6.3 MB | 0.8/12 MB | 0.2/2.6 MB | 0.2/1.1 MB | 270/636 kB
2026.04.01 14:34:57 INFO  Progress (5): 0.8/6.3 MB | 0.8/12 MB | 0.2/2.6 MB | 0.2/1.1 MB | 286/636 kB
2026.04.01 14:34:57 INFO  Progress (5): 0.8/6.3 MB | 0.8/12 MB | 0.2/2.6 MB | 0.2/1.1 MB | 303/636 kB
2026.04.01 14:34:57 INFO  Progress (5): 0.8/6.3 MB | 0.8/12 MB | 0.2/2.6 MB | 0.2/1.1 MB | 303/636 kB
2026.04.01 14:34:57 INFO  Progress (5): 0.8/6.3 MB | 0.8/12 MB | 0.2/2.6 MB | 0.2/1.1 MB | 319/636 kB
2026.04.01 14:34:57 INFO  Progress (5): 0.8/6.3 MB | 0.8/12 MB | 0.2/2.6 MB | 0.2/1.1 MB | 319/636 kB
2026.04.01 14:34:57 INFO  Progress (5): 0.8/6.3 MB | 0.8/12 MB | 0.2/2.6 MB | 0.2/1.1 MB | 335/636 kB
2026.04.01 14:34:57 INFO  Progress (5): 0.8/6.3 MB | 0.8/12 MB | 0.2/2.6 MB | 0.2/1.1 MB | 352/636 kB
2026.04.01 14:34:57 INFO  Progress (5): 0.8/6.3 MB | 0.8/12 MB | 0.2/2.6 MB | 0.2/1.1 MB | 368/636 kB
2026.04.01 14:34:57 INFO  Progress (5): 0.8/6.3 MB | 0.8/12 MB | 0.2/2.6 MB | 0.2/1.1 MB | 385/636 kB
2026.04.01 14:34:57 INFO  Progress (5): 0.8/6.3 MB | 0.8/12 MB | 0.2/2.6 MB | 0.2/1.1 MB | 385/636 kB
2026.04.01 14:34:57 INFO  Progress (5): 0.8/6.3 MB | 0.8/12 MB | 0.2/2.6 MB | 0.2/1.1 MB | 401/636 kB
2026.04.01 14:34:57 INFO  Progress (5): 0.8/6.3 MB | 0.8/12 MB | 0.2/2.6 MB | 0.2/1.1 MB | 401/636 kB
2026.04.01 14:34:57 INFO  Progress (5): 0.8/6.3 MB | 0.8/12 MB | 0.2/2.6 MB | 0.2/1.1 MB | 401/636 kB
2026.04.01 14:34:57 INFO  Progress (5): 0.8/6.3 MB | 0.8/12 MB | 0.2/2.6 MB | 0.2/1.1 MB | 417/636 kB
2026.04.01 14:34:57 INFO  Progress (5): 0.8/6.3 MB | 0.8/12 MB | 0.2/2.6 MB | 0.2/1.1 MB | 434/636 kB
2026.04.01 14:34:57 INFO  Progress (5): 0.8/6.3 MB | 0.8/12 MB | 0.2/2.6 MB | 0.2/1.1 MB | 450/636 kB
2026.04.01 14:34:57 INFO  Progress (5): 0.8/6.3 MB | 0.8/12 MB | 0.2/2.6 MB | 0.2/1.1 MB | 466/636 kB
2026.04.01 14:34:57 INFO  Progress (5): 0.8/6.3 MB | 0.8/12 MB | 0.2/2.6 MB | 0.2/1.1 MB | 483/636 kB
2026.04.01 14:34:57 INFO  Progress (5): 0.8/6.3 MB | 0.8/12 MB | 0.2/2.6 MB | 0.2/1.1 MB | 483/636 kB
2026.04.01 14:34:57 INFO  Progress (5): 0.8/6.3 MB | 0.8/12 MB | 0.2/2.6 MB | 0.2/1.1 MB | 499/636 kB
2026.04.01 14:34:57 INFO  Progress (5): 0.8/6.3 MB | 0.8/12 MB | 0.2/2.6 MB | 0.2/1.1 MB | 516/636 kB
2026.04.01 14:34:57 INFO  Progress (5): 0.8/6.3 MB | 0.8/12 MB | 0.2/2.6 MB | 0.2/1.1 MB | 532/636 kB
2026.04.01 14:34:57 INFO  Progress (5): 0.8/6.3 MB | 0.9/12 MB | 0.2/2.6 MB | 0.2/1.1 MB | 532/636 kB
2026.04.01 14:34:57 INFO  Progress (5): 0.8/6.3 MB | 0.9/12 MB | 0.2/2.6 MB | 0.2/1.1 MB | 548/636 kB
2026.04.01 14:34:57 INFO  Progress (5): 0.8/6.3 MB | 0.9/12 MB | 0.2/2.6 MB | 0.2/1.1 MB | 548/636 kB
2026.04.01 14:34:57 INFO  Progress (5): 0.8/6.3 MB | 0.9/12 MB | 0.2/2.6 MB | 0.2/1.1 MB | 565/636 kB
2026.04.01 14:34:57 INFO  Progress (5): 0.8/6.3 MB | 0.9/12 MB | 0.2/2.6 MB | 0.2/1.1 MB | 565/636 kB
2026.04.01 14:34:57 INFO  Progress (5): 0.8/6.3 MB | 0.9/12 MB | 0.2/2.6 MB | 0.2/1.1 MB | 565/636 kB
2026.04.01 14:34:57 INFO  Progress (5): 0.8/6.3 MB | 0.9/12 MB | 0.2/2.6 MB | 0.2/1.1 MB | 565/636 kB
2026.04.01 14:34:57 INFO  Progress (5): 0.8/6.3 MB | 0.9/12 MB | 0.2/2.6 MB | 0.2/1.1 MB | 581/636 kB
2026.04.01 14:34:57 INFO  Progress (5): 0.8/6.3 MB | 0.9/12 MB | 0.2/2.6 MB | 0.2/1.1 MB | 598/636 kB
2026.04.01 14:34:57 INFO  Progress (5): 0.8/6.3 MB | 0.9/12 MB | 0.2/2.6 MB | 0.2/1.1 MB | 614/636 kB
2026.04.01 14:34:57 INFO  Progress (5): 0.8/6.3 MB | 0.9/12 MB | 0.2/2.6 MB | 0.2/1.1 MB | 630/636 kB
2026.04.01 14:34:57 INFO  Progress (5): 0.8/6.3 MB | 0.9/12 MB | 0.2/2.6 MB | 0.2/1.1 MB | 636 kB    
2026.04.01 14:34:57 INFO  Progress (5): 0.9/6.3 MB | 0.9/12 MB | 0.2/2.6 MB | 0.2/1.1 MB | 636 kB
2026.04.01 14:34:57 INFO                                                                         
2026.04.01 14:34:57 INFO  Downloaded from central: https://repo.maven.apache.org/maven2/org/scala-sbt/io_2.13/1.8.0/io_2.13-1.8.0.jar (636 kB at 843 kB/s)
2026.04.01 14:34:57 INFO  Downloading from central: https://repo.maven.apache.org/maven2/com/swoval/file-tree-views/2.1.9/file-tree-views-2.1.9.jar
2026.04.01 14:34:57 INFO  Progress (4): 0.9/6.3 MB | 0.9/12 MB | 0.2/2.6 MB | 0.2/1.1 MB
2026.04.01 14:34:57 INFO  Progress (4): 0.9/6.3 MB | 0.9/12 MB | 0.2/2.6 MB | 0.2/1.1 MB
2026.04.01 14:34:57 INFO  Progress (4): 0.9/6.3 MB | 0.9/12 MB | 0.2/2.6 MB | 0.2/1.1 MB
2026.04.01 14:34:57 INFO  Progress (4): 0.9/6.3 MB | 0.9/12 MB | 0.2/2.6 MB | 0.2/1.1 MB
2026.04.01 14:34:57 INFO  Progress (4): 0.9/6.3 MB | 0.9/12 MB | 0.2/2.6 MB | 0.2/1.1 MB
2026.04.01 14:34:57 INFO  Progress (4): 0.9/6.3 MB | 0.9/12 MB | 0.2/2.6 MB | 0.2/1.1 MB
2026.04.01 14:34:57 INFO  Progress (4): 0.9/6.3 MB | 0.9/12 MB | 0.2/2.6 MB | 0.2/1.1 MB
2026.04.01 14:34:57 INFO  Progress (4): 0.9/6.3 MB | 0.9/12 MB | 0.2/2.6 MB | 0.2/1.1 MB
2026.04.01 14:34:57 INFO  Progress (4): 0.9/6.3 MB | 0.9/12 MB | 0.3/2.6 MB | 0.2/1.1 MB
2026.04.01 14:34:57 INFO  Progress (4): 0.9/6.3 MB | 0.9/12 MB | 0.3/2.6 MB | 0.2/1.1 MB
2026.04.01 14:34:57 INFO  Progress (4): 0.9/6.3 MB | 0.9/12 MB | 0.3/2.6 MB | 0.2/1.1 MB
2026.04.01 14:34:57 INFO  Progress (4): 0.9/6.3 MB | 0.9/12 MB | 0.3/2.6 MB | 0.2/1.1 MB
2026.04.01 14:34:57 INFO  Progress (4): 0.9/6.3 MB | 0.9/12 MB | 0.3/2.6 MB | 0.2/1.1 MB
2026.04.01 14:34:57 INFO  Progress (4): 0.9/6.3 MB | 0.9/12 MB | 0.3/2.6 MB | 0.2/1.1 MB
2026.04.01 14:34:57 INFO  Progress (4): 0.9/6.3 MB | 0.9/12 MB | 0.3/2.6 MB | 0.2/1.1 MB
2026.04.01 14:34:57 INFO  Progress (4): 0.9/6.3 MB | 0.9/12 MB | 0.3/2.6 MB | 0.2/1.1 MB
2026.04.01 14:34:57 INFO  Progress (4): 0.9/6.3 MB | 0.9/12 MB | 0.3/2.6 MB | 0.3/1.1 MB
2026.04.01 14:34:57 INFO  Progress (4): 0.9/6.3 MB | 0.9/12 MB | 0.3/2.6 MB | 0.3/1.1 MB
2026.04.01 14:34:57 INFO  Progress (4): 0.9/6.3 MB | 0.9/12 MB | 0.3/2.6 MB | 0.3/1.1 MB
2026.04.01 14:34:57 INFO  Progress (4): 0.9/6.3 MB | 0.9/12 MB | 0.3/2.6 MB | 0.3/1.1 MB
2026.04.01 14:34:57 INFO  Progress (4): 1.0/6.3 MB | 0.9/12 MB | 0.3/2.6 MB | 0.3/1.1 MB
2026.04.01 14:34:57 INFO  Progress (4): 1.0/6.3 MB | 0.9/12 MB | 0.3/2.6 MB | 0.3/1.1 MB
2026.04.01 14:34:57 INFO  Progress (4): 1.0/6.3 MB | 0.9/12 MB | 0.3/2.6 MB | 0.3/1.1 MB
2026.04.01 14:34:57 INFO  Progress (4): 1.0/6.3 MB | 0.9/12 MB | 0.3/2.6 MB | 0.3/1.1 MB
2026.04.01 14:34:57 INFO  Progress (4): 1.0/6.3 MB | 0.9/12 MB | 0.3/2.6 MB | 0.3/1.1 MB
2026.04.01 14:34:57 INFO  Progress (4): 1.0/6.3 MB | 0.9/12 MB | 0.4/2.6 MB | 0.3/1.1 MB
2026.04.01 14:34:57 INFO  Progress (4): 1.0/6.3 MB | 0.9/12 MB | 0.4/2.6 MB | 0.3/1.1 MB
2026.04.01 14:34:57 INFO  Progress (4): 1.0/6.3 MB | 0.9/12 MB | 0.4/2.6 MB | 0.3/1.1 MB
2026.04.01 14:34:57 INFO  Progress (4): 1.0/6.3 MB | 0.9/12 MB | 0.4/2.6 MB | 0.3/1.1 MB
2026.04.01 14:34:57 INFO  Progress (4): 1.0/6.3 MB | 1.0/12 MB | 0.4/2.6 MB | 0.3/1.1 MB
2026.04.01 14:34:57 INFO  Progress (4): 1.0/6.3 MB | 1.0/12 MB | 0.4/2.6 MB | 0.3/1.1 MB
2026.04.01 14:34:57 INFO  Progress (4): 1.0/6.3 MB | 1.0/12 MB | 0.4/2.6 MB | 0.3/1.1 MB
2026.04.01 14:34:57 INFO  Progress (4): 1.0/6.3 MB | 1.0/12 MB | 0.4/2.6 MB | 0.3/1.1 MB
2026.04.01 14:34:57 INFO  Progress (4): 1.0/6.3 MB | 1.0/12 MB | 0.4/2.6 MB | 0.3/1.1 MB
2026.04.01 14:34:57 INFO  Progress (4): 1.0/6.3 MB | 1.0/12 MB | 0.4/2.6 MB | 0.3/1.1 MB
2026.04.01 14:34:57 INFO  Progress (4): 1.0/6.3 MB | 1.0/12 MB | 0.4/2.6 MB | 0.3/1.1 MB
2026.04.01 14:34:57 INFO  Progress (4): 1.0/6.3 MB | 1.1/12 MB | 0.4/2.6 MB | 0.3/1.1 MB
2026.04.01 14:34:57 INFO  Progress (4): 1.0/6.3 MB | 1.1/12 MB | 0.4/2.6 MB | 0.3/1.1 MB
2026.04.01 14:34:57 INFO  Progress (4): 1.0/6.3 MB | 1.1/12 MB | 0.4/2.6 MB | 0.3/1.1 MB
2026.04.01 14:34:57 INFO  Progress (4): 1.0/6.3 MB | 1.1/12 MB | 0.4/2.6 MB | 0.3/1.1 MB
2026.04.01 14:34:57 INFO  Progress (4): 1.0/6.3 MB | 1.1/12 MB | 0.4/2.6 MB | 0.3/1.1 MB
2026.04.01 14:34:57 INFO  Progress (4): 1.0/6.3 MB | 1.1/12 MB | 0.4/2.6 MB | 0.3/1.1 MB
2026.04.01 14:34:57 INFO  Progress (4): 1.0/6.3 MB | 1.1/12 MB | 0.4/2.6 MB | 0.3/1.1 MB
2026.04.01 14:34:57 INFO  Progress (4): 1.0/6.3 MB | 1.2/12 MB | 0.4/2.6 MB | 0.3/1.1 MB
2026.04.01 14:34:57 INFO  Progress (4): 1.0/6.3 MB | 1.2/12 MB | 0.4/2.6 MB | 0.3/1.1 MB
2026.04.01 14:34:57 INFO  Progress (4): 1.0/6.3 MB | 1.2/12 MB | 0.4/2.6 MB | 0.3/1.1 MB
2026.04.01 14:34:57 INFO  Progress (4): 1.0/6.3 MB | 1.2/12 MB | 0.4/2.6 MB | 0.3/1.1 MB
2026.04.01 14:34:57 INFO  Progress (4): 1.0/6.3 MB | 1.2/12 MB | 0.4/2.6 MB | 0.3/1.1 MB
2026.04.01 14:34:57 INFO  Progress (4): 1.0/6.3 MB | 1.2/12 MB | 0.4/2.6 MB | 0.3/1.1 MB
2026.04.01 14:34:57 INFO  Progress (4): 1.0/6.3 MB | 1.2/12 MB | 0.4/2.6 MB | 0.3/1.1 MB
2026.04.01 14:34:57 INFO  Progress (4): 1.0/6.3 MB | 1.2/12 MB | 0.4/2.6 MB | 0.3/1.1 MB
2026.04.01 14:34:57 INFO  Progress (4): 1.0/6.3 MB | 1.2/12 MB | 0.4/2.6 MB | 0.3/1.1 MB
2026.04.01 14:34:57 INFO  Progress (4): 1.0/6.3 MB | 1.2/12 MB | 0.4/2.6 MB | 0.3/1.1 MB
2026.04.01 14:34:57 INFO  Progress (4): 1.0/6.3 MB | 1.2/12 MB | 0.4/2.6 MB | 0.3/1.1 MB
2026.04.01 14:34:57 INFO  Progress (4): 1.1/6.3 MB | 1.2/12 MB | 0.4/2.6 MB | 0.3/1.1 MB
2026.04.01 14:34:57 INFO  Progress (4): 1.1/6.3 MB | 1.2/12 MB | 0.4/2.6 MB | 0.3/1.1 MB
2026.04.01 14:34:57 INFO  Progress (4): 1.1/6.3 MB | 1.2/12 MB | 0.4/2.6 MB | 0.4/1.1 MB
2026.04.01 14:34:57 INFO  Progress (4): 1.1/6.3 MB | 1.2/12 MB | 0.4/2.6 MB | 0.4/1.1 MB
2026.04.01 14:34:57 INFO  Progress (4): 1.1/6.3 MB | 1.2/12 MB | 0.4/2.6 MB | 0.4/1.1 MB
2026.04.01 14:34:57 INFO  Progress (5): 1.1/6.3 MB | 1.2/12 MB | 0.4/2.6 MB | 0.4/1.1 MB | 7.7/229 kB
2026.04.01 14:34:57 INFO  Progress (5): 1.1/6.3 MB | 1.2/12 MB | 0.4/2.6 MB | 0.4/1.1 MB | 16/229 kB 
2026.04.01 14:34:57 INFO  Progress (5): 1.1/6.3 MB | 1.2/12 MB | 0.4/2.6 MB | 0.4/1.1 MB | 16/229 kB
2026.04.01 14:34:57 INFO  Progress (5): 1.1/6.3 MB | 1.2/12 MB | 0.4/2.6 MB | 0.4/1.1 MB | 32/229 kB
2026.04.01 14:34:57 INFO  Progress (5): 1.1/6.3 MB | 1.2/12 MB | 0.4/2.6 MB | 0.4/1.1 MB | 49/229 kB
2026.04.01 14:34:57 INFO  Progress (5): 1.1/6.3 MB | 1.2/12 MB | 0.4/2.6 MB | 0.4/1.1 MB | 57/229 kB
2026.04.01 14:34:57 INFO  Progress (5): 1.1/6.3 MB | 1.2/12 MB | 0.4/2.6 MB | 0.4/1.1 MB | 74/229 kB
2026.04.01 14:34:57 INFO  Progress (5): 1.1/6.3 MB | 1.2/12 MB | 0.4/2.6 MB | 0.4/1.1 MB | 74/229 kB
2026.04.01 14:34:57 INFO  Progress (5): 1.1/6.3 MB | 1.2/12 MB | 0.4/2.6 MB | 0.4/1.1 MB | 74/229 kB
2026.04.01 14:34:57 INFO  Progress (5): 1.1/6.3 MB | 1.2/12 MB | 0.4/2.6 MB | 0.4/1.1 MB | 90/229 kB
2026.04.01 14:34:57 INFO  Progress (5): 1.1/6.3 MB | 1.2/12 MB | 0.5/2.6 MB | 0.4/1.1 MB | 90/229 kB
2026.04.01 14:34:57 INFO  Progress (5): 1.1/6.3 MB | 1.2/12 MB | 0.5/2.6 MB | 0.4/1.1 MB | 90/229 kB
2026.04.01 14:34:57 INFO  Progress (5): 1.1/6.3 MB | 1.2/12 MB | 0.5/2.6 MB | 0.4/1.1 MB | 106/229 kB
2026.04.01 14:34:57 INFO  Progress (5): 1.1/6.3 MB | 1.2/12 MB | 0.5/2.6 MB | 0.4/1.1 MB | 123/229 kB
2026.04.01 14:34:57 INFO  Progress (5): 1.1/6.3 MB | 1.2/12 MB | 0.5/2.6 MB | 0.4/1.1 MB | 139/229 kB
2026.04.01 14:34:57 INFO  Progress (5): 1.1/6.3 MB | 1.2/12 MB | 0.5/2.6 MB | 0.4/1.1 MB | 139/229 kB
2026.04.01 14:34:57 INFO  Progress (5): 1.1/6.3 MB | 1.2/12 MB | 0.5/2.6 MB | 0.4/1.1 MB | 156/229 kB
2026.04.01 14:34:57 INFO  Progress (5): 1.1/6.3 MB | 1.2/12 MB | 0.5/2.6 MB | 0.4/1.1 MB | 172/229 kB
2026.04.01 14:34:57 INFO  Progress (5): 1.1/6.3 MB | 1.2/12 MB | 0.5/2.6 MB | 0.4/1.1 MB | 172/229 kB
2026.04.01 14:34:57 INFO  Progress (5): 1.1/6.3 MB | 1.2/12 MB | 0.5/2.6 MB | 0.4/1.1 MB | 188/229 kB
2026.04.01 14:34:57 INFO  Progress (5): 1.1/6.3 MB | 1.2/12 MB | 0.5/2.6 MB | 0.4/1.1 MB | 188/229 kB
2026.04.01 14:34:57 INFO  Progress (5): 1.1/6.3 MB | 1.2/12 MB | 0.5/2.6 MB | 0.4/1.1 MB | 205/229 kB
2026.04.01 14:34:57 INFO  Progress (5): 1.1/6.3 MB | 1.2/12 MB | 0.5/2.6 MB | 0.4/1.1 MB | 221/229 kB
2026.04.01 14:34:57 INFO  Progress (5): 1.1/6.3 MB | 1.2/12 MB | 0.5/2.6 MB | 0.4/1.1 MB | 229 kB    
2026.04.01 14:34:57 INFO  Progress (5): 1.1/6.3 MB | 1.2/12 MB | 0.5/2.6 MB | 0.4/1.1 MB | 229 kB
2026.04.01 14:34:57 INFO                                                                         
2026.04.01 14:34:57 INFO  Downloaded from central: https://repo.maven.apache.org/maven2/com/swoval/file-tree-views/2.1.9/file-tree-views-2.1.9.jar (229 kB at 242 kB/s)
2026.04.01 14:34:57 INFO  Downloading from central: https://repo.maven.apache.org/maven2/net/java/dev/jna/jna/5.12.0/jna-5.12.0.jar
2026.04.01 14:34:57 INFO  Progress (4): 1.1/6.3 MB | 1.2/12 MB | 0.5/2.6 MB | 0.4/1.1 MB
2026.04.01 14:34:57 INFO  Progress (4): 1.1/6.3 MB | 1.2/12 MB | 0.5/2.6 MB | 0.4/1.1 MB
2026.04.01 14:34:57 INFO  Progress (4): 1.1/6.3 MB | 1.2/12 MB | 0.5/2.6 MB | 0.4/1.1 MB
2026.04.01 14:34:57 INFO  Progress (4): 1.1/6.3 MB | 1.2/12 MB | 0.5/2.6 MB | 0.4/1.1 MB
2026.04.01 14:34:57 INFO  Progress (4): 1.1/6.3 MB | 1.2/12 MB | 0.5/2.6 MB | 0.4/1.1 MB
2026.04.01 14:34:57 INFO  Progress (4): 1.1/6.3 MB | 1.2/12 MB | 0.5/2.6 MB | 0.4/1.1 MB
2026.04.01 14:34:57 INFO  Progress (4): 1.2/6.3 MB | 1.2/12 MB | 0.5/2.6 MB | 0.4/1.1 MB
2026.04.01 14:34:57 INFO  Progress (4): 1.2/6.3 MB | 1.2/12 MB | 0.5/2.6 MB | 0.5/1.1 MB
2026.04.01 14:34:57 INFO  Progress (4): 1.2/6.3 MB | 1.2/12 MB | 0.5/2.6 MB | 0.5/1.1 MB
2026.04.01 14:34:57 INFO  Progress (4): 1.2/6.3 MB | 1.2/12 MB | 0.5/2.6 MB | 0.5/1.1 MB
2026.04.01 14:34:57 INFO  Progress (4): 1.2/6.3 MB | 1.2/12 MB | 0.5/2.6 MB | 0.5/1.1 MB
2026.04.01 14:34:57 INFO  Progress (4): 1.2/6.3 MB | 1.2/12 MB | 0.5/2.6 MB | 0.5/1.1 MB
2026.04.01 14:34:57 INFO  Progress (4): 1.2/6.3 MB | 1.2/12 MB | 0.5/2.6 MB | 0.5/1.1 MB
2026.04.01 14:34:57 INFO  Progress (4): 1.2/6.3 MB | 1.2/12 MB | 0.5/2.6 MB | 0.5/1.1 MB
2026.04.01 14:34:57 INFO  Progress (4): 1.2/6.3 MB | 1.3/12 MB | 0.5/2.6 MB | 0.5/1.1 MB
2026.04.01 14:34:57 INFO  Progress (4): 1.2/6.3 MB | 1.3/12 MB | 0.5/2.6 MB | 0.5/1.1 MB
2026.04.01 14:34:57 INFO  Progress (4): 1.2/6.3 MB | 1.3/12 MB | 0.5/2.6 MB | 0.5/1.1 MB
2026.04.01 14:34:57 INFO  Progress (4): 1.2/6.3 MB | 1.3/12 MB | 0.5/2.6 MB | 0.5/1.1 MB
2026.04.01 14:34:57 INFO  Progress (4): 1.2/6.3 MB | 1.3/12 MB | 0.5/2.6 MB | 0.5/1.1 MB
2026.04.01 14:34:57 INFO  Progress (4): 1.2/6.3 MB | 1.3/12 MB | 0.5/2.6 MB | 0.5/1.1 MB
2026.04.01 14:34:57 INFO  Progress (4): 1.2/6.3 MB | 1.3/12 MB | 0.5/2.6 MB | 0.5/1.1 MB
2026.04.01 14:34:57 INFO  Progress (4): 1.2/6.3 MB | 1.3/12 MB | 0.5/2.6 MB | 0.5/1.1 MB
2026.04.01 14:34:57 INFO  Progress (4): 1.2/6.3 MB | 1.3/12 MB | 0.5/2.6 MB | 0.5/1.1 MB
2026.04.01 14:34:57 INFO  Progress (4): 1.2/6.3 MB | 1.3/12 MB | 0.5/2.6 MB | 0.5/1.1 MB
2026.04.01 14:34:57 INFO  Progress (4): 1.2/6.3 MB | 1.3/12 MB | 0.6/2.6 MB | 0.5/1.1 MB
2026.04.01 14:34:57 INFO  Progress (4): 1.2/6.3 MB | 1.4/12 MB | 0.6/2.6 MB | 0.5/1.1 MB
2026.04.01 14:34:57 INFO  Progress (4): 1.2/6.3 MB | 1.4/12 MB | 0.6/2.6 MB | 0.5/1.1 MB
2026.04.01 14:34:57 INFO  Progress (4): 1.2/6.3 MB | 1.4/12 MB | 0.6/2.6 MB | 0.5/1.1 MB
2026.04.01 14:34:57 INFO  Progress (4): 1.2/6.3 MB | 1.4/12 MB | 0.6/2.6 MB | 0.5/1.1 MB
2026.04.01 14:34:57 INFO  Progress (4): 1.2/6.3 MB | 1.4/12 MB | 0.6/2.6 MB | 0.5/1.1 MB
2026.04.01 14:34:57 INFO  Progress (4): 1.2/6.3 MB | 1.4/12 MB | 0.6/2.6 MB | 0.5/1.1 MB
2026.04.01 14:34:57 INFO  Progress (4): 1.2/6.3 MB | 1.4/12 MB | 0.6/2.6 MB | 0.5/1.1 MB
2026.04.01 14:34:57 INFO  Progress (4): 1.3/6.3 MB | 1.4/12 MB | 0.6/2.6 MB | 0.5/1.1 MB
2026.04.01 14:34:57 INFO  Progress (4): 1.3/6.3 MB | 1.4/12 MB | 0.6/2.6 MB | 0.5/1.1 MB
2026.04.01 14:34:57 INFO  Progress (4): 1.3/6.3 MB | 1.4/12 MB | 0.6/2.6 MB | 0.5/1.1 MB
2026.04.01 14:34:57 INFO  Progress (4): 1.3/6.3 MB | 1.4/12 MB | 0.6/2.6 MB | 0.5/1.1 MB
2026.04.01 14:34:57 INFO  Progress (4): 1.3/6.3 MB | 1.4/12 MB | 0.6/2.6 MB | 0.5/1.1 MB
2026.04.01 14:34:57 INFO  Progress (4): 1.3/6.3 MB | 1.4/12 MB | 0.6/2.6 MB | 0.5/1.1 MB
2026.04.01 14:34:57 INFO  Progress (4): 1.3/6.3 MB | 1.4/12 MB | 0.6/2.6 MB | 0.6/1.1 MB
2026.04.01 14:34:57 INFO  Progress (4): 1.3/6.3 MB | 1.4/12 MB | 0.6/2.6 MB | 0.6/1.1 MB
2026.04.01 14:34:57 INFO  Progress (4): 1.3/6.3 MB | 1.4/12 MB | 0.6/2.6 MB | 0.6/1.1 MB
2026.04.01 14:34:57 INFO  Progress (4): 1.3/6.3 MB | 1.4/12 MB | 0.6/2.6 MB | 0.6/1.1 MB
2026.04.01 14:34:57 INFO  Progress (4): 1.3/6.3 MB | 1.4/12 MB | 0.6/2.6 MB | 0.6/1.1 MB
2026.04.01 14:34:57 INFO  Progress (4): 1.3/6.3 MB | 1.5/12 MB | 0.6/2.6 MB | 0.6/1.1 MB
2026.04.01 14:34:57 INFO  Progress (4): 1.3/6.3 MB | 1.5/12 MB | 0.6/2.6 MB | 0.6/1.1 MB
2026.04.01 14:34:57 INFO  Progress (4): 1.3/6.3 MB | 1.5/12 MB | 0.6/2.6 MB | 0.6/1.1 MB
2026.04.01 14:34:57 INFO  Progress (4): 1.3/6.3 MB | 1.5/12 MB | 0.7/2.6 MB | 0.6/1.1 MB
2026.04.01 14:34:57 INFO  Progress (4): 1.3/6.3 MB | 1.5/12 MB | 0.7/2.6 MB | 0.6/1.1 MB
2026.04.01 14:34:57 INFO  Progress (4): 1.3/6.3 MB | 1.5/12 MB | 0.7/2.6 MB | 0.6/1.1 MB
2026.04.01 14:34:57 INFO  Progress (4): 1.3/6.3 MB | 1.5/12 MB | 0.7/2.6 MB | 0.6/1.1 MB
2026.04.01 14:34:57 INFO  Progress (4): 1.3/6.3 MB | 1.5/12 MB | 0.7/2.6 MB | 0.6/1.1 MB
2026.04.01 14:34:57 INFO  Progress (4): 1.3/6.3 MB | 1.5/12 MB | 0.7/2.6 MB | 0.6/1.1 MB
2026.04.01 14:34:57 INFO  Progress (4): 1.3/6.3 MB | 1.5/12 MB | 0.7/2.6 MB | 0.6/1.1 MB
2026.04.01 14:34:57 INFO  Progress (4): 1.3/6.3 MB | 1.5/12 MB | 0.7/2.6 MB | 0.6/1.1 MB
2026.04.01 14:34:57 INFO  Progress (4): 1.3/6.3 MB | 1.5/12 MB | 0.7/2.6 MB | 0.6/1.1 MB
2026.04.01 14:34:57 INFO  Progress (4): 1.3/6.3 MB | 1.5/12 MB | 0.7/2.6 MB | 0.6/1.1 MB
2026.04.01 14:34:57 INFO  Progress (4): 1.3/6.3 MB | 1.5/12 MB | 0.7/2.6 MB | 0.6/1.1 MB
2026.04.01 14:34:57 INFO  Progress (5): 1.3/6.3 MB | 1.5/12 MB | 0.7/2.6 MB | 0.6/1.1 MB | 0/1.9 MB
2026.04.01 14:34:57 INFO  Progress (5): 1.3/6.3 MB | 1.5/12 MB | 0.7/2.6 MB | 0.6/1.1 MB | 0/1.9 MB
2026.04.01 14:34:57 INFO  Progress (5): 1.3/6.3 MB | 1.5/12 MB | 0.7/2.6 MB | 0.6/1.1 MB | 0/1.9 MB
2026.04.01 14:34:57 INFO  Progress (5): 1.3/6.3 MB | 1.5/12 MB | 0.7/2.6 MB | 0.6/1.1 MB | 0.1/1.9 MB
2026.04.01 14:34:57 INFO  Progress (5): 1.3/6.3 MB | 1.5/12 MB | 0.7/2.6 MB | 0.6/1.1 MB | 0.1/1.9 MB
2026.04.01 14:34:57 INFO  Progress (5): 1.3/6.3 MB | 1.5/12 MB | 0.7/2.6 MB | 0.6/1.1 MB | 0.1/1.9 MB
2026.04.01 14:34:57 INFO  Progress (5): 1.3/6.3 MB | 1.5/12 MB | 0.7/2.6 MB | 0.6/1.1 MB | 0.1/1.9 MB
2026.04.01 14:34:57 INFO  Progress (5): 1.3/6.3 MB | 1.5/12 MB | 0.7/2.6 MB | 0.6/1.1 MB | 0.1/1.9 MB
2026.04.01 14:34:57 INFO  Progress (5): 1.3/6.3 MB | 1.5/12 MB | 0.7/2.6 MB | 0.6/1.1 MB | 0.1/1.9 MB
2026.04.01 14:34:57 INFO  Progress (5): 1.3/6.3 MB | 1.5/12 MB | 0.7/2.6 MB | 0.6/1.1 MB | 0.1/1.9 MB
2026.04.01 14:34:57 INFO  Progress (5): 1.3/6.3 MB | 1.5/12 MB | 0.7/2.6 MB | 0.6/1.1 MB | 0.1/1.9 MB
2026.04.01 14:34:57 INFO  Progress (5): 1.3/6.3 MB | 1.5/12 MB | 0.7/2.6 MB | 0.6/1.1 MB | 0.1/1.9 MB
2026.04.01 14:34:57 INFO  Progress (5): 1.4/6.3 MB | 1.5/12 MB | 0.7/2.6 MB | 0.6/1.1 MB | 0.1/1.9 MB
2026.04.01 14:34:57 INFO  Progress (5): 1.4/6.3 MB | 1.5/12 MB | 0.7/2.6 MB | 0.6/1.1 MB | 0.1/1.9 MB
2026.04.01 14:34:57 INFO  Progress (5): 1.4/6.3 MB | 1.5/12 MB | 0.7/2.6 MB | 0.6/1.1 MB | 0.2/1.9 MB
2026.04.01 14:34:57 INFO  Progress (5): 1.4/6.3 MB | 1.5/12 MB | 0.7/2.6 MB | 0.6/1.1 MB | 0.2/1.9 MB
2026.04.01 14:34:57 INFO  Progress (5): 1.4/6.3 MB | 1.5/12 MB | 0.7/2.6 MB | 0.6/1.1 MB | 0.2/1.9 MB
2026.04.01 14:34:57 INFO  Progress (5): 1.4/6.3 MB | 1.5/12 MB | 0.7/2.6 MB | 0.7/1.1 MB | 0.2/1.9 MB
2026.04.01 14:34:57 INFO  Progress (5): 1.4/6.3 MB | 1.5/12 MB | 0.7/2.6 MB | 0.7/1.1 MB | 0.2/1.9 MB
2026.04.01 14:34:57 INFO  Progress (5): 1.4/6.3 MB | 1.5/12 MB | 0.7/2.6 MB | 0.7/1.1 MB | 0.2/1.9 MB
2026.04.01 14:34:57 INFO  Progress (5): 1.4/6.3 MB | 1.5/12 MB | 0.7/2.6 MB | 0.7/1.1 MB | 0.2/1.9 MB
2026.04.01 14:34:57 INFO  Progress (5): 1.4/6.3 MB | 1.5/12 MB | 0.7/2.6 MB | 0.7/1.1 MB | 0.2/1.9 MB
2026.04.01 14:34:57 INFO  Progress (5): 1.4/6.3 MB | 1.5/12 MB | 0.7/2.6 MB | 0.7/1.1 MB | 0.2/1.9 MB
2026.04.01 14:34:57 INFO  Progress (5): 1.4/6.3 MB | 1.5/12 MB | 0.7/2.6 MB | 0.7/1.1 MB | 0.2/1.9 MB
2026.04.01 14:34:57 INFO  Progress (5): 1.4/6.3 MB | 1.5/12 MB | 0.7/2.6 MB | 0.7/1.1 MB | 0.3/1.9 MB
2026.04.01 14:34:57 INFO  Progress (5): 1.4/6.3 MB | 1.5/12 MB | 0.7/2.6 MB | 0.7/1.1 MB | 0.3/1.9 MB
2026.04.01 14:34:57 INFO  Progress (5): 1.4/6.3 MB | 1.5/12 MB | 0.7/2.6 MB | 0.7/1.1 MB | 0.3/1.9 MB
2026.04.01 14:34:57 INFO  Progress (5): 1.4/6.3 MB | 1.5/12 MB | 0.7/2.6 MB | 0.7/1.1 MB | 0.3/1.9 MB
2026.04.01 14:34:57 INFO  Progress (5): 1.4/6.3 MB | 1.6/12 MB | 0.7/2.6 MB | 0.7/1.1 MB | 0.3/1.9 MB
2026.04.01 14:34:57 INFO  Progress (5): 1.4/6.3 MB | 1.6/12 MB | 0.7/2.6 MB | 0.7/1.1 MB | 0.3/1.9 MB
2026.04.01 14:34:57 INFO  Progress (5): 1.4/6.3 MB | 1.6/12 MB | 0.7/2.6 MB | 0.7/1.1 MB | 0.3/1.9 MB
2026.04.01 14:34:57 INFO  Progress (5): 1.4/6.3 MB | 1.6/12 MB | 0.7/2.6 MB | 0.7/1.1 MB | 0.3/1.9 MB
2026.04.01 14:34:57 INFO  Progress (5): 1.4/6.3 MB | 1.6/12 MB | 0.7/2.6 MB | 0.7/1.1 MB | 0.4/1.9 MB
2026.04.01 14:34:57 INFO  Progress (5): 1.4/6.3 MB | 1.6/12 MB | 0.7/2.6 MB | 0.7/1.1 MB | 0.4/1.9 MB
2026.04.01 14:34:57 INFO  Progress (5): 1.4/6.3 MB | 1.6/12 MB | 0.7/2.6 MB | 0.7/1.1 MB | 0.4/1.9 MB
2026.04.01 14:34:57 INFO  Progress (5): 1.4/6.3 MB | 1.6/12 MB | 0.7/2.6 MB | 0.7/1.1 MB | 0.4/1.9 MB
2026.04.01 14:34:57 INFO  Progress (5): 1.4/6.3 MB | 1.6/12 MB | 0.7/2.6 MB | 0.7/1.1 MB | 0.4/1.9 MB
2026.04.01 14:34:57 INFO  Progress (5): 1.4/6.3 MB | 1.6/12 MB | 0.7/2.6 MB | 0.7/1.1 MB | 0.4/1.9 MB
2026.04.01 14:34:57 INFO  Progress (5): 1.4/6.3 MB | 1.6/12 MB | 0.7/2.6 MB | 0.7/1.1 MB | 0.4/1.9 MB
2026.04.01 14:34:57 INFO  Progress (5): 1.4/6.3 MB | 1.6/12 MB | 0.7/2.6 MB | 0.7/1.1 MB | 0.4/1.9 MB
2026.04.01 14:34:57 INFO  Progress (5): 1.4/6.3 MB | 1.6/12 MB | 0.7/2.6 MB | 0.7/1.1 MB | 0.5/1.9 MB
2026.04.01 14:34:57 INFO  Progress (5): 1.4/6.3 MB | 1.6/12 MB | 0.7/2.6 MB | 0.7/1.1 MB | 0.5/1.9 MB
2026.04.01 14:34:57 INFO  Progress (5): 1.4/6.3 MB | 1.6/12 MB | 0.7/2.6 MB | 0.7/1.1 MB | 0.5/1.9 MB
2026.04.01 14:34:57 INFO  Progress (5): 1.4/6.3 MB | 1.6/12 MB | 0.7/2.6 MB | 0.7/1.1 MB | 0.5/1.9 MB
2026.04.01 14:34:57 INFO  Progress (5): 1.4/6.3 MB | 1.6/12 MB | 0.7/2.6 MB | 0.7/1.1 MB | 0.5/1.9 MB
2026.04.01 14:34:57 INFO  Progress (5): 1.4/6.3 MB | 1.6/12 MB | 0.7/2.6 MB | 0.7/1.1 MB | 0.5/1.9 MB
2026.04.01 14:34:57 INFO  Progress (5): 1.4/6.3 MB | 1.6/12 MB | 0.7/2.6 MB | 0.7/1.1 MB | 0.5/1.9 MB
2026.04.01 14:34:57 INFO  Progress (5): 1.4/6.3 MB | 1.6/12 MB | 0.7/2.6 MB | 0.7/1.1 MB | 0.5/1.9 MB
2026.04.01 14:34:57 INFO  Progress (5): 1.4/6.3 MB | 1.6/12 MB | 0.7/2.6 MB | 0.7/1.1 MB | 0.5/1.9 MB
2026.04.01 14:34:57 INFO  Progress (5): 1.4/6.3 MB | 1.6/12 MB | 0.7/2.6 MB | 0.7/1.1 MB | 0.5/1.9 MB
2026.04.01 14:34:57 INFO  Progress (5): 1.4/6.3 MB | 1.6/12 MB | 0.7/2.6 MB | 0.7/1.1 MB | 0.6/1.9 MB
2026.04.01 14:34:57 INFO  Progress (5): 1.4/6.3 MB | 1.6/12 MB | 0.8/2.6 MB | 0.7/1.1 MB | 0.6/1.9 MB
2026.04.01 14:34:57 INFO  Progress (5): 1.4/6.3 MB | 1.6/12 MB | 0.8/2.6 MB | 0.7/1.1 MB | 0.6/1.9 MB
2026.04.01 14:34:57 INFO  Progress (5): 1.4/6.3 MB | 1.6/12 MB | 0.8/2.6 MB | 0.7/1.1 MB | 0.6/1.9 MB
2026.04.01 14:34:57 INFO  Progress (5): 1.4/6.3 MB | 1.6/12 MB | 0.8/2.6 MB | 0.7/1.1 MB | 0.6/1.9 MB
2026.04.01 14:34:57 INFO  Progress (5): 1.4/6.3 MB | 1.6/12 MB | 0.8/2.6 MB | 0.7/1.1 MB | 0.6/1.9 MB
2026.04.01 14:34:57 INFO  Progress (5): 1.4/6.3 MB | 1.6/12 MB | 0.8/2.6 MB | 0.7/1.1 MB | 0.6/1.9 MB
2026.04.01 14:34:57 INFO  Progress (5): 1.4/6.3 MB | 1.6/12 MB | 0.8/2.6 MB | 0.7/1.1 MB | 0.6/1.9 MB
2026.04.01 14:34:57 INFO  Progress (5): 1.4/6.3 MB | 1.6/12 MB | 0.8/2.6 MB | 0.7/1.1 MB | 0.6/1.9 MB
2026.04.01 14:34:57 INFO  Progress (5): 1.4/6.3 MB | 1.6/12 MB | 0.8/2.6 MB | 0.7/1.1 MB | 0.7/1.9 MB
2026.04.01 14:34:57 INFO  Progress (5): 1.4/6.3 MB | 1.6/12 MB | 0.8/2.6 MB | 0.7/1.1 MB | 0.7/1.9 MB
2026.04.01 14:34:57 INFO  Progress (5): 1.4/6.3 MB | 1.6/12 MB | 0.8/2.6 MB | 0.7/1.1 MB | 0.7/1.9 MB
2026.04.01 14:34:57 INFO  Progress (5): 1.4/6.3 MB | 1.6/12 MB | 0.8/2.6 MB | 0.7/1.1 MB | 0.7/1.9 MB
2026.04.01 14:34:57 INFO  Progress (5): 1.4/6.3 MB | 1.6/12 MB | 0.8/2.6 MB | 0.7/1.1 MB | 0.7/1.9 MB
2026.04.01 14:34:57 INFO  Progress (5): 1.5/6.3 MB | 1.6/12 MB | 0.8/2.6 MB | 0.7/1.1 MB | 0.7/1.9 MB
2026.04.01 14:34:57 INFO  Progress (5): 1.5/6.3 MB | 1.6/12 MB | 0.8/2.6 MB | 0.7/1.1 MB | 0.7/1.9 MB
2026.04.01 14:34:57 INFO  Progress (5): 1.5/6.3 MB | 1.6/12 MB | 0.8/2.6 MB | 0.7/1.1 MB | 0.7/1.9 MB
2026.04.01 14:34:57 INFO  Progress (5): 1.5/6.3 MB | 1.6/12 MB | 0.8/2.6 MB | 0.7/1.1 MB | 0.7/1.9 MB
2026.04.01 14:34:57 INFO  Progress (5): 1.5/6.3 MB | 1.6/12 MB | 0.8/2.6 MB | 0.7/1.1 MB | 0.7/1.9 MB
2026.04.01 14:34:57 INFO  Progress (5): 1.5/6.3 MB | 1.6/12 MB | 0.8/2.6 MB | 0.7/1.1 MB | 0.7/1.9 MB
2026.04.01 14:34:57 INFO  Progress (5): 1.5/6.3 MB | 1.6/12 MB | 0.8/2.6 MB | 0.7/1.1 MB | 0.7/1.9 MB
2026.04.01 14:34:57 INFO  Progress (5): 1.5/6.3 MB | 1.6/12 MB | 0.8/2.6 MB | 0.7/1.1 MB | 0.7/1.9 MB
2026.04.01 14:34:57 INFO  Progress (5): 1.5/6.3 MB | 1.6/12 MB | 0.8/2.6 MB | 0.7/1.1 MB | 0.7/1.9 MB
2026.04.01 14:34:57 INFO  Progress (5): 1.5/6.3 MB | 1.6/12 MB | 0.8/2.6 MB | 0.7/1.1 MB | 0.7/1.9 MB
2026.04.01 14:34:57 INFO  Progress (5): 1.5/6.3 MB | 1.7/12 MB | 0.8/2.6 MB | 0.7/1.1 MB | 0.7/1.9 MB
2026.04.01 14:34:57 INFO  Progress (5): 1.5/6.3 MB | 1.7/12 MB | 0.8/2.6 MB | 0.7/1.1 MB | 0.7/1.9 MB
2026.04.01 14:34:57 INFO  Progress (5): 1.5/6.3 MB | 1.7/12 MB | 0.8/2.6 MB | 0.7/1.1 MB | 0.7/1.9 MB
2026.04.01 14:34:57 INFO  Progress (5): 1.5/6.3 MB | 1.7/12 MB | 0.8/2.6 MB | 0.7/1.1 MB | 0.7/1.9 MB
2026.04.01 14:34:57 INFO  Progress (5): 1.5/6.3 MB | 1.7/12 MB | 0.8/2.6 MB | 0.7/1.1 MB | 0.7/1.9 MB
2026.04.01 14:34:57 INFO  Progress (5): 1.5/6.3 MB | 1.7/12 MB | 0.8/2.6 MB | 0.7/1.1 MB | 0.7/1.9 MB
2026.04.01 14:34:57 INFO  Progress (5): 1.5/6.3 MB | 1.7/12 MB | 0.9/2.6 MB | 0.7/1.1 MB | 0.7/1.9 MB
2026.04.01 14:34:57 INFO  Progress (5): 1.5/6.3 MB | 1.7/12 MB | 0.9/2.6 MB | 0.8/1.1 MB | 0.7/1.9 MB
2026.04.01 14:34:57 INFO  Progress (5): 1.5/6.3 MB | 1.7/12 MB | 0.9/2.6 MB | 0.8/1.1 MB | 0.7/1.9 MB
2026.04.01 14:34:57 INFO  Progress (5): 1.5/6.3 MB | 1.7/12 MB | 0.9/2.6 MB | 0.8/1.1 MB | 0.7/1.9 MB
2026.04.01 14:34:57 INFO  Progress (5): 1.5/6.3 MB | 1.7/12 MB | 0.9/2.6 MB | 0.8/1.1 MB | 0.7/1.9 MB
2026.04.01 14:34:57 INFO  Progress (5): 1.5/6.3 MB | 1.7/12 MB | 0.9/2.6 MB | 0.8/1.1 MB | 0.7/1.9 MB
2026.04.01 14:34:57 INFO  Progress (5): 1.5/6.3 MB | 1.7/12 MB | 0.9/2.6 MB | 0.8/1.1 MB | 0.7/1.9 MB
2026.04.01 14:34:57 INFO  Progress (5): 1.5/6.3 MB | 1.7/12 MB | 0.9/2.6 MB | 0.8/1.1 MB | 0.7/1.9 MB
2026.04.01 14:34:57 INFO  Progress (5): 1.5/6.3 MB | 1.7/12 MB | 0.9/2.6 MB | 0.8/1.1 MB | 0.7/1.9 MB
2026.04.01 14:34:57 INFO  Progress (5): 1.5/6.3 MB | 1.7/12 MB | 0.9/2.6 MB | 0.8/1.1 MB | 0.7/1.9 MB
2026.04.01 14:34:57 INFO  Progress (5): 1.5/6.3 MB | 1.8/12 MB | 0.9/2.6 MB | 0.8/1.1 MB | 0.7/1.9 MB
2026.04.01 14:34:57 INFO  Progress (5): 1.5/6.3 MB | 1.8/12 MB | 0.9/2.6 MB | 0.8/1.1 MB | 0.7/1.9 MB
2026.04.01 14:34:57 INFO  Progress (5): 1.5/6.3 MB | 1.8/12 MB | 0.9/2.6 MB | 0.8/1.1 MB | 0.7/1.9 MB
2026.04.01 14:34:57 INFO  Progress (5): 1.5/6.3 MB | 1.8/12 MB | 0.9/2.6 MB | 0.8/1.1 MB | 0.7/1.9 MB
2026.04.01 14:34:57 INFO  Progress (5): 1.5/6.3 MB | 1.8/12 MB | 0.9/2.6 MB | 0.8/1.1 MB | 0.7/1.9 MB
2026.04.01 14:34:57 INFO  Progress (5): 1.5/6.3 MB | 1.8/12 MB | 0.9/2.6 MB | 0.8/1.1 MB | 0.7/1.9 MB
2026.04.01 14:34:57 INFO  Progress (5): 1.5/6.3 MB | 1.8/12 MB | 0.9/2.6 MB | 0.8/1.1 MB | 0.7/1.9 MB
2026.04.01 14:34:57 INFO  Progress (5): 1.5/6.3 MB | 1.8/12 MB | 0.9/2.6 MB | 0.8/1.1 MB | 0.7/1.9 MB
2026.04.01 14:34:57 INFO  Progress (5): 1.5/6.3 MB | 1.8/12 MB | 0.9/2.6 MB | 0.8/1.1 MB | 0.7/1.9 MB
2026.04.01 14:34:57 INFO  Progress (5): 1.5/6.3 MB | 1.8/12 MB | 0.9/2.6 MB | 0.8/1.1 MB | 0.7/1.9 MB
2026.04.01 14:34:57 INFO  Progress (5): 1.5/6.3 MB | 1.8/12 MB | 0.9/2.6 MB | 0.8/1.1 MB | 0.7/1.9 MB
2026.04.01 14:34:57 INFO  Progress (5): 1.5/6.3 MB | 1.8/12 MB | 0.9/2.6 MB | 0.8/1.1 MB | 0.7/1.9 MB
2026.04.01 14:34:57 INFO  Progress (5): 1.5/6.3 MB | 1.8/12 MB | 0.9/2.6 MB | 0.8/1.1 MB | 0.8/1.9 MB
2026.04.01 14:34:57 INFO  Progress (5): 1.5/6.3 MB | 1.8/12 MB | 0.9/2.6 MB | 0.8/1.1 MB | 0.8/1.9 MB
2026.04.01 14:34:57 INFO  Progress (5): 1.5/6.3 MB | 1.8/12 MB | 0.9/2.6 MB | 0.8/1.1 MB | 0.8/1.9 MB
2026.04.01 14:34:57 INFO  Progress (5): 1.5/6.3 MB | 1.8/12 MB | 0.9/2.6 MB | 0.8/1.1 MB | 0.8/1.9 MB
2026.04.01 14:34:57 INFO  Progress (5): 1.5/6.3 MB | 1.8/12 MB | 0.9/2.6 MB | 0.8/1.1 MB | 0.8/1.9 MB
2026.04.01 14:34:57 INFO  Progress (5): 1.5/6.3 MB | 1.8/12 MB | 0.9/2.6 MB | 0.8/1.1 MB | 0.8/1.9 MB
2026.04.01 14:34:57 INFO  Progress (5): 1.5/6.3 MB | 1.8/12 MB | 0.9/2.6 MB | 0.8/1.1 MB | 0.8/1.9 MB
2026.04.01 14:34:57 INFO  Progress (5): 1.5/6.3 MB | 1.8/12 MB | 0.9/2.6 MB | 0.8/1.1 MB | 0.8/1.9 MB
2026.04.01 14:34:57 INFO  Progress (5): 1.5/6.3 MB | 1.8/12 MB | 0.9/2.6 MB | 0.8/1.1 MB | 0.8/1.9 MB
2026.04.01 14:34:57 INFO  Progress (5): 1.5/6.3 MB | 1.8/12 MB | 0.9/2.6 MB | 0.8/1.1 MB | 0.9/1.9 MB
2026.04.01 14:34:57 INFO  Progress (5): 1.5/6.3 MB | 1.8/12 MB | 0.9/2.6 MB | 0.8/1.1 MB | 0.9/1.9 MB
2026.04.01 14:34:57 INFO  Progress (5): 1.5/6.3 MB | 1.8/12 MB | 0.9/2.6 MB | 0.8/1.1 MB | 0.9/1.9 MB
2026.04.01 14:34:57 INFO  Progress (5): 1.6/6.3 MB | 1.8/12 MB | 0.9/2.6 MB | 0.8/1.1 MB | 0.9/1.9 MB
2026.04.01 14:34:57 INFO  Progress (5): 1.6/6.3 MB | 1.8/12 MB | 0.9/2.6 MB | 0.8/1.1 MB | 0.9/1.9 MB
2026.04.01 14:34:57 INFO  Progress (5): 1.6/6.3 MB | 1.8/12 MB | 0.9/2.6 MB | 0.8/1.1 MB | 0.9/1.9 MB
2026.04.01 14:34:57 INFO  Progress (5): 1.6/6.3 MB | 1.9/12 MB | 0.9/2.6 MB | 0.8/1.1 MB | 0.9/1.9 MB
2026.04.01 14:34:57 INFO  Progress (5): 1.6/6.3 MB | 1.9/12 MB | 0.9/2.6 MB | 0.8/1.1 MB | 0.9/1.9 MB
2026.04.01 14:34:57 INFO  Progress (5): 1.6/6.3 MB | 1.9/12 MB | 0.9/2.6 MB | 0.8/1.1 MB | 0.9/1.9 MB
2026.04.01 14:34:57 INFO  Progress (5): 1.6/6.3 MB | 1.9/12 MB | 0.9/2.6 MB | 0.8/1.1 MB | 0.9/1.9 MB
2026.04.01 14:34:57 INFO  Progress (5): 1.6/6.3 MB | 1.9/12 MB | 0.9/2.6 MB | 0.8/1.1 MB | 0.9/1.9 MB
2026.04.01 14:34:57 INFO  Progress (5): 1.6/6.3 MB | 1.9/12 MB | 0.9/2.6 MB | 0.8/1.1 MB | 1.0/1.9 MB
2026.04.01 14:34:57 INFO  Progress (5): 1.6/6.3 MB | 1.9/12 MB | 0.9/2.6 MB | 0.8/1.1 MB | 1.0/1.9 MB
2026.04.01 14:34:57 INFO  Progress (5): 1.6/6.3 MB | 1.9/12 MB | 0.9/2.6 MB | 0.8/1.1 MB | 1.0/1.9 MB
2026.04.01 14:34:57 INFO  Progress (5): 1.6/6.3 MB | 1.9/12 MB | 0.9/2.6 MB | 0.8/1.1 MB | 1.0/1.9 MB
2026.04.01 14:34:57 INFO  Progress (5): 1.6/6.3 MB | 1.9/12 MB | 0.9/2.6 MB | 0.9/1.1 MB | 1.0/1.9 MB
2026.04.01 14:34:57 INFO  Progress (5): 1.6/6.3 MB | 1.9/12 MB | 0.9/2.6 MB | 0.9/1.1 MB | 1.0/1.9 MB
2026.04.01 14:34:57 INFO  Progress (5): 1.6/6.3 MB | 1.9/12 MB | 0.9/2.6 MB | 0.9/1.1 MB | 1.0/1.9 MB
2026.04.01 14:34:57 INFO  Progress (5): 1.6/6.3 MB | 1.9/12 MB | 0.9/2.6 MB | 0.9/1.1 MB | 1.0/1.9 MB
2026.04.01 14:34:57 INFO  Progress (5): 1.6/6.3 MB | 1.9/12 MB | 0.9/2.6 MB | 0.9/1.1 MB | 1.0/1.9 MB
2026.04.01 14:34:58 INFO  Progress (5): 1.6/6.3 MB | 1.9/12 MB | 0.9/2.6 MB | 0.9/1.1 MB | 1.0/1.9 MB
2026.04.01 14:34:58 INFO  Progress (5): 1.6/6.3 MB | 1.9/12 MB | 0.9/2.6 MB | 0.9/1.1 MB | 1.0/1.9 MB
2026.04.01 14:34:58 INFO  Progress (5): 1.6/6.3 MB | 1.9/12 MB | 0.9/2.6 MB | 0.9/1.1 MB | 1.0/1.9 MB
2026.04.01 14:34:58 INFO  Progress (5): 1.6/6.3 MB | 1.9/12 MB | 0.9/2.6 MB | 0.9/1.1 MB | 1.0/1.9 MB
2026.04.01 14:34:58 INFO  Progress (5): 1.6/6.3 MB | 1.9/12 MB | 0.9/2.6 MB | 0.9/1.1 MB | 1.1/1.9 MB
2026.04.01 14:34:58 INFO  Progress (5): 1.6/6.3 MB | 1.9/12 MB | 0.9/2.6 MB | 0.9/1.1 MB | 1.1/1.9 MB
2026.04.01 14:34:58 INFO  Progress (5): 1.6/6.3 MB | 1.9/12 MB | 0.9/2.6 MB | 0.9/1.1 MB | 1.1/1.9 MB
2026.04.01 14:34:58 INFO  Progress (5): 1.6/6.3 MB | 1.9/12 MB | 0.9/2.6 MB | 0.9/1.1 MB | 1.1/1.9 MB
2026.04.01 14:34:58 INFO  Progress (5): 1.6/6.3 MB | 1.9/12 MB | 0.9/2.6 MB | 0.9/1.1 MB | 1.1/1.9 MB
2026.04.01 14:34:58 INFO  Progress (5): 1.6/6.3 MB | 1.9/12 MB | 0.9/2.6 MB | 0.9/1.1 MB | 1.1/1.9 MB
2026.04.01 14:34:58 INFO  Progress (5): 1.6/6.3 MB | 1.9/12 MB | 0.9/2.6 MB | 0.9/1.1 MB | 1.1/1.9 MB
2026.04.01 14:34:58 INFO  Progress (5): 1.6/6.3 MB | 1.9/12 MB | 0.9/2.6 MB | 0.9/1.1 MB | 1.1/1.9 MB
2026.04.01 14:34:58 INFO  Progress (5): 1.6/6.3 MB | 1.9/12 MB | 0.9/2.6 MB | 0.9/1.1 MB | 1.1/1.9 MB
2026.04.01 14:34:58 INFO  Progress (5): 1.6/6.3 MB | 1.9/12 MB | 0.9/2.6 MB | 0.9/1.1 MB | 1.1/1.9 MB
2026.04.01 14:34:58 INFO  Progress (5): 1.6/6.3 MB | 1.9/12 MB | 0.9/2.6 MB | 0.9/1.1 MB | 1.1/1.9 MB
2026.04.01 14:34:58 INFO  Progress (5): 1.6/6.3 MB | 1.9/12 MB | 0.9/2.6 MB | 0.9/1.1 MB | 1.2/1.9 MB
2026.04.01 14:34:58 INFO  Progress (5): 1.6/6.3 MB | 1.9/12 MB | 0.9/2.6 MB | 0.9/1.1 MB | 1.2/1.9 MB
2026.04.01 14:34:58 INFO  Progress (5): 1.6/6.3 MB | 1.9/12 MB | 1.0/2.6 MB | 0.9/1.1 MB | 1.2/1.9 MB
2026.04.01 14:34:58 INFO  Progress (5): 1.6/6.3 MB | 1.9/12 MB | 1.0/2.6 MB | 0.9/1.1 MB | 1.2/1.9 MB
2026.04.01 14:34:58 INFO  Progress (5): 1.6/6.3 MB | 1.9/12 MB | 1.0/2.6 MB | 0.9/1.1 MB | 1.2/1.9 MB
2026.04.01 14:34:58 INFO  Progress (5): 1.6/6.3 MB | 1.9/12 MB | 1.0/2.6 MB | 0.9/1.1 MB | 1.2/1.9 MB
2026.04.01 14:34:58 INFO  Progress (5): 1.6/6.3 MB | 1.9/12 MB | 1.0/2.6 MB | 0.9/1.1 MB | 1.2/1.9 MB
2026.04.01 14:34:58 INFO  Progress (5): 1.6/6.3 MB | 1.9/12 MB | 1.0/2.6 MB | 0.9/1.1 MB | 1.2/1.9 MB
2026.04.01 14:34:58 INFO  Progress (5): 1.6/6.3 MB | 1.9/12 MB | 1.0/2.6 MB | 0.9/1.1 MB | 1.2/1.9 MB
2026.04.01 14:34:58 INFO  Progress (5): 1.6/6.3 MB | 1.9/12 MB | 1.0/2.6 MB | 0.9/1.1 MB | 1.2/1.9 MB
2026.04.01 14:34:58 INFO  Progress (5): 1.6/6.3 MB | 2.0/12 MB | 1.0/2.6 MB | 0.9/1.1 MB | 1.2/1.9 MB
2026.04.01 14:34:58 INFO  Progress (5): 1.6/6.3 MB | 2.0/12 MB | 1.0/2.6 MB | 0.9/1.1 MB | 1.2/1.9 MB
2026.04.01 14:34:58 INFO  Progress (5): 1.6/6.3 MB | 2.0/12 MB | 1.0/2.6 MB | 0.9/1.1 MB | 1.2/1.9 MB
2026.04.01 14:34:58 INFO  Progress (5): 1.6/6.3 MB | 2.0/12 MB | 1.0/2.6 MB | 0.9/1.1 MB | 1.2/1.9 MB
2026.04.01 14:34:58 INFO  Progress (5): 1.6/6.3 MB | 2.0/12 MB | 1.0/2.6 MB | 0.9/1.1 MB | 1.2/1.9 MB
2026.04.01 14:34:58 INFO  Progress (5): 1.7/6.3 MB | 2.0/12 MB | 1.0/2.6 MB | 0.9/1.1 MB | 1.2/1.9 MB
2026.04.01 14:34:58 INFO  Progress (5): 1.7/6.3 MB | 2.0/12 MB | 1.0/2.6 MB | 0.9/1.1 MB | 1.2/1.9 MB
2026.04.01 14:34:58 INFO  Progress (5): 1.7/6.3 MB | 2.0/12 MB | 1.0/2.6 MB | 0.9/1.1 MB | 1.2/1.9 MB
2026.04.01 14:34:58 INFO  Progress (5): 1.7/6.3 MB | 2.0/12 MB | 1.0/2.6 MB | 0.9/1.1 MB | 1.2/1.9 MB
2026.04.01 14:34:58 INFO  Progress (5): 1.7/6.3 MB | 2.0/12 MB | 1.0/2.6 MB | 0.9/1.1 MB | 1.2/1.9 MB
2026.04.01 14:34:58 INFO  Progress (5): 1.7/6.3 MB | 2.0/12 MB | 1.0/2.6 MB | 0.9/1.1 MB | 1.2/1.9 MB
2026.04.01 14:34:58 INFO  Progress (5): 1.7/6.3 MB | 2.0/12 MB | 1.0/2.6 MB | 0.9/1.1 MB | 1.2/1.9 MB
2026.04.01 14:34:58 INFO  Progress (5): 1.7/6.3 MB | 2.0/12 MB | 1.0/2.6 MB | 0.9/1.1 MB | 1.2/1.9 MB
2026.04.01 14:34:58 INFO  Progress (5): 1.7/6.3 MB | 2.0/12 MB | 1.0/2.6 MB | 1.0/1.1 MB | 1.2/1.9 MB
2026.04.01 14:34:58 INFO  Progress (5): 1.7/6.3 MB | 2.0/12 MB | 1.0/2.6 MB | 1.0/1.1 MB | 1.2/1.9 MB
2026.04.01 14:34:58 INFO  Progress (5): 1.7/6.3 MB | 2.0/12 MB | 1.0/2.6 MB | 1.0/1.1 MB | 1.2/1.9 MB
2026.04.01 14:34:58 INFO  Progress (5): 1.7/6.3 MB | 2.1/12 MB | 1.0/2.6 MB | 1.0/1.1 MB | 1.2/1.9 MB
2026.04.01 14:34:58 INFO  Progress (5): 1.7/6.3 MB | 2.1/12 MB | 1.0/2.6 MB | 1.0/1.1 MB | 1.2/1.9 MB
2026.04.01 14:34:58 INFO  Progress (5): 1.7/6.3 MB | 2.1/12 MB | 1.0/2.6 MB | 1.0/1.1 MB | 1.2/1.9 MB
2026.04.01 14:34:58 INFO  Progress (5): 1.7/6.3 MB | 2.1/12 MB | 1.0/2.6 MB | 1.0/1.1 MB | 1.2/1.9 MB
2026.04.01 14:34:58 INFO  Progress (5): 1.7/6.3 MB | 2.1/12 MB | 1.0/2.6 MB | 1.0/1.1 MB | 1.2/1.9 MB
2026.04.01 14:34:58 INFO  Progress (5): 1.7/6.3 MB | 2.1/12 MB | 1.0/2.6 MB | 1.0/1.1 MB | 1.2/1.9 MB
2026.04.01 14:34:58 INFO  Progress (5): 1.7/6.3 MB | 2.1/12 MB | 1.0/2.6 MB | 1.0/1.1 MB | 1.2/1.9 MB
2026.04.01 14:34:58 INFO  Progress (5): 1.7/6.3 MB | 2.1/12 MB | 1.0/2.6 MB | 1.0/1.1 MB | 1.2/1.9 MB
2026.04.01 14:34:58 INFO  Progress (5): 1.7/6.3 MB | 2.1/12 MB | 1.0/2.6 MB | 1.0/1.1 MB | 1.2/1.9 MB
2026.04.01 14:34:58 INFO  Progress (5): 1.7/6.3 MB | 2.1/12 MB | 1.0/2.6 MB | 1.0/1.1 MB | 1.2/1.9 MB
2026.04.01 14:34:58 INFO  Progress (5): 1.7/6.3 MB | 2.1/12 MB | 1.0/2.6 MB | 1.0/1.1 MB | 1.2/1.9 MB
2026.04.01 14:34:58 INFO  Progress (5): 1.7/6.3 MB | 2.1/12 MB | 1.1/2.6 MB | 1.0/1.1 MB | 1.2/1.9 MB
2026.04.01 14:34:58 INFO  Progress (5): 1.7/6.3 MB | 2.1/12 MB | 1.1/2.6 MB | 1.0/1.1 MB | 1.2/1.9 MB
2026.04.01 14:34:58 INFO  Progress (5): 1.7/6.3 MB | 2.1/12 MB | 1.1/2.6 MB | 1.0/1.1 MB | 1.2/1.9 MB
2026.04.01 14:34:58 INFO  Progress (5): 1.7/6.3 MB | 2.1/12 MB | 1.1/2.6 MB | 1.0/1.1 MB | 1.2/1.9 MB
2026.04.01 14:34:58 INFO  Progress (5): 1.7/6.3 MB | 2.1/12 MB | 1.1/2.6 MB | 1.0/1.1 MB | 1.2/1.9 MB
2026.04.01 14:34:58 INFO  Progress (5): 1.7/6.3 MB | 2.1/12 MB | 1.1/2.6 MB | 1.0/1.1 MB | 1.2/1.9 MB
2026.04.01 14:34:58 INFO  Progress (5): 1.7/6.3 MB | 2.2/12 MB | 1.1/2.6 MB | 1.0/1.1 MB | 1.2/1.9 MB
2026.04.01 14:34:58 INFO  Progress (5): 1.7/6.3 MB | 2.2/12 MB | 1.1/2.6 MB | 1.0/1.1 MB | 1.2/1.9 MB
2026.04.01 14:34:58 INFO  Progress (5): 1.7/6.3 MB | 2.2/12 MB | 1.1/2.6 MB | 1.0/1.1 MB | 1.2/1.9 MB
2026.04.01 14:34:58 INFO  Progress (5): 1.8/6.3 MB | 2.2/12 MB | 1.1/2.6 MB | 1.0/1.1 MB | 1.2/1.9 MB
2026.04.01 14:34:58 INFO  Progress (5): 1.8/6.3 MB | 2.2/12 MB | 1.1/2.6 MB | 1.0/1.1 MB | 1.2/1.9 MB
2026.04.01 14:34:58 INFO  Progress (5): 1.8/6.3 MB | 2.2/12 MB | 1.1/2.6 MB | 1.0/1.1 MB | 1.2/1.9 MB
2026.04.01 14:34:58 INFO  Progress (5): 1.8/6.3 MB | 2.2/12 MB | 1.1/2.6 MB | 1.0/1.1 MB | 1.2/1.9 MB
2026.04.01 14:34:58 INFO  Progress (5): 1.8/6.3 MB | 2.2/12 MB | 1.1/2.6 MB | 1.0/1.1 MB | 1.2/1.9 MB
2026.04.01 14:34:58 INFO  Progress (5): 1.8/6.3 MB | 2.2/12 MB | 1.1/2.6 MB | 1.0/1.1 MB | 1.2/1.9 MB
2026.04.01 14:34:58 INFO  Progress (5): 1.8/6.3 MB | 2.2/12 MB | 1.1/2.6 MB | 1.0/1.1 MB | 1.2/1.9 MB
2026.04.01 14:34:58 INFO  Progress (5): 1.8/6.3 MB | 2.2/12 MB | 1.1/2.6 MB | 1.0/1.1 MB | 1.2/1.9 MB
2026.04.01 14:34:58 INFO  Progress (5): 1.8/6.3 MB | 2.2/12 MB | 1.1/2.6 MB | 1.0/1.1 MB | 1.3/1.9 MB
2026.04.01 14:34:58 INFO  Progress (5): 1.8/6.3 MB | 2.2/12 MB | 1.1/2.6 MB | 1.1/1.1 MB | 1.3/1.9 MB
2026.04.01 14:34:58 INFO  Progress (5): 1.8/6.3 MB | 2.2/12 MB | 1.1/2.6 MB | 1.1/1.1 MB | 1.3/1.9 MB
2026.04.01 14:34:58 INFO  Progress (5): 1.8/6.3 MB | 2.2/12 MB | 1.1/2.6 MB | 1.1/1.1 MB | 1.3/1.9 MB
2026.04.01 14:34:58 INFO  Progress (5): 1.8/6.3 MB | 2.2/12 MB | 1.1/2.6 MB | 1.1/1.1 MB | 1.3/1.9 MB
2026.04.01 14:34:58 INFO  Progress (5): 1.8/6.3 MB | 2.2/12 MB | 1.1/2.6 MB | 1.1/1.1 MB | 1.3/1.9 MB
2026.04.01 14:34:58 INFO  Progress (5): 1.8/6.3 MB | 2.2/12 MB | 1.1/2.6 MB | 1.1/1.1 MB | 1.3/1.9 MB
2026.04.01 14:34:58 INFO  Progress (5): 1.8/6.3 MB | 2.2/12 MB | 1.1/2.6 MB | 1.1/1.1 MB | 1.3/1.9 MB
2026.04.01 14:34:58 INFO  Progress (5): 1.8/6.3 MB | 2.2/12 MB | 1.1/2.6 MB | 1.1/1.1 MB | 1.3/1.9 MB
2026.04.01 14:34:58 INFO  Progress (5): 1.8/6.3 MB | 2.2/12 MB | 1.1/2.6 MB | 1.1/1.1 MB | 1.3/1.9 MB
2026.04.01 14:34:58 INFO  Progress (5): 1.8/6.3 MB | 2.2/12 MB | 1.1/2.6 MB | 1.1/1.1 MB | 1.3/1.9 MB
2026.04.01 14:34:58 INFO  Progress (5): 1.8/6.3 MB | 2.2/12 MB | 1.1/2.6 MB | 1.1/1.1 MB | 1.4/1.9 MB
2026.04.01 14:34:58 INFO  Progress (5): 1.8/6.3 MB | 2.2/12 MB | 1.1/2.6 MB | 1.1/1.1 MB | 1.4/1.9 MB
2026.04.01 14:34:58 INFO  Progress (5): 1.8/6.3 MB | 2.3/12 MB | 1.1/2.6 MB | 1.1/1.1 MB | 1.4/1.9 MB
2026.04.01 14:34:58 INFO  Progress (5): 1.8/6.3 MB | 2.3/12 MB | 1.1/2.6 MB | 1.1/1.1 MB | 1.4/1.9 MB
2026.04.01 14:34:58 INFO  Progress (5): 1.8/6.3 MB | 2.3/12 MB | 1.1/2.6 MB | 1.1/1.1 MB | 1.4/1.9 MB
2026.04.01 14:34:58 INFO  Progress (5): 1.8/6.3 MB | 2.3/12 MB | 1.1/2.6 MB | 1.1/1.1 MB | 1.4/1.9 MB
2026.04.01 14:34:58 INFO  Progress (5): 1.8/6.3 MB | 2.3/12 MB | 1.1/2.6 MB | 1.1/1.1 MB | 1.4/1.9 MB
2026.04.01 14:34:58 INFO  Progress (5): 1.8/6.3 MB | 2.3/12 MB | 1.1/2.6 MB | 1.1/1.1 MB | 1.4/1.9 MB
2026.04.01 14:34:58 INFO  Progress (5): 1.8/6.3 MB | 2.3/12 MB | 1.1/2.6 MB | 1.1/1.1 MB | 1.4/1.9 MB
2026.04.01 14:34:58 INFO  Progress (5): 1.8/6.3 MB | 2.3/12 MB | 1.1/2.6 MB | 1.1/1.1 MB | 1.4/1.9 MB
2026.04.01 14:34:58 INFO  Progress (5): 1.8/6.3 MB | 2.3/12 MB | 1.2/2.6 MB | 1.1/1.1 MB | 1.4/1.9 MB
2026.04.01 14:34:58 INFO  Progress (5): 1.8/6.3 MB | 2.3/12 MB | 1.2/2.6 MB | 1.1/1.1 MB | 1.4/1.9 MB
2026.04.01 14:34:58 INFO  Progress (5): 1.8/6.3 MB | 2.3/12 MB | 1.2/2.6 MB | 1.1/1.1 MB | 1.4/1.9 MB
2026.04.01 14:34:58 INFO  Progress (5): 1.8/6.3 MB | 2.3/12 MB | 1.2/2.6 MB | 1.1/1.1 MB | 1.5/1.9 MB
2026.04.01 14:34:58 INFO  Progress (5): 1.8/6.3 MB | 2.3/12 MB | 1.2/2.6 MB | 1.1/1.1 MB | 1.5/1.9 MB
2026.04.01 14:34:58 INFO  Progress (5): 1.8/6.3 MB | 2.3/12 MB | 1.2/2.6 MB | 1.1/1.1 MB | 1.5/1.9 MB
2026.04.01 14:34:58 INFO  Progress (5): 1.8/6.3 MB | 2.3/12 MB | 1.2/2.6 MB | 1.1/1.1 MB | 1.5/1.9 MB
2026.04.01 14:34:58 INFO  Progress (5): 1.8/6.3 MB | 2.3/12 MB | 1.2/2.6 MB | 1.1/1.1 MB | 1.5/1.9 MB
2026.04.01 14:34:58 INFO  Progress (5): 1.8/6.3 MB | 2.3/12 MB | 1.2/2.6 MB | 1.1/1.1 MB | 1.5/1.9 MB
2026.04.01 14:34:58 INFO  Progress (5): 1.8/6.3 MB | 2.3/12 MB | 1.2/2.6 MB | 1.1/1.1 MB | 1.5/1.9 MB
2026.04.01 14:34:58 INFO  Progress (5): 1.8/6.3 MB | 2.3/12 MB | 1.2/2.6 MB | 1.1/1.1 MB | 1.5/1.9 MB
2026.04.01 14:34:58 INFO  Progress (5): 1.8/6.3 MB | 2.3/12 MB | 1.2/2.6 MB | 1.1/1.1 MB | 1.5/1.9 MB
2026.04.01 14:34:58 INFO  Progress (5): 1.8/6.3 MB | 2.3/12 MB | 1.2/2.6 MB | 1.1/1.1 MB | 1.5/1.9 MB
2026.04.01 14:34:58 INFO  Progress (5): 1.8/6.3 MB | 2.3/12 MB | 1.2/2.6 MB | 1.1/1.1 MB | 1.5/1.9 MB
2026.04.01 14:34:58 INFO  Progress (5): 1.8/6.3 MB | 2.3/12 MB | 1.2/2.6 MB | 1.1 MB | 1.5/1.9 MB    
2026.04.01 14:34:58 INFO  Progress (5): 1.8/6.3 MB | 2.3/12 MB | 1.2/2.6 MB | 1.1 MB | 1.5/1.9 MB
2026.04.01 14:34:58 INFO  Progress (5): 1.8/6.3 MB | 2.3/12 MB | 1.2/2.6 MB | 1.1 MB | 1.5/1.9 MB
2026.04.01 14:34:58 INFO                                                                         
2026.04.01 14:34:58 INFO  Downloaded from central: https://repo.maven.apache.org/maven2/org/scala-lang/modules/scala-parallel-collections_2.13/0.2.0/scala-parallel-collections_2.13-0.2.0.jar (1.1 MB at 688 kB/s)
2026.04.01 14:34:58 INFO  Downloading from central: https://repo.maven.apache.org/maven2/net/java/dev/jna/jna-platform/5.12.0/jna-platform-5.12.0.jar
2026.04.01 14:34:58 INFO  Progress (4): 1.8/6.3 MB | 2.3/12 MB | 1.2/2.6 MB | 1.5/1.9 MB
2026.04.01 14:34:58 INFO  Progress (4): 1.8/6.3 MB | 2.3/12 MB | 1.2/2.6 MB | 1.5/1.9 MB
2026.04.01 14:34:58 INFO  Progress (4): 1.9/6.3 MB | 2.3/12 MB | 1.2/2.6 MB | 1.5/1.9 MB
2026.04.01 14:34:58 INFO  Progress (4): 1.9/6.3 MB | 2.3/12 MB | 1.2/2.6 MB | 1.5/1.9 MB
2026.04.01 14:34:58 INFO  Progress (4): 1.9/6.3 MB | 2.3/12 MB | 1.2/2.6 MB | 1.5/1.9 MB
2026.04.01 14:34:58 INFO  Progress (4): 1.9/6.3 MB | 2.3/12 MB | 1.2/2.6 MB | 1.5/1.9 MB
2026.04.01 14:34:58 INFO  Progress (4): 1.9/6.3 MB | 2.4/12 MB | 1.2/2.6 MB | 1.5/1.9 MB
2026.04.01 14:34:58 INFO  Progress (4): 1.9/6.3 MB | 2.4/12 MB | 1.2/2.6 MB | 1.5/1.9 MB
2026.04.01 14:34:58 INFO  Progress (4): 1.9/6.3 MB | 2.4/12 MB | 1.2/2.6 MB | 1.5/1.9 MB
2026.04.01 14:34:58 INFO  Progress (4): 1.9/6.3 MB | 2.4/12 MB | 1.2/2.6 MB | 1.5/1.9 MB
2026.04.01 14:34:58 INFO  Progress (4): 1.9/6.3 MB | 2.4/12 MB | 1.2/2.6 MB | 1.5/1.9 MB
2026.04.01 14:34:58 INFO  Progress (4): 1.9/6.3 MB | 2.4/12 MB | 1.2/2.6 MB | 1.5/1.9 MB
2026.04.01 14:34:58 INFO  Progress (4): 1.9/6.3 MB | 2.4/12 MB | 1.2/2.6 MB | 1.5/1.9 MB
2026.04.01 14:34:58 INFO  Progress (4): 1.9/6.3 MB | 2.4/12 MB | 1.2/2.6 MB | 1.5/1.9 MB
2026.04.01 14:34:58 INFO  Progress (4): 1.9/6.3 MB | 2.4/12 MB | 1.2/2.6 MB | 1.5/1.9 MB
2026.04.01 14:34:58 INFO  Progress (4): 1.9/6.3 MB | 2.4/12 MB | 1.2/2.6 MB | 1.5/1.9 MB
2026.04.01 14:34:58 INFO  Progress (4): 1.9/6.3 MB | 2.4/12 MB | 1.2/2.6 MB | 1.5/1.9 MB
2026.04.01 14:34:58 INFO  Progress (4): 1.9/6.3 MB | 2.4/12 MB | 1.3/2.6 MB | 1.5/1.9 MB
2026.04.01 14:34:58 INFO  Progress (4): 1.9/6.3 MB | 2.4/12 MB | 1.3/2.6 MB | 1.5/1.9 MB
2026.04.01 14:34:58 INFO  Progress (4): 2.0/6.3 MB | 2.4/12 MB | 1.3/2.6 MB | 1.5/1.9 MB
2026.04.01 14:34:58 INFO  Progress (4): 2.0/6.3 MB | 2.4/12 MB | 1.3/2.6 MB | 1.5/1.9 MB
2026.04.01 14:34:58 INFO  Progress (4): 2.0/6.3 MB | 2.5/12 MB | 1.3/2.6 MB | 1.5/1.9 MB
2026.04.01 14:34:58 INFO  Progress (4): 2.0/6.3 MB | 2.5/12 MB | 1.3/2.6 MB | 1.5/1.9 MB
2026.04.01 14:34:58 INFO  Progress (4): 2.0/6.3 MB | 2.5/12 MB | 1.3/2.6 MB | 1.5/1.9 MB
2026.04.01 14:34:58 INFO  Progress (4): 2.0/6.3 MB | 2.5/12 MB | 1.3/2.6 MB | 1.5/1.9 MB
2026.04.01 14:34:58 INFO  Progress (4): 2.0/6.3 MB | 2.5/12 MB | 1.3/2.6 MB | 1.5/1.9 MB
2026.04.01 14:34:58 INFO  Progress (4): 2.0/6.3 MB | 2.5/12 MB | 1.3/2.6 MB | 1.5/1.9 MB
2026.04.01 14:34:58 INFO  Progress (4): 2.0/6.3 MB | 2.5/12 MB | 1.3/2.6 MB | 1.5/1.9 MB
2026.04.01 14:34:58 INFO  Progress (4): 2.0/6.3 MB | 2.5/12 MB | 1.3/2.6 MB | 1.5/1.9 MB
2026.04.01 14:34:58 INFO  Progress (4): 2.0/6.3 MB | 2.5/12 MB | 1.3/2.6 MB | 1.5/1.9 MB
2026.04.01 14:34:58 INFO  Progress (4): 2.0/6.3 MB | 2.5/12 MB | 1.3/2.6 MB | 1.5/1.9 MB
2026.04.01 14:34:58 INFO  Progress (4): 2.0/6.3 MB | 2.6/12 MB | 1.3/2.6 MB | 1.5/1.9 MB
2026.04.01 14:34:58 INFO  Progress (4): 2.0/6.3 MB | 2.6/12 MB | 1.3/2.6 MB | 1.5/1.9 MB
2026.04.01 14:34:58 INFO  Progress (4): 2.0/6.3 MB | 2.6/12 MB | 1.3/2.6 MB | 1.5/1.9 MB
2026.04.01 14:34:58 INFO  Progress (4): 2.0/6.3 MB | 2.6/12 MB | 1.3/2.6 MB | 1.6/1.9 MB
2026.04.01 14:34:58 INFO  Progress (4): 2.0/6.3 MB | 2.6/12 MB | 1.3/2.6 MB | 1.6/1.9 MB
2026.04.01 14:34:58 INFO  Progress (4): 2.0/6.3 MB | 2.6/12 MB | 1.3/2.6 MB | 1.6/1.9 MB
2026.04.01 14:34:58 INFO  Progress (4): 2.0/6.3 MB | 2.6/12 MB | 1.3/2.6 MB | 1.6/1.9 MB
2026.04.01 14:34:58 INFO  Progress (4): 2.0/6.3 MB | 2.6/12 MB | 1.4/2.6 MB | 1.6/1.9 MB
2026.04.01 14:34:58 INFO  Progress (4): 2.0/6.3 MB | 2.6/12 MB | 1.4/2.6 MB | 1.6/1.9 MB
2026.04.01 14:34:58 INFO  Progress (4): 2.0/6.3 MB | 2.6/12 MB | 1.4/2.6 MB | 1.6/1.9 MB
2026.04.01 14:34:58 INFO  Progress (4): 2.0/6.3 MB | 2.6/12 MB | 1.4/2.6 MB | 1.6/1.9 MB
2026.04.01 14:34:58 INFO  Progress (4): 2.0/6.3 MB | 2.6/12 MB | 1.4/2.6 MB | 1.6/1.9 MB
2026.04.01 14:34:58 INFO  Progress (4): 2.0/6.3 MB | 2.6/12 MB | 1.4/2.6 MB | 1.6/1.9 MB
2026.04.01 14:34:58 INFO  Progress (4): 2.0/6.3 MB | 2.6/12 MB | 1.4/2.6 MB | 1.6/1.9 MB
2026.04.01 14:34:58 INFO  Progress (4): 2.0/6.3 MB | 2.6/12 MB | 1.4/2.6 MB | 1.6/1.9 MB
2026.04.01 14:34:58 INFO  Progress (4): 2.0/6.3 MB | 2.6/12 MB | 1.4/2.6 MB | 1.6/1.9 MB
2026.04.01 14:34:58 INFO  Progress (4): 2.0/6.3 MB | 2.6/12 MB | 1.4/2.6 MB | 1.6/1.9 MB
2026.04.01 14:34:58 INFO  Progress (4): 2.0/6.3 MB | 2.6/12 MB | 1.4/2.6 MB | 1.7/1.9 MB
2026.04.01 14:34:58 INFO  Progress (4): 2.0/6.3 MB | 2.6/12 MB | 1.4/2.6 MB | 1.7/1.9 MB
2026.04.01 14:34:58 INFO  Progress (4): 2.0/6.3 MB | 2.6/12 MB | 1.4/2.6 MB | 1.7/1.9 MB
2026.04.01 14:34:58 INFO  Progress (4): 2.0/6.3 MB | 2.6/12 MB | 1.4/2.6 MB | 1.7/1.9 MB
2026.04.01 14:34:58 INFO  Progress (4): 2.0/6.3 MB | 2.6/12 MB | 1.4/2.6 MB | 1.7/1.9 MB
2026.04.01 14:34:58 INFO  Progress (4): 2.0/6.3 MB | 2.6/12 MB | 1.4/2.6 MB | 1.7/1.9 MB
2026.04.01 14:34:58 INFO  Progress (4): 2.0/6.3 MB | 2.6/12 MB | 1.4/2.6 MB | 1.7/1.9 MB
2026.04.01 14:34:58 INFO  Progress (4): 2.0/6.3 MB | 2.6/12 MB | 1.4/2.6 MB | 1.7/1.9 MB
2026.04.01 14:34:58 INFO  Progress (4): 2.0/6.3 MB | 2.6/12 MB | 1.4/2.6 MB | 1.7/1.9 MB
2026.04.01 14:34:58 INFO  Progress (4): 2.0/6.3 MB | 2.7/12 MB | 1.4/2.6 MB | 1.7/1.9 MB
2026.04.01 14:34:58 INFO  Progress (4): 2.1/6.3 MB | 2.7/12 MB | 1.4/2.6 MB | 1.7/1.9 MB
2026.04.01 14:34:58 INFO  Progress (4): 2.1/6.3 MB | 2.7/12 MB | 1.4/2.6 MB | 1.7/1.9 MB
2026.04.01 14:34:58 INFO  Progress (5): 2.1/6.3 MB | 2.7/12 MB | 1.4/2.6 MB | 1.7/1.9 MB | 0/1.4 MB
2026.04.01 14:34:58 INFO  Progress (5): 2.1/6.3 MB | 2.7/12 MB | 1.4/2.6 MB | 1.7/1.9 MB | 0/1.4 MB
2026.04.01 14:34:58 INFO  Progress (5): 2.1/6.3 MB | 2.7/12 MB | 1.4/2.6 MB | 1.7/1.9 MB | 0/1.4 MB
2026.04.01 14:34:58 INFO  Progress (5): 2.1/6.3 MB | 2.7/12 MB | 1.4/2.6 MB | 1.7/1.9 MB | 0/1.4 MB
2026.04.01 14:34:58 INFO  Progress (5): 2.1/6.3 MB | 2.7/12 MB | 1.4/2.6 MB | 1.7/1.9 MB | 0/1.4 MB
2026.04.01 14:34:58 INFO  Progress (5): 2.1/6.3 MB | 2.7/12 MB | 1.4/2.6 MB | 1.7/1.9 MB | 0/1.4 MB
2026.04.01 14:34:58 INFO  Progress (5): 2.1/6.3 MB | 2.7/12 MB | 1.4/2.6 MB | 1.7/1.9 MB | 0/1.4 MB
2026.04.01 14:34:58 INFO  Progress (5): 2.1/6.3 MB | 2.7/12 MB | 1.4/2.6 MB | 1.7/1.9 MB | 0.1/1.4 MB
2026.04.01 14:34:58 INFO  Progress (5): 2.1/6.3 MB | 2.7/12 MB | 1.4/2.6 MB | 1.7/1.9 MB | 0.1/1.4 MB
2026.04.01 14:34:58 INFO  Progress (5): 2.1/6.3 MB | 2.7/12 MB | 1.4/2.6 MB | 1.7/1.9 MB | 0.1/1.4 MB
2026.04.01 14:34:58 INFO  Progress (5): 2.1/6.3 MB | 2.7/12 MB | 1.4/2.6 MB | 1.7/1.9 MB | 0.1/1.4 MB
2026.04.01 14:34:58 INFO  Progress (5): 2.1/6.3 MB | 2.7/12 MB | 1.4/2.6 MB | 1.7/1.9 MB | 0.1/1.4 MB
2026.04.01 14:34:58 INFO  Progress (5): 2.1/6.3 MB | 2.7/12 MB | 1.4/2.6 MB | 1.7/1.9 MB | 0.1/1.4 MB
2026.04.01 14:34:58 INFO  Progress (5): 2.1/6.3 MB | 2.7/12 MB | 1.4/2.6 MB | 1.7/1.9 MB | 0.1/1.4 MB
2026.04.01 14:34:58 INFO  Progress (5): 2.1/6.3 MB | 2.7/12 MB | 1.4/2.6 MB | 1.7/1.9 MB | 0.1/1.4 MB
2026.04.01 14:34:58 INFO  Progress (5): 2.1/6.3 MB | 2.7/12 MB | 1.4/2.6 MB | 1.7/1.9 MB | 0.1/1.4 MB
2026.04.01 14:34:58 INFO  Progress (5): 2.1/6.3 MB | 2.7/12 MB | 1.4/2.6 MB | 1.7/1.9 MB | 0.1/1.4 MB
2026.04.01 14:34:58 INFO  Progress (5): 2.1/6.3 MB | 2.7/12 MB | 1.4/2.6 MB | 1.7/1.9 MB | 0.1/1.4 MB
2026.04.01 14:34:58 INFO  Progress (5): 2.1/6.3 MB | 2.7/12 MB | 1.5/2.6 MB | 1.7/1.9 MB | 0.1/1.4 MB
2026.04.01 14:34:58 INFO  Progress (5): 2.1/6.3 MB | 2.7/12 MB | 1.5/2.6 MB | 1.7/1.9 MB | 0.1/1.4 MB
2026.04.01 14:34:58 INFO  Progress (5): 2.1/6.3 MB | 2.7/12 MB | 1.5/2.6 MB | 1.7/1.9 MB | 0.1/1.4 MB
2026.04.01 14:34:58 INFO  Progress (5): 2.1/6.3 MB | 2.7/12 MB | 1.5/2.6 MB | 1.7/1.9 MB | 0.1/1.4 MB
2026.04.01 14:34:58 INFO  Progress (5): 2.1/6.3 MB | 2.7/12 MB | 1.5/2.6 MB | 1.7/1.9 MB | 0.1/1.4 MB
2026.04.01 14:34:58 INFO  Progress (5): 2.1/6.3 MB | 2.7/12 MB | 1.5/2.6 MB | 1.7/1.9 MB | 0.1/1.4 MB
2026.04.01 14:34:58 INFO  Progress (5): 2.1/6.3 MB | 2.7/12 MB | 1.5/2.6 MB | 1.7/1.9 MB | 0.1/1.4 MB
2026.04.01 14:34:58 INFO  Progress (5): 2.1/6.3 MB | 2.7/12 MB | 1.5/2.6 MB | 1.7/1.9 MB | 0.1/1.4 MB
2026.04.01 14:34:58 INFO  Progress (5): 2.1/6.3 MB | 2.7/12 MB | 1.5/2.6 MB | 1.8/1.9 MB | 0.1/1.4 MB
2026.04.01 14:34:58 INFO  Progress (5): 2.1/6.3 MB | 2.7/12 MB | 1.5/2.6 MB | 1.8/1.9 MB | 0.1/1.4 MB
2026.04.01 14:34:58 INFO  Progress (5): 2.1/6.3 MB | 2.7/12 MB | 1.5/2.6 MB | 1.8/1.9 MB | 0.1/1.4 MB
2026.04.01 14:34:58 INFO  Progress (5): 2.1/6.3 MB | 2.7/12 MB | 1.5/2.6 MB | 1.8/1.9 MB | 0.1/1.4 MB
2026.04.01 14:34:58 INFO  Progress (5): 2.1/6.3 MB | 2.8/12 MB | 1.5/2.6 MB | 1.8/1.9 MB | 0.1/1.4 MB
2026.04.01 14:34:58 INFO  Progress (5): 2.1/6.3 MB | 2.8/12 MB | 1.5/2.6 MB | 1.8/1.9 MB | 0.1/1.4 MB
2026.04.01 14:34:58 INFO  Progress (5): 2.1/6.3 MB | 2.8/12 MB | 1.5/2.6 MB | 1.8/1.9 MB | 0.1/1.4 MB
2026.04.01 14:34:58 INFO  Progress (5): 2.1/6.3 MB | 2.8/12 MB | 1.5/2.6 MB | 1.8/1.9 MB | 0.1/1.4 MB
2026.04.01 14:34:58 INFO  Progress (5): 2.1/6.3 MB | 2.8/12 MB | 1.5/2.6 MB | 1.8/1.9 MB | 0.1/1.4 MB
2026.04.01 14:34:58 INFO  Progress (5): 2.1/6.3 MB | 2.8/12 MB | 1.5/2.6 MB | 1.8/1.9 MB | 0.1/1.4 MB
2026.04.01 14:34:58 INFO  Progress (5): 2.1/6.3 MB | 2.8/12 MB | 1.5/2.6 MB | 1.8/1.9 MB | 0.1/1.4 MB
2026.04.01 14:34:58 INFO  Progress (5): 2.1/6.3 MB | 2.8/12 MB | 1.5/2.6 MB | 1.8/1.9 MB | 0.1/1.4 MB
2026.04.01 14:34:58 INFO  Progress (5): 2.1/6.3 MB | 2.8/12 MB | 1.5/2.6 MB | 1.8/1.9 MB | 0.1/1.4 MB
2026.04.01 14:34:58 INFO  Progress (5): 2.1/6.3 MB | 2.8/12 MB | 1.5/2.6 MB | 1.8/1.9 MB | 0.1/1.4 MB
2026.04.01 14:34:58 INFO  Progress (5): 2.1/6.3 MB | 2.8/12 MB | 1.5/2.6 MB | 1.8/1.9 MB | 0.1/1.4 MB
2026.04.01 14:34:58 INFO  Progress (5): 2.1/6.3 MB | 2.8/12 MB | 1.5/2.6 MB | 1.8/1.9 MB | 0.1/1.4 MB
2026.04.01 14:34:58 INFO  Progress (5): 2.1/6.3 MB | 2.8/12 MB | 1.5/2.6 MB | 1.8/1.9 MB | 0.1/1.4 MB
2026.04.01 14:34:58 INFO  Progress (5): 2.1/6.3 MB | 2.8/12 MB | 1.6/2.6 MB | 1.8/1.9 MB | 0.1/1.4 MB
2026.04.01 14:34:58 INFO  Progress (5): 2.1/6.3 MB | 2.9/12 MB | 1.6/2.6 MB | 1.8/1.9 MB | 0.1/1.4 MB
2026.04.01 14:34:58 INFO  Progress (5): 2.1/6.3 MB | 2.9/12 MB | 1.6/2.6 MB | 1.8/1.9 MB | 0.1/1.4 MB
2026.04.01 14:34:58 INFO  Progress (5): 2.1/6.3 MB | 2.9/12 MB | 1.6/2.6 MB | 1.8/1.9 MB | 0.1/1.4 MB
2026.04.01 14:34:58 INFO  Progress (5): 2.2/6.3 MB | 2.9/12 MB | 1.6/2.6 MB | 1.8/1.9 MB | 0.1/1.4 MB
2026.04.01 14:34:58 INFO  Progress (5): 2.2/6.3 MB | 2.9/12 MB | 1.6/2.6 MB | 1.8/1.9 MB | 0.1/1.4 MB
2026.04.01 14:34:58 INFO  Progress (5): 2.2/6.3 MB | 2.9/12 MB | 1.6/2.6 MB | 1.8/1.9 MB | 0.2/1.4 MB
2026.04.01 14:34:58 INFO  Progress (5): 2.2/6.3 MB | 2.9/12 MB | 1.6/2.6 MB | 1.9/1.9 MB | 0.2/1.4 MB
2026.04.01 14:34:58 INFO  Progress (5): 2.2/6.3 MB | 2.9/12 MB | 1.6/2.6 MB | 1.9 MB | 0.2/1.4 MB    
2026.04.01 14:34:58 INFO                                                                         
2026.04.01 14:34:58 INFO  Downloaded from central: https://repo.maven.apache.org/maven2/net/java/dev/jna/jna/5.12.0/jna-5.12.0.jar (1.9 MB at 966 kB/s)
2026.04.01 14:34:58 INFO  Downloading from central: https://repo.maven.apache.org/maven2/org/scala-sbt/util-logging_2.13/1.8.0/util-logging_2.13-1.8.0.jar
2026.04.01 14:34:58 INFO  Progress (4): 2.2/6.3 MB | 2.9/12 MB | 1.6/2.6 MB | 0.2/1.4 MB
2026.04.01 14:34:58 INFO  Progress (4): 2.2/6.3 MB | 2.9/12 MB | 1.6/2.6 MB | 0.2/1.4 MB
2026.04.01 14:34:58 INFO  Progress (4): 2.2/6.3 MB | 2.9/12 MB | 1.6/2.6 MB | 0.2/1.4 MB
2026.04.01 14:34:58 INFO  Progress (4): 2.2/6.3 MB | 2.9/12 MB | 1.6/2.6 MB | 0.2/1.4 MB
2026.04.01 14:34:58 INFO  Progress (4): 2.2/6.3 MB | 2.9/12 MB | 1.6/2.6 MB | 0.2/1.4 MB
2026.04.01 14:34:58 INFO  Progress (4): 2.2/6.3 MB | 2.9/12 MB | 1.6/2.6 MB | 0.2/1.4 MB
2026.04.01 14:34:58 INFO  Progress (4): 2.2/6.3 MB | 2.9/12 MB | 1.6/2.6 MB | 0.2/1.4 MB
2026.04.01 14:34:58 INFO  Progress (4): 2.2/6.3 MB | 2.9/12 MB | 1.6/2.6 MB | 0.2/1.4 MB
2026.04.01 14:34:58 INFO  Progress (4): 2.2/6.3 MB | 2.9/12 MB | 1.6/2.6 MB | 0.2/1.4 MB
2026.04.01 14:34:58 INFO  Progress (4): 2.2/6.3 MB | 2.9/12 MB | 1.6/2.6 MB | 0.2/1.4 MB
2026.04.01 14:34:58 INFO  Progress (4): 2.2/6.3 MB | 2.9/12 MB | 1.6/2.6 MB | 0.2/1.4 MB
2026.04.01 14:34:58 INFO  Progress (4): 2.2/6.3 MB | 2.9/12 MB | 1.6/2.6 MB | 0.2/1.4 MB
2026.04.01 14:34:58 INFO  Progress (4): 2.2/6.3 MB | 3.0/12 MB | 1.6/2.6 MB | 0.2/1.4 MB
2026.04.01 14:34:58 INFO  Progress (4): 2.2/6.3 MB | 3.0/12 MB | 1.6/2.6 MB | 0.2/1.4 MB
2026.04.01 14:34:58 INFO  Progress (4): 2.2/6.3 MB | 3.0/12 MB | 1.6/2.6 MB | 0.2/1.4 MB
2026.04.01 14:34:58 INFO  Progress (4): 2.2/6.3 MB | 3.0/12 MB | 1.6/2.6 MB | 0.2/1.4 MB
2026.04.01 14:34:58 INFO  Progress (4): 2.2/6.3 MB | 3.0/12 MB | 1.6/2.6 MB | 0.2/1.4 MB
2026.04.01 14:34:58 INFO  Progress (4): 2.2/6.3 MB | 3.0/12 MB | 1.6/2.6 MB | 0.2/1.4 MB
2026.04.01 14:34:58 INFO  Progress (4): 2.2/6.3 MB | 3.0/12 MB | 1.6/2.6 MB | 0.2/1.4 MB
2026.04.01 14:34:58 INFO  Progress (4): 2.2/6.3 MB | 3.0/12 MB | 1.6/2.6 MB | 0.2/1.4 MB
2026.04.01 14:34:58 INFO  Progress (4): 2.2/6.3 MB | 3.0/12 MB | 1.6/2.6 MB | 0.2/1.4 MB
2026.04.01 14:34:58 INFO  Progress (4): 2.2/6.3 MB | 3.0/12 MB | 1.6/2.6 MB | 0.2/1.4 MB
2026.04.01 14:34:58 INFO  Progress (4): 2.2/6.3 MB | 3.0/12 MB | 1.7/2.6 MB | 0.2/1.4 MB
2026.04.01 14:34:58 INFO  Progress (4): 2.2/6.3 MB | 3.0/12 MB | 1.7/2.6 MB | 0.3/1.4 MB
2026.04.01 14:34:58 INFO  Progress (4): 2.2/6.3 MB | 3.0/12 MB | 1.7/2.6 MB | 0.3/1.4 MB
2026.04.01 14:34:58 INFO  Progress (4): 2.2/6.3 MB | 3.0/12 MB | 1.7/2.6 MB | 0.3/1.4 MB
2026.04.01 14:34:58 INFO  Progress (4): 2.3/6.3 MB | 3.0/12 MB | 1.7/2.6 MB | 0.3/1.4 MB
2026.04.01 14:34:58 INFO  Progress (4): 2.3/6.3 MB | 3.1/12 MB | 1.7/2.6 MB | 0.3/1.4 MB
2026.04.01 14:34:58 INFO  Progress (4): 2.3/6.3 MB | 3.1/12 MB | 1.7/2.6 MB | 0.3/1.4 MB
2026.04.01 14:34:58 INFO  Progress (4): 2.3/6.3 MB | 3.1/12 MB | 1.7/2.6 MB | 0.3/1.4 MB
2026.04.01 14:34:58 INFO  Progress (4): 2.3/6.3 MB | 3.1/12 MB | 1.7/2.6 MB | 0.3/1.4 MB
2026.04.01 14:34:58 INFO  Progress (4): 2.3/6.3 MB | 3.1/12 MB | 1.7/2.6 MB | 0.3/1.4 MB
2026.04.01 14:34:58 INFO  Progress (4): 2.3/6.3 MB | 3.1/12 MB | 1.7/2.6 MB | 0.3/1.4 MB
2026.04.01 14:34:58 INFO  Progress (4): 2.3/6.3 MB | 3.1/12 MB | 1.7/2.6 MB | 0.3/1.4 MB
2026.04.01 14:34:58 INFO  Progress (4): 2.3/6.3 MB | 3.1/12 MB | 1.7/2.6 MB | 0.3/1.4 MB
2026.04.01 14:34:58 INFO  Progress (4): 2.3/6.3 MB | 3.1/12 MB | 1.7/2.6 MB | 0.3/1.4 MB
2026.04.01 14:34:58 INFO  Progress (4): 2.3/6.3 MB | 3.1/12 MB | 1.7/2.6 MB | 0.3/1.4 MB
2026.04.01 14:34:58 INFO  Progress (4): 2.3/6.3 MB | 3.1/12 MB | 1.7/2.6 MB | 0.3/1.4 MB
2026.04.01 14:34:58 INFO  Progress (4): 2.3/6.3 MB | 3.1/12 MB | 1.7/2.6 MB | 0.3/1.4 MB
2026.04.01 14:34:58 INFO  Progress (4): 2.3/6.3 MB | 3.1/12 MB | 1.7/2.6 MB | 0.3/1.4 MB
2026.04.01 14:34:58 INFO  Progress (4): 2.3/6.3 MB | 3.1/12 MB | 1.7/2.6 MB | 0.3/1.4 MB
2026.04.01 14:34:58 INFO  Progress (4): 2.3/6.3 MB | 3.1/12 MB | 1.7/2.6 MB | 0.3/1.4 MB
2026.04.01 14:34:58 INFO  Progress (4): 2.3/6.3 MB | 3.1/12 MB | 1.7/2.6 MB | 0.3/1.4 MB
2026.04.01 14:34:58 INFO  Progress (4): 2.3/6.3 MB | 3.1/12 MB | 1.7/2.6 MB | 0.3/1.4 MB
2026.04.01 14:34:58 INFO  Progress (4): 2.3/6.3 MB | 3.2/12 MB | 1.7/2.6 MB | 0.3/1.4 MB
2026.04.01 14:34:58 INFO  Progress (4): 2.3/6.3 MB | 3.2/12 MB | 1.7/2.6 MB | 0.3/1.4 MB
2026.04.01 14:34:58 INFO  Progress (4): 2.3/6.3 MB | 3.2/12 MB | 1.7/2.6 MB | 0.3/1.4 MB
2026.04.01 14:34:58 INFO  Progress (4): 2.3/6.3 MB | 3.2/12 MB | 1.7/2.6 MB | 0.3/1.4 MB
2026.04.01 14:34:58 INFO  Progress (4): 2.3/6.3 MB | 3.2/12 MB | 1.8/2.6 MB | 0.3/1.4 MB
2026.04.01 14:34:58 INFO  Progress (4): 2.3/6.3 MB | 3.2/12 MB | 1.8/2.6 MB | 0.3/1.4 MB
2026.04.01 14:34:58 INFO  Progress (4): 2.3/6.3 MB | 3.2/12 MB | 1.8/2.6 MB | 0.3/1.4 MB
2026.04.01 14:34:58 INFO  Progress (4): 2.3/6.3 MB | 3.2/12 MB | 1.8/2.6 MB | 0.4/1.4 MB
2026.04.01 14:34:58 INFO  Progress (5): 2.3/6.3 MB | 3.2/12 MB | 1.8/2.6 MB | 0.4/1.4 MB | 7.7/463 kB
2026.04.01 14:34:58 INFO  Progress (5): 2.3/6.3 MB | 3.2/12 MB | 1.8/2.6 MB | 0.4/1.4 MB | 16/463 kB 
2026.04.01 14:34:58 INFO  Progress (5): 2.3/6.3 MB | 3.2/12 MB | 1.8/2.6 MB | 0.4/1.4 MB | 16/463 kB
2026.04.01 14:34:58 INFO  Progress (5): 2.3/6.3 MB | 3.2/12 MB | 1.8/2.6 MB | 0.4/1.4 MB | 16/463 kB
2026.04.01 14:34:58 INFO  Progress (5): 2.3/6.3 MB | 3.2/12 MB | 1.8/2.6 MB | 0.4/1.4 MB | 29/463 kB
2026.04.01 14:34:58 INFO  Progress (5): 2.3/6.3 MB | 3.2/12 MB | 1.8/2.6 MB | 0.4/1.4 MB | 29/463 kB
2026.04.01 14:34:58 INFO  Progress (5): 2.4/6.3 MB | 3.2/12 MB | 1.8/2.6 MB | 0.4/1.4 MB | 29/463 kB
2026.04.01 14:34:58 INFO  Progress (5): 2.4/6.3 MB | 3.2/12 MB | 1.8/2.6 MB | 0.4/1.4 MB | 29/463 kB
2026.04.01 14:34:58 INFO  Progress (5): 2.4/6.3 MB | 3.2/12 MB | 1.8/2.6 MB | 0.4/1.4 MB | 29/463 kB
2026.04.01 14:34:58 INFO  Progress (5): 2.4/6.3 MB | 3.2/12 MB | 1.8/2.6 MB | 0.4/1.4 MB | 29/463 kB
2026.04.01 14:34:58 INFO  Progress (5): 2.4/6.3 MB | 3.2/12 MB | 1.8/2.6 MB | 0.4/1.4 MB | 45/463 kB
2026.04.01 14:34:58 INFO  Progress (5): 2.4/6.3 MB | 3.2/12 MB | 1.8/2.6 MB | 0.4/1.4 MB | 45/463 kB
2026.04.01 14:34:58 INFO  Progress (5): 2.4/6.3 MB | 3.2/12 MB | 1.8/2.6 MB | 0.4/1.4 MB | 45/463 kB
2026.04.01 14:34:58 INFO  Progress (5): 2.4/6.3 MB | 3.3/12 MB | 1.8/2.6 MB | 0.4/1.4 MB | 45/463 kB
2026.04.01 14:34:58 INFO  Progress (5): 2.4/6.3 MB | 3.3/12 MB | 1.8/2.6 MB | 0.4/1.4 MB | 45/463 kB
2026.04.01 14:34:58 INFO  Progress (5): 2.4/6.3 MB | 3.3/12 MB | 1.8/2.6 MB | 0.4/1.4 MB | 61/463 kB
2026.04.01 14:34:58 INFO  Progress (5): 2.4/6.3 MB | 3.3/12 MB | 1.8/2.6 MB | 0.4/1.4 MB | 61/463 kB
2026.04.01 14:34:58 INFO  Progress (5): 2.4/6.3 MB | 3.3/12 MB | 1.8/2.6 MB | 0.4/1.4 MB | 61/463 kB
2026.04.01 14:34:58 INFO  Progress (5): 2.4/6.3 MB | 3.3/12 MB | 1.8/2.6 MB | 0.4/1.4 MB | 61/463 kB
2026.04.01 14:34:58 INFO  Progress (5): 2.4/6.3 MB | 3.3/12 MB | 1.8/2.6 MB | 0.4/1.4 MB | 78/463 kB
2026.04.01 14:34:58 INFO  Progress (5): 2.4/6.3 MB | 3.3/12 MB | 1.8/2.6 MB | 0.4/1.4 MB | 78/463 kB
2026.04.01 14:34:58 INFO  Progress (5): 2.4/6.3 MB | 3.3/12 MB | 1.8/2.6 MB | 0.4/1.4 MB | 78/463 kB
2026.04.01 14:34:58 INFO  Progress (5): 2.4/6.3 MB | 3.3/12 MB | 1.8/2.6 MB | 0.4/1.4 MB | 78/463 kB
2026.04.01 14:34:58 INFO  Progress (5): 2.4/6.3 MB | 3.3/12 MB | 1.8/2.6 MB | 0.4/1.4 MB | 78/463 kB
2026.04.01 14:34:58 INFO  Progress (5): 2.4/6.3 MB | 3.3/12 MB | 1.8/2.6 MB | 0.4/1.4 MB | 78/463 kB
2026.04.01 14:34:58 INFO  Progress (5): 2.4/6.3 MB | 3.3/12 MB | 1.8/2.6 MB | 0.4/1.4 MB | 94/463 kB
2026.04.01 14:34:58 INFO  Progress (5): 2.4/6.3 MB | 3.3/12 MB | 1.8/2.6 MB | 0.4/1.4 MB | 94/463 kB
2026.04.01 14:34:58 INFO  Progress (5): 2.4/6.3 MB | 3.3/12 MB | 1.8/2.6 MB | 0.4/1.4 MB | 94/463 kB
2026.04.01 14:34:58 INFO  Progress (5): 2.4/6.3 MB | 3.3/12 MB | 1.8/2.6 MB | 0.4/1.4 MB | 94/463 kB
2026.04.01 14:34:58 INFO  Progress (5): 2.4/6.3 MB | 3.3/12 MB | 1.9/2.6 MB | 0.4/1.4 MB | 94/463 kB
2026.04.01 14:34:58 INFO  Progress (5): 2.4/6.3 MB | 3.3/12 MB | 1.9/2.6 MB | 0.4/1.4 MB | 111/463 kB
2026.04.01 14:34:58 INFO  Progress (5): 2.4/6.3 MB | 3.3/12 MB | 1.9/2.6 MB | 0.4/1.4 MB | 111/463 kB
2026.04.01 14:34:58 INFO  Progress (5): 2.4/6.3 MB | 3.3/12 MB | 1.9/2.6 MB | 0.5/1.4 MB | 111/463 kB
2026.04.01 14:34:58 INFO  Progress (5): 2.4/6.3 MB | 3.4/12 MB | 1.9/2.6 MB | 0.5/1.4 MB | 111/463 kB
2026.04.01 14:34:58 INFO  Progress (5): 2.4/6.3 MB | 3.4/12 MB | 1.9/2.6 MB | 0.5/1.4 MB | 111/463 kB
2026.04.01 14:34:58 INFO  Progress (5): 2.4/6.3 MB | 3.4/12 MB | 1.9/2.6 MB | 0.5/1.4 MB | 111/463 kB
2026.04.01 14:34:58 INFO  Progress (5): 2.4/6.3 MB | 3.4/12 MB | 1.9/2.6 MB | 0.5/1.4 MB | 127/463 kB
2026.04.01 14:34:58 INFO  Progress (5): 2.4/6.3 MB | 3.4/12 MB | 1.9/2.6 MB | 0.5/1.4 MB | 127/463 kB
2026.04.01 14:34:58 INFO  Progress (5): 2.4/6.3 MB | 3.4/12 MB | 1.9/2.6 MB | 0.5/1.4 MB | 127/463 kB
2026.04.01 14:34:58 INFO  Progress (5): 2.4/6.3 MB | 3.4/12 MB | 1.9/2.6 MB | 0.5/1.4 MB | 127/463 kB
2026.04.01 14:34:58 INFO  Progress (5): 2.4/6.3 MB | 3.4/12 MB | 1.9/2.6 MB | 0.5/1.4 MB | 127/463 kB
2026.04.01 14:34:58 INFO  Progress (5): 2.4/6.3 MB | 3.4/12 MB | 1.9/2.6 MB | 0.5/1.4 MB | 143/463 kB
2026.04.01 14:34:58 INFO  Progress (5): 2.4/6.3 MB | 3.4/12 MB | 1.9/2.6 MB | 0.5/1.4 MB | 143/463 kB
2026.04.01 14:34:58 INFO  Progress (5): 2.4/6.3 MB | 3.4/12 MB | 1.9/2.6 MB | 0.5/1.4 MB | 143/463 kB
2026.04.01 14:34:58 INFO  Progress (5): 2.4/6.3 MB | 3.4/12 MB | 1.9/2.6 MB | 0.5/1.4 MB | 143/463 kB
2026.04.01 14:34:58 INFO  Progress (5): 2.4/6.3 MB | 3.4/12 MB | 1.9/2.6 MB | 0.5/1.4 MB | 143/463 kB
2026.04.01 14:34:58 INFO  Progress (5): 2.4/6.3 MB | 3.4/12 MB | 1.9/2.6 MB | 0.5/1.4 MB | 160/463 kB
2026.04.01 14:34:58 INFO  Progress (5): 2.4/6.3 MB | 3.4/12 MB | 1.9/2.6 MB | 0.5/1.4 MB | 160/463 kB
2026.04.01 14:34:58 INFO  Progress (5): 2.5/6.3 MB | 3.4/12 MB | 1.9/2.6 MB | 0.5/1.4 MB | 160/463 kB
2026.04.01 14:34:58 INFO  Progress (5): 2.5/6.3 MB | 3.4/12 MB | 1.9/2.6 MB | 0.5/1.4 MB | 160/463 kB
2026.04.01 14:34:58 INFO  Progress (5): 2.5/6.3 MB | 3.4/12 MB | 1.9/2.6 MB | 0.5/1.4 MB | 160/463 kB
2026.04.01 14:34:58 INFO  Progress (5): 2.5/6.3 MB | 3.4/12 MB | 1.9/2.6 MB | 0.5/1.4 MB | 160/463 kB
2026.04.01 14:34:58 INFO  Progress (5): 2.5/6.3 MB | 3.4/12 MB | 1.9/2.6 MB | 0.5/1.4 MB | 160/463 kB
2026.04.01 14:34:58 INFO  Progress (5): 2.5/6.3 MB | 3.4/12 MB | 1.9/2.6 MB | 0.5/1.4 MB | 176/463 kB
2026.04.01 14:34:58 INFO  Progress (5): 2.5/6.3 MB | 3.4/12 MB | 1.9/2.6 MB | 0.5/1.4 MB | 176/463 kB
2026.04.01 14:34:58 INFO  Progress (5): 2.5/6.3 MB | 3.5/12 MB | 1.9/2.6 MB | 0.5/1.4 MB | 176/463 kB
2026.04.01 14:34:58 INFO  Progress (5): 2.5/6.3 MB | 3.5/12 MB | 1.9/2.6 MB | 0.5/1.4 MB | 176/463 kB
2026.04.01 14:34:58 INFO  Progress (5): 2.5/6.3 MB | 3.5/12 MB | 1.9/2.6 MB | 0.5/1.4 MB | 176/463 kB
2026.04.01 14:34:58 INFO  Progress (5): 2.5/6.3 MB | 3.5/12 MB | 1.9/2.6 MB | 0.5/1.4 MB | 176/463 kB
2026.04.01 14:34:58 INFO  Progress (5): 2.5/6.3 MB | 3.5/12 MB | 1.9/2.6 MB | 0.5/1.4 MB | 176/463 kB
2026.04.01 14:34:58 INFO  Progress (5): 2.5/6.3 MB | 3.5/12 MB | 1.9/2.6 MB | 0.5/1.4 MB | 193/463 kB
2026.04.01 14:34:58 INFO  Progress (5): 2.5/6.3 MB | 3.5/12 MB | 1.9/2.6 MB | 0.5/1.4 MB | 193/463 kB
2026.04.01 14:34:58 INFO  Progress (5): 2.5/6.3 MB | 3.5/12 MB | 1.9/2.6 MB | 0.5/1.4 MB | 193/463 kB
2026.04.01 14:34:58 INFO  Progress (5): 2.5/6.3 MB | 3.5/12 MB | 1.9/2.6 MB | 0.6/1.4 MB | 193/463 kB
2026.04.01 14:34:58 INFO  Progress (5): 2.5/6.3 MB | 3.5/12 MB | 1.9/2.6 MB | 0.6/1.4 MB | 209/463 kB
2026.04.01 14:34:58 INFO  Progress (5): 2.5/6.3 MB | 3.5/12 MB | 1.9/2.6 MB | 0.6/1.4 MB | 209/463 kB
2026.04.01 14:34:58 INFO  Progress (5): 2.5/6.3 MB | 3.5/12 MB | 1.9/2.6 MB | 0.6/1.4 MB | 209/463 kB
2026.04.01 14:34:58 INFO  Progress (5): 2.5/6.3 MB | 3.5/12 MB | 2.0/2.6 MB | 0.6/1.4 MB | 209/463 kB
2026.04.01 14:34:58 INFO  Progress (5): 2.5/6.3 MB | 3.5/12 MB | 2.0/2.6 MB | 0.6/1.4 MB | 209/463 kB
2026.04.01 14:34:58 INFO  Progress (5): 2.5/6.3 MB | 3.5/12 MB | 2.0/2.6 MB | 0.6/1.4 MB | 209/463 kB
2026.04.01 14:34:58 INFO  Progress (5): 2.5/6.3 MB | 3.5/12 MB | 2.0/2.6 MB | 0.6/1.4 MB | 225/463 kB
2026.04.01 14:34:58 INFO  Progress (5): 2.5/6.3 MB | 3.5/12 MB | 2.0/2.6 MB | 0.6/1.4 MB | 225/463 kB
2026.04.01 14:34:58 INFO  Progress (5): 2.5/6.3 MB | 3.5/12 MB | 2.0/2.6 MB | 0.6/1.4 MB | 225/463 kB
2026.04.01 14:34:58 INFO  Progress (5): 2.5/6.3 MB | 3.5/12 MB | 2.0/2.6 MB | 0.6/1.4 MB | 225/463 kB
2026.04.01 14:34:58 INFO  Progress (5): 2.5/6.3 MB | 3.5/12 MB | 2.0/2.6 MB | 0.6/1.4 MB | 225/463 kB
2026.04.01 14:34:58 INFO  Progress (5): 2.5/6.3 MB | 3.5/12 MB | 2.0/2.6 MB | 0.6/1.4 MB | 242/463 kB
2026.04.01 14:34:58 INFO  Progress (5): 2.5/6.3 MB | 3.6/12 MB | 2.0/2.6 MB | 0.6/1.4 MB | 242/463 kB
2026.04.01 14:34:58 INFO  Progress (5): 2.5/6.3 MB | 3.6/12 MB | 2.0/2.6 MB | 0.6/1.4 MB | 242/463 kB
2026.04.01 14:34:58 INFO  Progress (5): 2.5/6.3 MB | 3.6/12 MB | 2.0/2.6 MB | 0.6/1.4 MB | 242/463 kB
2026.04.01 14:34:58 INFO  Progress (5): 2.5/6.3 MB | 3.6/12 MB | 2.0/2.6 MB | 0.6/1.4 MB | 242/463 kB
2026.04.01 14:34:58 INFO  Progress (5): 2.5/6.3 MB | 3.6/12 MB | 2.0/2.6 MB | 0.6/1.4 MB | 242/463 kB
2026.04.01 14:34:58 INFO  Progress (5): 2.5/6.3 MB | 3.6/12 MB | 2.0/2.6 MB | 0.6/1.4 MB | 258/463 kB
2026.04.01 14:34:58 INFO  Progress (5): 2.5/6.3 MB | 3.6/12 MB | 2.0/2.6 MB | 0.6/1.4 MB | 258/463 kB
2026.04.01 14:34:58 INFO  Progress (5): 2.5/6.3 MB | 3.6/12 MB | 2.0/2.6 MB | 0.6/1.4 MB | 258/463 kB
2026.04.01 14:34:58 INFO  Progress (5): 2.5/6.3 MB | 3.6/12 MB | 2.0/2.6 MB | 0.6/1.4 MB | 258/463 kB
2026.04.01 14:34:58 INFO  Progress (5): 2.5/6.3 MB | 3.6/12 MB | 2.0/2.6 MB | 0.6/1.4 MB | 274/463 kB
2026.04.01 14:34:58 INFO  Progress (5): 2.5/6.3 MB | 3.6/12 MB | 2.0/2.6 MB | 0.6/1.4 MB | 274/463 kB
2026.04.01 14:34:58 INFO  Progress (5): 2.5/6.3 MB | 3.6/12 MB | 2.0/2.6 MB | 0.6/1.4 MB | 274/463 kB
2026.04.01 14:34:58 INFO  Progress (5): 2.5/6.3 MB | 3.6/12 MB | 2.0/2.6 MB | 0.6/1.4 MB | 274/463 kB
2026.04.01 14:34:58 INFO  Progress (5): 2.5/6.3 MB | 3.6/12 MB | 2.0/2.6 MB | 0.6/1.4 MB | 274/463 kB
2026.04.01 14:34:58 INFO  Progress (5): 2.5/6.3 MB | 3.6/12 MB | 2.0/2.6 MB | 0.6/1.4 MB | 274/463 kB
2026.04.01 14:34:58 INFO  Progress (5): 2.5/6.3 MB | 3.6/12 MB | 2.0/2.6 MB | 0.6/1.4 MB | 291/463 kB
2026.04.01 14:34:58 INFO  Progress (5): 2.5/6.3 MB | 3.6/12 MB | 2.0/2.6 MB | 0.6/1.4 MB | 291/463 kB
2026.04.01 14:34:58 INFO  Progress (5): 2.5/6.3 MB | 3.6/12 MB | 2.0/2.6 MB | 0.6/1.4 MB | 291/463 kB
2026.04.01 14:34:58 INFO  Progress (5): 2.5/6.3 MB | 3.6/12 MB | 2.0/2.6 MB | 0.6/1.4 MB | 307/463 kB
2026.04.01 14:34:58 INFO  Progress (5): 2.5/6.3 MB | 3.6/12 MB | 2.0/2.6 MB | 0.6/1.4 MB | 307/463 kB
2026.04.01 14:34:58 INFO  Progress (5): 2.5/6.3 MB | 3.6/12 MB | 2.0/2.6 MB | 0.7/1.4 MB | 307/463 kB
2026.04.01 14:34:58 INFO  Progress (5): 2.5/6.3 MB | 3.6/12 MB | 2.1/2.6 MB | 0.7/1.4 MB | 307/463 kB
2026.04.01 14:34:58 INFO  Progress (5): 2.6/6.3 MB | 3.6/12 MB | 2.1/2.6 MB | 0.7/1.4 MB | 307/463 kB
2026.04.01 14:34:58 INFO  Progress (5): 2.6/6.3 MB | 3.7/12 MB | 2.1/2.6 MB | 0.7/1.4 MB | 307/463 kB
2026.04.01 14:34:58 INFO  Progress (5): 2.6/6.3 MB | 3.7/12 MB | 2.1/2.6 MB | 0.7/1.4 MB | 324/463 kB
2026.04.01 14:34:58 INFO  Progress (5): 2.6/6.3 MB | 3.7/12 MB | 2.1/2.6 MB | 0.7/1.4 MB | 324/463 kB
2026.04.01 14:34:58 INFO  Progress (5): 2.6/6.3 MB | 3.7/12 MB | 2.1/2.6 MB | 0.7/1.4 MB | 324/463 kB
2026.04.01 14:34:58 INFO  Progress (5): 2.6/6.3 MB | 3.7/12 MB | 2.1/2.6 MB | 0.7/1.4 MB | 324/463 kB
2026.04.01 14:34:58 INFO  Progress (5): 2.6/6.3 MB | 3.7/12 MB | 2.1/2.6 MB | 0.7/1.4 MB | 324/463 kB
2026.04.01 14:34:58 INFO  Progress (5): 2.6/6.3 MB | 3.7/12 MB | 2.1/2.6 MB | 0.7/1.4 MB | 324/463 kB
2026.04.01 14:34:58 INFO  Progress (5): 2.6/6.3 MB | 3.7/12 MB | 2.1/2.6 MB | 0.7/1.4 MB | 340/463 kB
2026.04.01 14:34:58 INFO  Progress (5): 2.6/6.3 MB | 3.7/12 MB | 2.1/2.6 MB | 0.7/1.4 MB | 340/463 kB
2026.04.01 14:34:58 INFO  Progress (5): 2.6/6.3 MB | 3.7/12 MB | 2.1/2.6 MB | 0.7/1.4 MB | 340/463 kB
2026.04.01 14:34:58 INFO  Progress (5): 2.6/6.3 MB | 3.7/12 MB | 2.1/2.6 MB | 0.7/1.4 MB | 340/463 kB
2026.04.01 14:34:58 INFO  Progress (5): 2.6/6.3 MB | 3.7/12 MB | 2.1/2.6 MB | 0.7/1.4 MB | 356/463 kB
2026.04.01 14:34:58 INFO  Progress (5): 2.6/6.3 MB | 3.7/12 MB | 2.1/2.6 MB | 0.7/1.4 MB | 356/463 kB
2026.04.01 14:34:58 INFO  Progress (5): 2.6/6.3 MB | 3.7/12 MB | 2.1/2.6 MB | 0.7/1.4 MB | 356/463 kB
2026.04.01 14:34:58 INFO  Progress (5): 2.6/6.3 MB | 3.7/12 MB | 2.1/2.6 MB | 0.7/1.4 MB | 356/463 kB
2026.04.01 14:34:58 INFO  Progress (5): 2.6/6.3 MB | 3.7/12 MB | 2.1/2.6 MB | 0.7/1.4 MB | 373/463 kB
2026.04.01 14:34:58 INFO  Progress (5): 2.6/6.3 MB | 3.7/12 MB | 2.1/2.6 MB | 0.7/1.4 MB | 373/463 kB
2026.04.01 14:34:58 INFO  Progress (5): 2.6/6.3 MB | 3.7/12 MB | 2.1/2.6 MB | 0.7/1.4 MB | 373/463 kB
2026.04.01 14:34:58 INFO  Progress (5): 2.6/6.3 MB | 3.7/12 MB | 2.1/2.6 MB | 0.7/1.4 MB | 373/463 kB
2026.04.01 14:34:58 INFO  Progress (5): 2.6/6.3 MB | 3.7/12 MB | 2.1/2.6 MB | 0.7/1.4 MB | 373/463 kB
2026.04.01 14:34:58 INFO  Progress (5): 2.6/6.3 MB | 3.7/12 MB | 2.1/2.6 MB | 0.7/1.4 MB | 389/463 kB
2026.04.01 14:34:58 INFO  Progress (5): 2.6/6.3 MB | 3.7/12 MB | 2.1/2.6 MB | 0.7/1.4 MB | 389/463 kB
2026.04.01 14:34:58 INFO  Progress (5): 2.6/6.3 MB | 3.8/12 MB | 2.1/2.6 MB | 0.7/1.4 MB | 389/463 kB
2026.04.01 14:34:58 INFO  Progress (5): 2.6/6.3 MB | 3.8/12 MB | 2.1/2.6 MB | 0.7/1.4 MB | 389/463 kB
2026.04.01 14:34:58 INFO  Progress (5): 2.6/6.3 MB | 3.8/12 MB | 2.1/2.6 MB | 0.7/1.4 MB | 389/463 kB
2026.04.01 14:34:58 INFO  Progress (5): 2.6/6.3 MB | 3.8/12 MB | 2.1/2.6 MB | 0.7/1.4 MB | 406/463 kB
2026.04.01 14:34:58 INFO  Progress (5): 2.6/6.3 MB | 3.8/12 MB | 2.1/2.6 MB | 0.7/1.4 MB | 406/463 kB
2026.04.01 14:34:58 INFO  Progress (5): 2.6/6.3 MB | 3.8/12 MB | 2.1/2.6 MB | 0.7/1.4 MB | 406/463 kB
2026.04.01 14:34:58 INFO  Progress (5): 2.6/6.3 MB | 3.8/12 MB | 2.1/2.6 MB | 0.8/1.4 MB | 406/463 kB
2026.04.01 14:34:58 INFO  Progress (5): 2.6/6.3 MB | 3.8/12 MB | 2.1/2.6 MB | 0.8/1.4 MB | 422/463 kB
2026.04.01 14:34:58 INFO  Progress (5): 2.6/6.3 MB | 3.8/12 MB | 2.1/2.6 MB | 0.8/1.4 MB | 422/463 kB
2026.04.01 14:34:58 INFO  Progress (5): 2.6/6.3 MB | 3.8/12 MB | 2.1/2.6 MB | 0.8/1.4 MB | 422/463 kB
2026.04.01 14:34:58 INFO  Progress (5): 2.6/6.3 MB | 3.8/12 MB | 2.2/2.6 MB | 0.8/1.4 MB | 422/463 kB
2026.04.01 14:34:58 INFO  Progress (5): 2.6/6.3 MB | 3.8/12 MB | 2.2/2.6 MB | 0.8/1.4 MB | 422/463 kB
2026.04.01 14:34:58 INFO  Progress (5): 2.7/6.3 MB | 3.8/12 MB | 2.2/2.6 MB | 0.8/1.4 MB | 422/463 kB
2026.04.01 14:34:58 INFO  Progress (5): 2.7/6.3 MB | 3.8/12 MB | 2.2/2.6 MB | 0.8/1.4 MB | 422/463 kB
2026.04.01 14:34:58 INFO  Progress (5): 2.7/6.3 MB | 3.8/12 MB | 2.2/2.6 MB | 0.8/1.4 MB | 422/463 kB
2026.04.01 14:34:58 INFO  Progress (5): 2.7/6.3 MB | 3.8/12 MB | 2.2/2.6 MB | 0.8/1.4 MB | 422/463 kB
2026.04.01 14:34:58 INFO  Progress (5): 2.7/6.3 MB | 3.8/12 MB | 2.2/2.6 MB | 0.8/1.4 MB | 438/463 kB
2026.04.01 14:34:58 INFO  Progress (5): 2.7/6.3 MB | 3.8/12 MB | 2.2/2.6 MB | 0.8/1.4 MB | 438/463 kB
2026.04.01 14:34:58 INFO  Progress (5): 2.7/6.3 MB | 3.8/12 MB | 2.2/2.6 MB | 0.8/1.4 MB | 438/463 kB
2026.04.01 14:34:58 INFO  Progress (5): 2.7/6.3 MB | 3.8/12 MB | 2.2/2.6 MB | 0.8/1.4 MB | 438/463 kB
2026.04.01 14:34:58 INFO  Progress (5): 2.7/6.3 MB | 3.8/12 MB | 2.2/2.6 MB | 0.8/1.4 MB | 438/463 kB
2026.04.01 14:34:58 INFO  Progress (5): 2.7/6.3 MB | 3.8/12 MB | 2.2/2.6 MB | 0.8/1.4 MB | 438/463 kB
2026.04.01 14:34:58 INFO  Progress (5): 2.7/6.3 MB | 3.8/12 MB | 2.2/2.6 MB | 0.8/1.4 MB | 455/463 kB
2026.04.01 14:34:58 INFO  Progress (5): 2.7/6.3 MB | 3.8/12 MB | 2.2/2.6 MB | 0.8/1.4 MB | 463 kB    
2026.04.01 14:34:58 INFO  Progress (5): 2.7/6.3 MB | 3.8/12 MB | 2.2/2.6 MB | 0.8/1.4 MB | 463 kB
2026.04.01 14:34:58 INFO  Progress (5): 2.7/6.3 MB | 3.8/12 MB | 2.2/2.6 MB | 0.8/1.4 MB | 463 kB
2026.04.01 14:34:58 INFO  Progress (5): 2.7/6.3 MB | 3.8/12 MB | 2.2/2.6 MB | 0.8/1.4 MB | 463 kB
2026.04.01 14:34:58 INFO  Progress (5): 2.7/6.3 MB | 3.9/12 MB | 2.2/2.6 MB | 0.8/1.4 MB | 463 kB
2026.04.01 14:34:58 INFO                                                                         
2026.04.01 14:34:58 INFO  Downloaded from central: https://repo.maven.apache.org/maven2/org/scala-sbt/util-logging_2.13/1.8.0/util-logging_2.13-1.8.0.jar (463 kB at 194 kB/s)
2026.04.01 14:34:58 INFO  Downloading from central: https://repo.maven.apache.org/maven2/org/scala-sbt/collections_2.13/1.8.0/collections_2.13-1.8.0.jar
2026.04.01 14:34:58 INFO  Progress (4): 2.7/6.3 MB | 3.9/12 MB | 2.2/2.6 MB | 0.8/1.4 MB
2026.04.01 14:34:58 INFO  Progress (4): 2.7/6.3 MB | 3.9/12 MB | 2.2/2.6 MB | 0.8/1.4 MB
2026.04.01 14:34:59 INFO  Progress (4): 2.7/6.3 MB | 3.9/12 MB | 2.2/2.6 MB | 0.8/1.4 MB
2026.04.01 14:34:59 INFO  Progress (4): 2.7/6.3 MB | 3.9/12 MB | 2.2/2.6 MB | 0.8/1.4 MB
2026.04.01 14:34:59 INFO  Progress (4): 2.7/6.3 MB | 3.9/12 MB | 2.2/2.6 MB | 0.8/1.4 MB
2026.04.01 14:34:59 INFO  Progress (4): 2.7/6.3 MB | 3.9/12 MB | 2.2/2.6 MB | 0.8/1.4 MB
2026.04.01 14:34:59 INFO  Progress (4): 2.7/6.3 MB | 3.9/12 MB | 2.2/2.6 MB | 0.8/1.4 MB
2026.04.01 14:34:59 INFO  Progress (4): 2.7/6.3 MB | 3.9/12 MB | 2.2/2.6 MB | 0.9/1.4 MB
2026.04.01 14:34:59 INFO  Progress (4): 2.7/6.3 MB | 3.9/12 MB | 2.2/2.6 MB | 0.9/1.4 MB
2026.04.01 14:34:59 INFO  Progress (4): 2.7/6.3 MB | 3.9/12 MB | 2.2/2.6 MB | 0.9/1.4 MB
2026.04.01 14:34:59 INFO  Progress (4): 2.7/6.3 MB | 3.9/12 MB | 2.3/2.6 MB | 0.9/1.4 MB
2026.04.01 14:34:59 INFO  Progress (4): 2.7/6.3 MB | 3.9/12 MB | 2.3/2.6 MB | 0.9/1.4 MB
2026.04.01 14:34:59 INFO  Progress (4): 2.7/6.3 MB | 3.9/12 MB | 2.3/2.6 MB | 0.9/1.4 MB
2026.04.01 14:34:59 INFO  Progress (4): 2.7/6.3 MB | 3.9/12 MB | 2.3/2.6 MB | 0.9/1.4 MB
2026.04.01 14:34:59 INFO  Progress (4): 2.7/6.3 MB | 3.9/12 MB | 2.3/2.6 MB | 0.9/1.4 MB
2026.04.01 14:34:59 INFO  Progress (4): 2.7/6.3 MB | 4.0/12 MB | 2.3/2.6 MB | 0.9/1.4 MB
2026.04.01 14:34:59 INFO  Progress (4): 2.7/6.3 MB | 4.0/12 MB | 2.3/2.6 MB | 0.9/1.4 MB
2026.04.01 14:34:59 INFO  Progress (4): 2.7/6.3 MB | 4.0/12 MB | 2.3/2.6 MB | 0.9/1.4 MB
2026.04.01 14:34:59 INFO  Progress (4): 2.7/6.3 MB | 4.0/12 MB | 2.3/2.6 MB | 0.9/1.4 MB
2026.04.01 14:34:59 INFO  Progress (4): 2.7/6.3 MB | 4.0/12 MB | 2.3/2.6 MB | 0.9/1.4 MB
2026.04.01 14:34:59 INFO  Progress (4): 2.8/6.3 MB | 4.0/12 MB | 2.3/2.6 MB | 0.9/1.4 MB
2026.04.01 14:34:59 INFO  Progress (4): 2.8/6.3 MB | 4.0/12 MB | 2.3/2.6 MB | 0.9/1.4 MB
2026.04.01 14:34:59 INFO  Progress (4): 2.8/6.3 MB | 4.0/12 MB | 2.3/2.6 MB | 0.9/1.4 MB
2026.04.01 14:34:59 INFO  Progress (4): 2.8/6.3 MB | 4.0/12 MB | 2.3/2.6 MB | 0.9/1.4 MB
2026.04.01 14:34:59 INFO  Progress (4): 2.8/6.3 MB | 4.0/12 MB | 2.3/2.6 MB | 0.9/1.4 MB
2026.04.01 14:34:59 INFO  Progress (4): 2.8/6.3 MB | 4.0/12 MB | 2.3/2.6 MB | 0.9/1.4 MB
2026.04.01 14:34:59 INFO  Progress (4): 2.8/6.3 MB | 4.0/12 MB | 2.3/2.6 MB | 0.9/1.4 MB
2026.04.01 14:34:59 INFO  Progress (4): 2.8/6.3 MB | 4.0/12 MB | 2.3/2.6 MB | 0.9/1.4 MB
2026.04.01 14:34:59 INFO  Progress (4): 2.8/6.3 MB | 4.0/12 MB | 2.3/2.6 MB | 0.9/1.4 MB
2026.04.01 14:34:59 INFO  Progress (4): 2.8/6.3 MB | 4.0/12 MB | 2.3/2.6 MB | 0.9/1.4 MB
2026.04.01 14:34:59 INFO  Progress (4): 2.8/6.3 MB | 4.1/12 MB | 2.3/2.6 MB | 0.9/1.4 MB
2026.04.01 14:34:59 INFO  Progress (4): 2.8/6.3 MB | 4.1/12 MB | 2.3/2.6 MB | 0.9/1.4 MB
2026.04.01 14:34:59 INFO  Progress (4): 2.8/6.3 MB | 4.1/12 MB | 2.3/2.6 MB | 0.9/1.4 MB
2026.04.01 14:34:59 INFO  Progress (4): 2.8/6.3 MB | 4.1/12 MB | 2.3/2.6 MB | 1.0/1.4 MB
2026.04.01 14:34:59 INFO  Progress (4): 2.8/6.3 MB | 4.1/12 MB | 2.4/2.6 MB | 1.0/1.4 MB
2026.04.01 14:34:59 INFO  Progress (4): 2.8/6.3 MB | 4.1/12 MB | 2.4/2.6 MB | 1.0/1.4 MB
2026.04.01 14:34:59 INFO  Progress (4): 2.8/6.3 MB | 4.1/12 MB | 2.4/2.6 MB | 1.0/1.4 MB
2026.04.01 14:34:59 INFO  Progress (4): 2.8/6.3 MB | 4.1/12 MB | 2.4/2.6 MB | 1.0/1.4 MB
2026.04.01 14:34:59 INFO  Progress (4): 2.8/6.3 MB | 4.1/12 MB | 2.4/2.6 MB | 1.0/1.4 MB
2026.04.01 14:34:59 INFO  Progress (4): 2.8/6.3 MB | 4.1/12 MB | 2.4/2.6 MB | 1.0/1.4 MB
2026.04.01 14:34:59 INFO  Progress (4): 2.8/6.3 MB | 4.1/12 MB | 2.4/2.6 MB | 1.0/1.4 MB
2026.04.01 14:34:59 INFO  Progress (4): 2.8/6.3 MB | 4.1/12 MB | 2.4/2.6 MB | 1.0/1.4 MB
2026.04.01 14:34:59 INFO  Progress (4): 2.8/6.3 MB | 4.1/12 MB | 2.4/2.6 MB | 1.0/1.4 MB
2026.04.01 14:34:59 INFO  Progress (4): 2.8/6.3 MB | 4.1/12 MB | 2.4/2.6 MB | 1.0/1.4 MB
2026.04.01 14:34:59 INFO  Progress (4): 2.8/6.3 MB | 4.1/12 MB | 2.4/2.6 MB | 1.0/1.4 MB
2026.04.01 14:34:59 INFO  Progress (4): 2.8/6.3 MB | 4.1/12 MB | 2.4/2.6 MB | 1.0/1.4 MB
2026.04.01 14:34:59 INFO  Progress (4): 2.8/6.3 MB | 4.1/12 MB | 2.4/2.6 MB | 1.0/1.4 MB
2026.04.01 14:34:59 INFO  Progress (4): 2.8/6.3 MB | 4.1/12 MB | 2.4/2.6 MB | 1.0/1.4 MB
2026.04.01 14:34:59 INFO  Progress (4): 2.8/6.3 MB | 4.2/12 MB | 2.4/2.6 MB | 1.0/1.4 MB
2026.04.01 14:34:59 INFO  Progress (4): 2.8/6.3 MB | 4.2/12 MB | 2.4/2.6 MB | 1.0/1.4 MB
2026.04.01 14:34:59 INFO  Progress (4): 2.8/6.3 MB | 4.2/12 MB | 2.4/2.6 MB | 1.0/1.4 MB
2026.04.01 14:34:59 INFO  Progress (4): 2.8/6.3 MB | 4.2/12 MB | 2.4/2.6 MB | 1.0/1.4 MB
2026.04.01 14:34:59 INFO  Progress (4): 2.8/6.3 MB | 4.2/12 MB | 2.4/2.6 MB | 1.0/1.4 MB
2026.04.01 14:34:59 INFO  Progress (4): 2.8/6.3 MB | 4.2/12 MB | 2.4/2.6 MB | 1.0/1.4 MB
2026.04.01 14:34:59 INFO  Progress (4): 2.8/6.3 MB | 4.2/12 MB | 2.4/2.6 MB | 1.0/1.4 MB
2026.04.01 14:34:59 INFO  Progress (4): 2.9/6.3 MB | 4.2/12 MB | 2.4/2.6 MB | 1.0/1.4 MB
2026.04.01 14:34:59 INFO  Progress (4): 2.9/6.3 MB | 4.2/12 MB | 2.4/2.6 MB | 1.0/1.4 MB
2026.04.01 14:34:59 INFO  Progress (4): 2.9/6.3 MB | 4.2/12 MB | 2.4/2.6 MB | 1.0/1.4 MB
2026.04.01 14:34:59 INFO  Progress (4): 2.9/6.3 MB | 4.2/12 MB | 2.4/2.6 MB | 1.0/1.4 MB
2026.04.01 14:34:59 INFO  Progress (4): 2.9/6.3 MB | 4.2/12 MB | 2.4/2.6 MB | 1.0/1.4 MB
2026.04.01 14:34:59 INFO  Progress (4): 2.9/6.3 MB | 4.2/12 MB | 2.4/2.6 MB | 1.0/1.4 MB
2026.04.01 14:34:59 INFO  Progress (4): 2.9/6.3 MB | 4.2/12 MB | 2.4/2.6 MB | 1.1/1.4 MB
2026.04.01 14:34:59 INFO  Progress (4): 2.9/6.3 MB | 4.2/12 MB | 2.5/2.6 MB | 1.1/1.4 MB
2026.04.01 14:34:59 INFO  Progress (4): 2.9/6.3 MB | 4.2/12 MB | 2.5/2.6 MB | 1.1/1.4 MB
2026.04.01 14:34:59 INFO  Progress (4): 2.9/6.3 MB | 4.2/12 MB | 2.5/2.6 MB | 1.1/1.4 MB
2026.04.01 14:34:59 INFO  Progress (4): 2.9/6.3 MB | 4.2/12 MB | 2.5/2.6 MB | 1.1/1.4 MB
2026.04.01 14:34:59 INFO  Progress (4): 2.9/6.3 MB | 4.2/12 MB | 2.5/2.6 MB | 1.1/1.4 MB
2026.04.01 14:34:59 INFO  Progress (4): 2.9/6.3 MB | 4.2/12 MB | 2.5/2.6 MB | 1.1/1.4 MB
2026.04.01 14:34:59 INFO  Progress (4): 2.9/6.3 MB | 4.2/12 MB | 2.5/2.6 MB | 1.1/1.4 MB
2026.04.01 14:34:59 INFO  Progress (4): 2.9/6.3 MB | 4.3/12 MB | 2.5/2.6 MB | 1.1/1.4 MB
2026.04.01 14:34:59 INFO  Progress (4): 2.9/6.3 MB | 4.3/12 MB | 2.5/2.6 MB | 1.1/1.4 MB
2026.04.01 14:34:59 INFO  Progress (4): 2.9/6.3 MB | 4.3/12 MB | 2.5/2.6 MB | 1.1/1.4 MB
2026.04.01 14:34:59 INFO  Progress (4): 2.9/6.3 MB | 4.3/12 MB | 2.5/2.6 MB | 1.1/1.4 MB
2026.04.01 14:34:59 INFO  Progress (5): 2.9/6.3 MB | 4.3/12 MB | 2.5/2.6 MB | 1.1/1.4 MB | 7.7/365 kB
2026.04.01 14:34:59 INFO  Progress (5): 2.9/6.3 MB | 4.3/12 MB | 2.5/2.6 MB | 1.1/1.4 MB | 16/365 kB 
2026.04.01 14:34:59 INFO  Progress (5): 2.9/6.3 MB | 4.3/12 MB | 2.5/2.6 MB | 1.1/1.4 MB | 16/365 kB
2026.04.01 14:34:59 INFO  Progress (5): 2.9/6.3 MB | 4.3/12 MB | 2.5/2.6 MB | 1.1/1.4 MB | 16/365 kB
2026.04.01 14:34:59 INFO  Progress (5): 2.9/6.3 MB | 4.3/12 MB | 2.5/2.6 MB | 1.1/1.4 MB | 16/365 kB
2026.04.01 14:34:59 INFO  Progress (5): 2.9/6.3 MB | 4.3/12 MB | 2.5/2.6 MB | 1.1/1.4 MB | 16/365 kB
2026.04.01 14:34:59 INFO  Progress (5): 2.9/6.3 MB | 4.3/12 MB | 2.5/2.6 MB | 1.1/1.4 MB | 16/365 kB
2026.04.01 14:34:59 INFO  Progress (5): 2.9/6.3 MB | 4.3/12 MB | 2.5/2.6 MB | 1.1/1.4 MB | 32/365 kB
2026.04.01 14:34:59 INFO  Progress (5): 2.9/6.3 MB | 4.3/12 MB | 2.5/2.6 MB | 1.1/1.4 MB | 32/365 kB
2026.04.01 14:34:59 INFO  Progress (5): 2.9/6.3 MB | 4.3/12 MB | 2.5/2.6 MB | 1.1/1.4 MB | 32/365 kB
2026.04.01 14:34:59 INFO  Progress (5): 2.9/6.3 MB | 4.3/12 MB | 2.5/2.6 MB | 1.1/1.4 MB | 32/365 kB
2026.04.01 14:34:59 INFO  Progress (5): 2.9/6.3 MB | 4.3/12 MB | 2.5/2.6 MB | 1.1/1.4 MB | 32/365 kB
2026.04.01 14:34:59 INFO  Progress (5): 2.9/6.3 MB | 4.3/12 MB | 2.5/2.6 MB | 1.1/1.4 MB | 49/365 kB
2026.04.01 14:34:59 INFO  Progress (5): 2.9/6.3 MB | 4.3/12 MB | 2.5/2.6 MB | 1.1/1.4 MB | 49/365 kB
2026.04.01 14:34:59 INFO  Progress (5): 2.9/6.3 MB | 4.3/12 MB | 2.5/2.6 MB | 1.1/1.4 MB | 49/365 kB
2026.04.01 14:34:59 INFO  Progress (5): 2.9/6.3 MB | 4.4/12 MB | 2.5/2.6 MB | 1.1/1.4 MB | 49/365 kB
2026.04.01 14:34:59 INFO  Progress (5): 2.9/6.3 MB | 4.4/12 MB | 2.5/2.6 MB | 1.1/1.4 MB | 65/365 kB
2026.04.01 14:34:59 INFO  Progress (5): 2.9/6.3 MB | 4.4/12 MB | 2.5/2.6 MB | 1.1/1.4 MB | 65/365 kB
2026.04.01 14:34:59 INFO  Progress (5): 3.0/6.3 MB | 4.4/12 MB | 2.5/2.6 MB | 1.1/1.4 MB | 65/365 kB
2026.04.01 14:34:59 INFO  Progress (5): 3.0/6.3 MB | 4.4/12 MB | 2.6/2.6 MB | 1.1/1.4 MB | 65/365 kB
2026.04.01 14:34:59 INFO  Progress (5): 3.0/6.3 MB | 4.4/12 MB | 2.6/2.6 MB | 1.1/1.4 MB | 81/365 kB
2026.04.01 14:34:59 INFO  Progress (5): 3.0/6.3 MB | 4.4/12 MB | 2.6/2.6 MB | 1.2/1.4 MB | 81/365 kB
2026.04.01 14:34:59 INFO  Progress (5): 3.0/6.3 MB | 4.4/12 MB | 2.6/2.6 MB | 1.2/1.4 MB | 81/365 kB
2026.04.01 14:34:59 INFO  Progress (5): 3.0/6.3 MB | 4.4/12 MB | 2.6/2.6 MB | 1.2/1.4 MB | 98/365 kB
2026.04.01 14:34:59 INFO  Progress (5): 3.0/6.3 MB | 4.4/12 MB | 2.6/2.6 MB | 1.2/1.4 MB | 98/365 kB
2026.04.01 14:34:59 INFO  Progress (5): 3.0/6.3 MB | 4.4/12 MB | 2.6/2.6 MB | 1.2/1.4 MB | 98/365 kB
2026.04.01 14:34:59 INFO  Progress (5): 3.0/6.3 MB | 4.4/12 MB | 2.6/2.6 MB | 1.2/1.4 MB | 98/365 kB
2026.04.01 14:34:59 INFO  Progress (5): 3.0/6.3 MB | 4.4/12 MB | 2.6/2.6 MB | 1.2/1.4 MB | 98/365 kB
2026.04.01 14:34:59 INFO  Progress (5): 3.0/6.3 MB | 4.4/12 MB | 2.6/2.6 MB | 1.2/1.4 MB | 114/365 kB
2026.04.01 14:34:59 INFO  Progress (5): 3.0/6.3 MB | 4.4/12 MB | 2.6/2.6 MB | 1.2/1.4 MB | 114/365 kB
2026.04.01 14:34:59 INFO  Progress (5): 3.0/6.3 MB | 4.4/12 MB | 2.6/2.6 MB | 1.2/1.4 MB | 114/365 kB
2026.04.01 14:34:59 INFO  Progress (5): 3.0/6.3 MB | 4.4/12 MB | 2.6/2.6 MB | 1.2/1.4 MB | 114/365 kB
2026.04.01 14:34:59 INFO  Progress (5): 3.0/6.3 MB | 4.4/12 MB | 2.6/2.6 MB | 1.2/1.4 MB | 130/365 kB
2026.04.01 14:34:59 INFO  Progress (5): 3.0/6.3 MB | 4.4/12 MB | 2.6/2.6 MB | 1.2/1.4 MB | 130/365 kB
2026.04.01 14:34:59 INFO  Progress (5): 3.0/6.3 MB | 4.4/12 MB | 2.6/2.6 MB | 1.2/1.4 MB | 130/365 kB
2026.04.01 14:34:59 INFO  Progress (5): 3.0/6.3 MB | 4.4/12 MB | 2.6/2.6 MB | 1.2/1.4 MB | 147/365 kB
2026.04.01 14:34:59 INFO  Progress (5): 3.0/6.3 MB | 4.4/12 MB | 2.6/2.6 MB | 1.2/1.4 MB | 147/365 kB
2026.04.01 14:34:59 INFO  Progress (5): 3.0/6.3 MB | 4.4/12 MB | 2.6/2.6 MB | 1.2/1.4 MB | 147/365 kB
2026.04.01 14:34:59 INFO  Progress (5): 3.0/6.3 MB | 4.4/12 MB | 2.6/2.6 MB | 1.2/1.4 MB | 163/365 kB
2026.04.01 14:34:59 INFO  Progress (5): 3.0/6.3 MB | 4.4/12 MB | 2.6/2.6 MB | 1.2/1.4 MB | 163/365 kB
2026.04.01 14:34:59 INFO  Progress (5): 3.0/6.3 MB | 4.4/12 MB | 2.6/2.6 MB | 1.2/1.4 MB | 163/365 kB
2026.04.01 14:34:59 INFO  Progress (5): 3.0/6.3 MB | 4.4/12 MB | 2.6/2.6 MB | 1.2/1.4 MB | 179/365 kB
2026.04.01 14:34:59 INFO  Progress (5): 3.0/6.3 MB | 4.5/12 MB | 2.6/2.6 MB | 1.2/1.4 MB | 179/365 kB
2026.04.01 14:34:59 INFO  Progress (5): 3.0/6.3 MB | 4.5/12 MB | 2.6 MB | 1.2/1.4 MB | 179/365 kB    
2026.04.01 14:34:59 INFO  Progress (5): 3.0/6.3 MB | 4.5/12 MB | 2.6 MB | 1.2/1.4 MB | 179/365 kB
2026.04.01 14:34:59 INFO  Progress (5): 3.0/6.3 MB | 4.5/12 MB | 2.6 MB | 1.2/1.4 MB | 196/365 kB
2026.04.01 14:34:59 INFO                                                                         
2026.04.01 14:34:59 INFO  Downloaded from central: https://repo.maven.apache.org/maven2/org/scala-sbt/zinc-persist-core-assembly/1.8.0/zinc-persist-core-assembly-1.8.0.jar (2.6 MB at 985 kB/s)
2026.04.01 14:34:59 INFO  Downloading from central: https://repo.maven.apache.org/maven2/org/scala-sbt/util-position_2.13/1.8.0/util-position_2.13-1.8.0.jar
2026.04.01 14:34:59 INFO  Progress (4): 3.0/6.3 MB | 4.5/12 MB | 1.2/1.4 MB | 196/365 kB
2026.04.01 14:34:59 INFO  Progress (4): 3.0/6.3 MB | 4.5/12 MB | 1.2/1.4 MB | 196/365 kB
2026.04.01 14:34:59 INFO  Progress (4): 3.0/6.3 MB | 4.5/12 MB | 1.2/1.4 MB | 196/365 kB
2026.04.01 14:34:59 INFO  Progress (4): 3.0/6.3 MB | 4.5/12 MB | 1.2/1.4 MB | 212/365 kB
2026.04.01 14:34:59 INFO  Progress (4): 3.0/6.3 MB | 4.5/12 MB | 1.2/1.4 MB | 229/365 kB
2026.04.01 14:34:59 INFO  Progress (4): 3.0/6.3 MB | 4.5/12 MB | 1.2/1.4 MB | 229/365 kB
2026.04.01 14:34:59 INFO  Progress (4): 3.0/6.3 MB | 4.5/12 MB | 1.2/1.4 MB | 229/365 kB
2026.04.01 14:34:59 INFO  Progress (4): 3.0/6.3 MB | 4.5/12 MB | 1.2/1.4 MB | 229/365 kB
2026.04.01 14:34:59 INFO  Progress (4): 3.0/6.3 MB | 4.5/12 MB | 1.2/1.4 MB | 245/365 kB
2026.04.01 14:34:59 INFO  Progress (4): 3.0/6.3 MB | 4.5/12 MB | 1.2/1.4 MB | 261/365 kB
2026.04.01 14:34:59 INFO  Progress (4): 3.0/6.3 MB | 4.5/12 MB | 1.2/1.4 MB | 261/365 kB
2026.04.01 14:34:59 INFO  Progress (4): 3.0/6.3 MB | 4.5/12 MB | 1.3/1.4 MB | 261/365 kB
2026.04.01 14:34:59 INFO  Progress (4): 3.0/6.3 MB | 4.5/12 MB | 1.3/1.4 MB | 261/365 kB
2026.04.01 14:34:59 INFO  Progress (4): 3.0/6.3 MB | 4.5/12 MB | 1.3/1.4 MB | 261/365 kB
2026.04.01 14:34:59 INFO  Progress (4): 3.0/6.3 MB | 4.5/12 MB | 1.3/1.4 MB | 278/365 kB
2026.04.01 14:34:59 INFO  Progress (4): 3.0/6.3 MB | 4.5/12 MB | 1.3/1.4 MB | 278/365 kB
2026.04.01 14:34:59 INFO  Progress (4): 3.0/6.3 MB | 4.5/12 MB | 1.3/1.4 MB | 278/365 kB
2026.04.01 14:34:59 INFO  Progress (4): 3.1/6.3 MB | 4.5/12 MB | 1.3/1.4 MB | 278/365 kB
2026.04.01 14:34:59 INFO  Progress (4): 3.1/6.3 MB | 4.6/12 MB | 1.3/1.4 MB | 278/365 kB
2026.04.01 14:34:59 INFO  Progress (4): 3.1/6.3 MB | 4.6/12 MB | 1.3/1.4 MB | 278/365 kB
2026.04.01 14:34:59 INFO  Progress (4): 3.1/6.3 MB | 4.6/12 MB | 1.3/1.4 MB | 278/365 kB
2026.04.01 14:34:59 INFO  Progress (4): 3.1/6.3 MB | 4.6/12 MB | 1.3/1.4 MB | 278/365 kB
2026.04.01 14:34:59 INFO  Progress (4): 3.1/6.3 MB | 4.6/12 MB | 1.3/1.4 MB | 278/365 kB
2026.04.01 14:34:59 INFO  Progress (4): 3.1/6.3 MB | 4.6/12 MB | 1.3/1.4 MB | 278/365 kB
2026.04.01 14:34:59 INFO  Progress (4): 3.1/6.3 MB | 4.6/12 MB | 1.3/1.4 MB | 278/365 kB
2026.04.01 14:34:59 INFO  Progress (4): 3.1/6.3 MB | 4.6/12 MB | 1.3/1.4 MB | 278/365 kB
2026.04.01 14:34:59 INFO  Progress (4): 3.1/6.3 MB | 4.6/12 MB | 1.3/1.4 MB | 278/365 kB
2026.04.01 14:34:59 INFO  Progress (4): 3.1/6.3 MB | 4.6/12 MB | 1.3/1.4 MB | 278/365 kB
2026.04.01 14:34:59 INFO  Progress (4): 3.1/6.3 MB | 4.6/12 MB | 1.4 MB | 278/365 kB    
2026.04.01 14:34:59 INFO  Progress (4): 3.1/6.3 MB | 4.6/12 MB | 1.4 MB | 278/365 kB
2026.04.01 14:34:59 INFO  Progress (4): 3.1/6.3 MB | 4.6/12 MB | 1.4 MB | 278/365 kB
2026.04.01 14:34:59 INFO                                                            
2026.04.01 14:34:59 INFO  Downloaded from central: https://repo.maven.apache.org/maven2/net/java/dev/jna/jna-platform/5.12.0/jna-platform-5.12.0.jar (1.4 MB at 497 kB/s)
2026.04.01 14:34:59 INFO  Downloading from central: https://repo.maven.apache.org/maven2/org/scala-sbt/core-macros_2.13/1.8.0/core-macros_2.13-1.8.0.jar
2026.04.01 14:34:59 INFO  Progress (3): 3.1/6.3 MB | 4.6/12 MB | 278/365 kB
2026.04.01 14:34:59 INFO  Progress (3): 3.1/6.3 MB | 4.7/12 MB | 278/365 kB
2026.04.01 14:34:59 INFO  Progress (3): 3.1/6.3 MB | 4.7/12 MB | 278/365 kB
2026.04.01 14:34:59 INFO  Progress (3): 3.1/6.3 MB | 4.7/12 MB | 278/365 kB
2026.04.01 14:34:59 INFO  Progress (3): 3.1/6.3 MB | 4.7/12 MB | 294/365 kB
2026.04.01 14:34:59 INFO  Progress (3): 3.1/6.3 MB | 4.7/12 MB | 294/365 kB
2026.04.01 14:34:59 INFO  Progress (3): 3.1/6.3 MB | 4.7/12 MB | 294/365 kB
2026.04.01 14:34:59 INFO  Progress (3): 3.1/6.3 MB | 4.7/12 MB | 294/365 kB
2026.04.01 14:34:59 INFO  Progress (3): 3.1/6.3 MB | 4.7/12 MB | 311/365 kB
2026.04.01 14:34:59 INFO  Progress (3): 3.1/6.3 MB | 4.7/12 MB | 311/365 kB
2026.04.01 14:34:59 INFO  Progress (3): 3.2/6.3 MB | 4.7/12 MB | 311/365 kB
2026.04.01 14:34:59 INFO  Progress (3): 3.2/6.3 MB | 4.7/12 MB | 327/365 kB
2026.04.01 14:34:59 INFO  Progress (3): 3.2/6.3 MB | 4.7/12 MB | 327/365 kB
2026.04.01 14:34:59 INFO  Progress (3): 3.2/6.3 MB | 4.7/12 MB | 343/365 kB
2026.04.01 14:34:59 INFO  Progress (3): 3.2/6.3 MB | 4.7/12 MB | 343/365 kB
2026.04.01 14:34:59 INFO  Progress (3): 3.2/6.3 MB | 4.8/12 MB | 343/365 kB
2026.04.01 14:34:59 INFO  Progress (3): 3.2/6.3 MB | 4.8/12 MB | 360/365 kB
2026.04.01 14:34:59 INFO  Progress (3): 3.2/6.3 MB | 4.8/12 MB | 365 kB    
2026.04.01 14:34:59 INFO                                               
2026.04.01 14:34:59 INFO  Downloaded from central: https://repo.maven.apache.org/maven2/org/scala-sbt/collections_2.13/1.8.0/collections_2.13-1.8.0.jar (365 kB at 132 kB/s)
2026.04.01 14:34:59 INFO  Downloading from central: https://repo.maven.apache.org/maven2/org/jline/jline-terminal/3.19.0/jline-terminal-3.19.0.jar
2026.04.01 14:34:59 INFO  Progress (2): 3.2/6.3 MB | 4.8/12 MB
2026.04.01 14:34:59 INFO  Progress (2): 3.2/6.3 MB | 4.8/12 MB
2026.04.01 14:34:59 INFO  Progress (2): 3.2/6.3 MB | 4.8/12 MB
2026.04.01 14:34:59 INFO  Progress (2): 3.2/6.3 MB | 4.8/12 MB
2026.04.01 14:34:59 INFO  Progress (2): 3.2/6.3 MB | 4.8/12 MB
2026.04.01 14:34:59 INFO  Progress (2): 3.2/6.3 MB | 4.8/12 MB
2026.04.01 14:34:59 INFO  Progress (2): 3.2/6.3 MB | 4.8/12 MB
2026.04.01 14:34:59 INFO  Progress (2): 3.2/6.3 MB | 4.9/12 MB
2026.04.01 14:34:59 INFO  Progress (2): 3.2/6.3 MB | 4.9/12 MB
2026.04.01 14:34:59 INFO  Progress (2): 3.2/6.3 MB | 4.9/12 MB
2026.04.01 14:34:59 INFO  Progress (2): 3.2/6.3 MB | 4.9/12 MB
2026.04.01 14:34:59 INFO  Progress (3): 3.2/6.3 MB | 4.9/12 MB | 3.4/28 kB
2026.04.01 14:34:59 INFO  Progress (3): 3.2/6.3 MB | 4.9/12 MB | 20/28 kB 
2026.04.01 14:34:59 INFO  Progress (3): 3.2/6.3 MB | 4.9/12 MB | 28 kB   
2026.04.01 14:34:59 INFO                                              
2026.04.01 14:34:59 INFO  Downloaded from central: https://repo.maven.apache.org/maven2/org/scala-sbt/util-position_2.13/1.8.0/util-position_2.13-1.8.0.jar (28 kB at 10 kB/s)
2026.04.01 14:34:59 INFO  Progress (2): 3.2/6.3 MB | 4.9/12 MB
2026.04.01 14:34:59 INFO                                      
2026.04.01 14:34:59 INFO  Downloading from central: https://repo.maven.apache.org/maven2/org/scala-lang/scala-reflect/2.13.8/scala-reflect-2.13.8.jar
2026.04.01 14:34:59 INFO  Progress (2): 3.2/6.3 MB | 4.9/12 MB
2026.04.01 14:34:59 INFO  Progress (2): 3.2/6.3 MB | 4.9/12 MB
2026.04.01 14:34:59 INFO  Progress (2): 3.3/6.3 MB | 4.9/12 MB
2026.04.01 14:34:59 INFO  Progress (2): 3.3/6.3 MB | 4.9/12 MB
2026.04.01 14:34:59 INFO  Progress (2): 3.3/6.3 MB | 5.0/12 MB
2026.04.01 14:34:59 INFO  Progress (2): 3.3/6.3 MB | 5.0/12 MB
2026.04.01 14:34:59 INFO  Progress (2): 3.3/6.3 MB | 5.0/12 MB
2026.04.01 14:34:59 INFO  Progress (2): 3.3/6.3 MB | 5.0/12 MB
2026.04.01 14:34:59 INFO  Progress (2): 3.3/6.3 MB | 5.0/12 MB
2026.04.01 14:34:59 INFO  Progress (2): 3.3/6.3 MB | 5.0/12 MB
2026.04.01 14:34:59 INFO  Progress (2): 3.3/6.3 MB | 5.0/12 MB
2026.04.01 14:34:59 INFO  Progress (2): 3.3/6.3 MB | 5.0/12 MB
2026.04.01 14:34:59 INFO  Progress (2): 3.3/6.3 MB | 5.0/12 MB
2026.04.01 14:34:59 INFO  Progress (2): 3.3/6.3 MB | 5.0/12 MB
2026.04.01 14:34:59 INFO  Progress (2): 3.3/6.3 MB | 5.1/12 MB
2026.04.01 14:34:59 INFO  Progress (2): 3.3/6.3 MB | 5.1/12 MB
2026.04.01 14:34:59 INFO  Progress (2): 3.3/6.3 MB | 5.1/12 MB
2026.04.01 14:34:59 INFO  Progress (2): 3.3/6.3 MB | 5.1/12 MB
2026.04.01 14:34:59 INFO  Progress (3): 3.3/6.3 MB | 5.1/12 MB | 7.7/87 kB
2026.04.01 14:34:59 INFO  Progress (3): 3.3/6.3 MB | 5.1/12 MB | 16/87 kB 
2026.04.01 14:34:59 INFO  Progress (3): 3.3/6.3 MB | 5.1/12 MB | 32/87 kB
2026.04.01 14:34:59 INFO  Progress (3): 3.4/6.3 MB | 5.1/12 MB | 32/87 kB
2026.04.01 14:34:59 INFO  Progress (3): 3.4/6.3 MB | 5.1/12 MB | 32/87 kB
2026.04.01 14:34:59 INFO  Progress (3): 3.4/6.3 MB | 5.1/12 MB | 49/87 kB
2026.04.01 14:34:59 INFO  Progress (3): 3.4/6.3 MB | 5.1/12 MB | 49/87 kB
2026.04.01 14:34:59 INFO  Progress (3): 3.4/6.3 MB | 5.1/12 MB | 49/87 kB
2026.04.01 14:34:59 INFO  Progress (3): 3.4/6.3 MB | 5.1/12 MB | 65/87 kB
2026.04.01 14:34:59 INFO  Progress (3): 3.4/6.3 MB | 5.1/12 MB | 65/87 kB
2026.04.01 14:34:59 INFO  Progress (3): 3.4/6.3 MB | 5.1/12 MB | 81/87 kB
2026.04.01 14:34:59 INFO  Progress (3): 3.4/6.3 MB | 5.1/12 MB | 81/87 kB
2026.04.01 14:34:59 INFO  Progress (3): 3.4/6.3 MB | 5.1/12 MB | 81/87 kB
2026.04.01 14:34:59 INFO  Progress (3): 3.4/6.3 MB | 5.1/12 MB | 87 kB   
2026.04.01 14:34:59 INFO                                              
2026.04.01 14:34:59 INFO  Downloaded from central: https://repo.maven.apache.org/maven2/org/scala-sbt/core-macros_2.13/1.8.0/core-macros_2.13-1.8.0.jar (87 kB at 30 kB/s)
2026.04.01 14:34:59 INFO  Downloading from central: https://repo.maven.apache.org/maven2/org/scala-sbt/util-relation_2.13/1.8.0/util-relation_2.13-1.8.0.jar
2026.04.01 14:34:59 INFO  Progress (2): 3.4/6.3 MB | 5.2/12 MB
2026.04.01 14:34:59 INFO  Progress (2): 3.4/6.3 MB | 5.2/12 MB
2026.04.01 14:34:59 INFO  Progress (2): 3.4/6.3 MB | 5.2/12 MB
2026.04.01 14:34:59 INFO  Progress (2): 3.4/6.3 MB | 5.2/12 MB
2026.04.01 14:34:59 INFO  Progress (2): 3.4/6.3 MB | 5.2/12 MB
2026.04.01 14:34:59 INFO  Progress (2): 3.4/6.3 MB | 5.2/12 MB
2026.04.01 14:34:59 INFO  Progress (2): 3.4/6.3 MB | 5.2/12 MB
2026.04.01 14:34:59 INFO  Progress (2): 3.4/6.3 MB | 5.2/12 MB
2026.04.01 14:34:59 INFO  Progress (3): 3.4/6.3 MB | 5.2/12 MB | 7.7/228 kB
2026.04.01 14:34:59 INFO  Progress (3): 3.4/6.3 MB | 5.2/12 MB | 16/228 kB 
2026.04.01 14:34:59 INFO  Progress (3): 3.4/6.3 MB | 5.2/12 MB | 16/228 kB
2026.04.01 14:34:59 INFO  Progress (3): 3.4/6.3 MB | 5.2/12 MB | 32/228 kB
2026.04.01 14:34:59 INFO  Progress (3): 3.5/6.3 MB | 5.2/12 MB | 32/228 kB
2026.04.01 14:34:59 INFO  Progress (3): 3.5/6.3 MB | 5.2/12 MB | 49/228 kB
2026.04.01 14:34:59 INFO  Progress (3): 3.5/6.3 MB | 5.2/12 MB | 49/228 kB
2026.04.01 14:34:59 INFO  Progress (3): 3.5/6.3 MB | 5.2/12 MB | 65/228 kB
2026.04.01 14:34:59 INFO  Progress (3): 3.5/6.3 MB | 5.2/12 MB | 65/228 kB
2026.04.01 14:34:59 INFO  Progress (3): 3.5/6.3 MB | 5.2/12 MB | 81/228 kB
2026.04.01 14:34:59 INFO  Progress (4): 3.5/6.3 MB | 5.2/12 MB | 81/228 kB | 0/3.8 MB
2026.04.01 14:34:59 INFO  Progress (4): 3.5/6.3 MB | 5.2/12 MB | 81/228 kB | 0/3.8 MB
2026.04.01 14:34:59 INFO  Progress (4): 3.5/6.3 MB | 5.2/12 MB | 81/228 kB | 0/3.8 MB
2026.04.01 14:34:59 INFO  Progress (4): 3.5/6.3 MB | 5.2/12 MB | 98/228 kB | 0/3.8 MB
2026.04.01 14:34:59 INFO  Progress (4): 3.5/6.3 MB | 5.2/12 MB | 98/228 kB | 0/3.8 MB
2026.04.01 14:34:59 INFO  Progress (4): 3.5/6.3 MB | 5.2/12 MB | 98/228 kB | 0/3.8 MB
2026.04.01 14:34:59 INFO  Progress (4): 3.5/6.3 MB | 5.2/12 MB | 114/228 kB | 0/3.8 MB
2026.04.01 14:34:59 INFO  Progress (4): 3.5/6.3 MB | 5.3/12 MB | 114/228 kB | 0/3.8 MB
2026.04.01 14:34:59 INFO  Progress (4): 3.5/6.3 MB | 5.3/12 MB | 127/228 kB | 0/3.8 MB
2026.04.01 14:34:59 INFO  Progress (4): 3.5/6.3 MB | 5.3/12 MB | 127/228 kB | 0.1/3.8 MB
2026.04.01 14:34:59 INFO  Progress (4): 3.5/6.3 MB | 5.3/12 MB | 127/228 kB | 0.1/3.8 MB
2026.04.01 14:34:59 INFO  Progress (4): 3.5/6.3 MB | 5.3/12 MB | 127/228 kB | 0.1/3.8 MB
2026.04.01 14:34:59 INFO  Progress (4): 3.5/6.3 MB | 5.3/12 MB | 143/228 kB | 0.1/3.8 MB
2026.04.01 14:34:59 INFO  Progress (4): 3.5/6.3 MB | 5.3/12 MB | 160/228 kB | 0.1/3.8 MB
2026.04.01 14:34:59 INFO  Progress (4): 3.5/6.3 MB | 5.3/12 MB | 160/228 kB | 0.1/3.8 MB
2026.04.01 14:34:59 INFO  Progress (4): 3.5/6.3 MB | 5.3/12 MB | 160/228 kB | 0.1/3.8 MB
2026.04.01 14:34:59 INFO  Progress (4): 3.5/6.3 MB | 5.3/12 MB | 176/228 kB | 0.1/3.8 MB
2026.04.01 14:34:59 INFO  Progress (4): 3.5/6.3 MB | 5.3/12 MB | 176/228 kB | 0.1/3.8 MB
2026.04.01 14:34:59 INFO  Progress (4): 3.5/6.3 MB | 5.3/12 MB | 176/228 kB | 0.1/3.8 MB
2026.04.01 14:34:59 INFO  Progress (4): 3.5/6.3 MB | 5.3/12 MB | 193/228 kB | 0.1/3.8 MB
2026.04.01 14:34:59 INFO  Progress (4): 3.5/6.3 MB | 5.3/12 MB | 193/228 kB | 0.1/3.8 MB
2026.04.01 14:34:59 INFO  Progress (4): 3.5/6.3 MB | 5.3/12 MB | 193/228 kB | 0.1/3.8 MB
2026.04.01 14:34:59 INFO  Progress (4): 3.5/6.3 MB | 5.3/12 MB | 209/228 kB | 0.1/3.8 MB
2026.04.01 14:34:59 INFO  Progress (4): 3.5/6.3 MB | 5.3/12 MB | 209/228 kB | 0.1/3.8 MB
2026.04.01 14:34:59 INFO  Progress (4): 3.5/6.3 MB | 5.3/12 MB | 209/228 kB | 0.1/3.8 MB
2026.04.01 14:34:59 INFO  Progress (4): 3.5/6.3 MB | 5.3/12 MB | 209/228 kB | 0.1/3.8 MB
2026.04.01 14:34:59 INFO  Progress (4): 3.5/6.3 MB | 5.3/12 MB | 225/228 kB | 0.1/3.8 MB
2026.04.01 14:34:59 INFO  Progress (4): 3.5/6.3 MB | 5.3/12 MB | 228 kB | 0.1/3.8 MB    
2026.04.01 14:34:59 INFO                                                            
2026.04.01 14:34:59 INFO  Downloaded from central: https://repo.maven.apache.org/maven2/org/jline/jline-terminal/3.19.0/jline-terminal-3.19.0.jar (228 kB at 77 kB/s)
2026.04.01 14:34:59 INFO  Downloading from central: https://repo.maven.apache.org/maven2/org/scala-sbt/zinc-persist_2.13/1.8.0/zinc-persist_2.13-1.8.0.jar
2026.04.01 14:34:59 INFO  Progress (3): 3.5/6.3 MB | 5.4/12 MB | 0.1/3.8 MB
2026.04.01 14:34:59 INFO  Progress (3): 3.5/6.3 MB | 5.4/12 MB | 0.2/3.8 MB
2026.04.01 14:34:59 INFO  Progress (3): 3.5/6.3 MB | 5.4/12 MB | 0.2/3.8 MB
2026.04.01 14:34:59 INFO  Progress (3): 3.5/6.3 MB | 5.4/12 MB | 0.2/3.8 MB
2026.04.01 14:34:59 INFO  Progress (3): 3.5/6.3 MB | 5.4/12 MB | 0.2/3.8 MB
2026.04.01 14:34:59 INFO  Progress (3): 3.5/6.3 MB | 5.4/12 MB | 0.2/3.8 MB
2026.04.01 14:34:59 INFO  Progress (3): 3.5/6.3 MB | 5.4/12 MB | 0.2/3.8 MB
2026.04.01 14:34:59 INFO  Progress (3): 3.6/6.3 MB | 5.4/12 MB | 0.2/3.8 MB
2026.04.01 14:34:59 INFO  Progress (3): 3.6/6.3 MB | 5.4/12 MB | 0.2/3.8 MB
2026.04.01 14:34:59 INFO  Progress (3): 3.6/6.3 MB | 5.4/12 MB | 0.2/3.8 MB
2026.04.01 14:34:59 INFO  Progress (3): 3.6/6.3 MB | 5.4/12 MB | 0.2/3.8 MB
2026.04.01 14:34:59 INFO  Progress (4): 3.6/6.3 MB | 5.4/12 MB | 0.2/3.8 MB | 7.7/15 kB
2026.04.01 14:34:59 INFO  Progress (4): 3.6/6.3 MB | 5.4/12 MB | 0.2/3.8 MB | 7.7/15 kB
2026.04.01 14:34:59 INFO  Progress (4): 3.6/6.3 MB | 5.4/12 MB | 0.2/3.8 MB | 7.7/15 kB
2026.04.01 14:34:59 INFO  Progress (4): 3.6/6.3 MB | 5.4/12 MB | 0.2/3.8 MB | 7.7/15 kB
2026.04.01 14:34:59 INFO  Progress (4): 3.6/6.3 MB | 5.4/12 MB | 0.2/3.8 MB | 15 kB    
2026.04.01 14:34:59 INFO                                                           
2026.04.01 14:34:59 INFO  Downloaded from central: https://repo.maven.apache.org/maven2/org/scala-sbt/util-relation_2.13/1.8.0/util-relation_2.13-1.8.0.jar (15 kB at 5.0 kB/s)
2026.04.01 14:34:59 INFO  Downloading from central: https://repo.maven.apache.org/maven2/org/scala-sbt/zinc-compile-core_2.13/1.8.0/zinc-compile-core_2.13-1.8.0.jar
2026.04.01 14:34:59 INFO  Progress (3): 3.6/6.3 MB | 5.4/12 MB | 0.2/3.8 MB
2026.04.01 14:34:59 INFO  Progress (3): 3.6/6.3 MB | 5.5/12 MB | 0.2/3.8 MB
2026.04.01 14:34:59 INFO  Progress (3): 3.6/6.3 MB | 5.5/12 MB | 0.2/3.8 MB
2026.04.01 14:34:59 INFO  Progress (3): 3.6/6.3 MB | 5.5/12 MB | 0.2/3.8 MB
2026.04.01 14:34:59 INFO  Progress (3): 3.6/6.3 MB | 5.5/12 MB | 0.3/3.8 MB
2026.04.01 14:34:59 INFO  Progress (3): 3.6/6.3 MB | 5.5/12 MB | 0.3/3.8 MB
2026.04.01 14:34:59 INFO  Progress (3): 3.6/6.3 MB | 5.5/12 MB | 0.3/3.8 MB
2026.04.01 14:34:59 INFO  Progress (3): 3.6/6.3 MB | 5.5/12 MB | 0.3/3.8 MB
2026.04.01 14:34:59 INFO  Progress (3): 3.6/6.3 MB | 5.5/12 MB | 0.3/3.8 MB
2026.04.01 14:34:59 INFO  Progress (3): 3.6/6.3 MB | 5.5/12 MB | 0.3/3.8 MB
2026.04.01 14:34:59 INFO  Progress (3): 3.6/6.3 MB | 5.5/12 MB | 0.3/3.8 MB
2026.04.01 14:34:59 INFO  Progress (3): 3.6/6.3 MB | 5.5/12 MB | 0.3/3.8 MB
2026.04.01 14:34:59 INFO  Progress (3): 3.6/6.3 MB | 5.5/12 MB | 0.3/3.8 MB
2026.04.01 14:34:59 INFO  Progress (3): 3.6/6.3 MB | 5.5/12 MB | 0.3/3.8 MB
2026.04.01 14:34:59 INFO  Progress (3): 3.6/6.3 MB | 5.5/12 MB | 0.3/3.8 MB
2026.04.01 14:34:59 INFO  Progress (3): 3.6/6.3 MB | 5.5/12 MB | 0.4/3.8 MB
2026.04.01 14:34:59 INFO  Progress (3): 3.6/6.3 MB | 5.5/12 MB | 0.4/3.8 MB
2026.04.01 14:34:59 INFO  Progress (3): 3.6/6.3 MB | 5.5/12 MB | 0.4/3.8 MB
2026.04.01 14:34:59 INFO  Progress (3): 3.6/6.3 MB | 5.5/12 MB | 0.4/3.8 MB
2026.04.01 14:34:59 INFO  Progress (3): 3.6/6.3 MB | 5.5/12 MB | 0.4/3.8 MB
2026.04.01 14:34:59 INFO  Progress (3): 3.6/6.3 MB | 5.5/12 MB | 0.4/3.8 MB
2026.04.01 14:34:59 INFO  Progress (3): 3.6/6.3 MB | 5.5/12 MB | 0.4/3.8 MB
2026.04.01 14:34:59 INFO  Progress (3): 3.7/6.3 MB | 5.5/12 MB | 0.4/3.8 MB
2026.04.01 14:34:59 INFO  Progress (3): 3.7/6.3 MB | 5.6/12 MB | 0.4/3.8 MB
2026.04.01 14:34:59 INFO  Progress (3): 3.7/6.3 MB | 5.6/12 MB | 0.4/3.8 MB
2026.04.01 14:34:59 INFO  Progress (3): 3.7/6.3 MB | 5.6/12 MB | 0.4/3.8 MB
2026.04.01 14:34:59 INFO  Progress (3): 3.7/6.3 MB | 5.6/12 MB | 0.4/3.8 MB
2026.04.01 14:34:59 INFO  Progress (3): 3.7/6.3 MB | 5.6/12 MB | 0.4/3.8 MB
2026.04.01 14:34:59 INFO  Progress (3): 3.7/6.3 MB | 5.6/12 MB | 0.4/3.8 MB
2026.04.01 14:34:59 INFO  Progress (3): 3.7/6.3 MB | 5.6/12 MB | 0.4/3.8 MB
2026.04.01 14:34:59 INFO  Progress (3): 3.7/6.3 MB | 5.6/12 MB | 0.4/3.8 MB
2026.04.01 14:34:59 INFO  Progress (3): 3.7/6.3 MB | 5.6/12 MB | 0.5/3.8 MB
2026.04.01 14:34:59 INFO  Progress (3): 3.7/6.3 MB | 5.6/12 MB | 0.5/3.8 MB
2026.04.01 14:34:59 INFO  Progress (3): 3.7/6.3 MB | 5.6/12 MB | 0.5/3.8 MB
2026.04.01 14:34:59 INFO  Progress (3): 3.7/6.3 MB | 5.6/12 MB | 0.5/3.8 MB
2026.04.01 14:34:59 INFO  Progress (3): 3.7/6.3 MB | 5.6/12 MB | 0.5/3.8 MB
2026.04.01 14:34:59 INFO  Progress (4): 3.7/6.3 MB | 5.6/12 MB | 0.5/3.8 MB | 7.7/270 kB
2026.04.01 14:34:59 INFO  Progress (4): 3.7/6.3 MB | 5.6/12 MB | 0.5/3.8 MB | 16/270 kB 
2026.04.01 14:34:59 INFO  Progress (4): 3.7/6.3 MB | 5.7/12 MB | 0.5/3.8 MB | 16/270 kB
2026.04.01 14:34:59 INFO  Progress (4): 3.7/6.3 MB | 5.7/12 MB | 0.5/3.8 MB | 32/270 kB
2026.04.01 14:34:59 INFO  Progress (4): 3.7/6.3 MB | 5.7/12 MB | 0.5/3.8 MB | 32/270 kB
2026.04.01 14:34:59 INFO  Progress (4): 3.7/6.3 MB | 5.7/12 MB | 0.5/3.8 MB | 32/270 kB
2026.04.01 14:34:59 INFO  Progress (4): 3.7/6.3 MB | 5.7/12 MB | 0.5/3.8 MB | 32/270 kB
2026.04.01 14:34:59 INFO  Progress (4): 3.7/6.3 MB | 5.7/12 MB | 0.5/3.8 MB | 49/270 kB
2026.04.01 14:34:59 INFO  Progress (4): 3.7/6.3 MB | 5.7/12 MB | 0.5/3.8 MB | 49/270 kB
2026.04.01 14:34:59 INFO  Progress (4): 3.7/6.3 MB | 5.7/12 MB | 0.5/3.8 MB | 65/270 kB
2026.04.01 14:34:59 INFO  Progress (4): 3.7/6.3 MB | 5.7/12 MB | 0.5/3.8 MB | 65/270 kB
2026.04.01 14:34:59 INFO  Progress (5): 3.7/6.3 MB | 5.7/12 MB | 0.5/3.8 MB | 65/270 kB | 7.7/254 kB
2026.04.01 14:34:59 INFO  Progress (5): 3.7/6.3 MB | 5.7/12 MB | 0.5/3.8 MB | 65/270 kB | 16/254 kB 
2026.04.01 14:34:59 INFO  Progress (5): 3.7/6.3 MB | 5.7/12 MB | 0.5/3.8 MB | 81/270 kB | 16/254 kB
2026.04.01 14:34:59 INFO  Progress (5): 3.7/6.3 MB | 5.7/12 MB | 0.5/3.8 MB | 81/270 kB | 24/254 kB
2026.04.01 14:34:59 INFO  Progress (5): 3.7/6.3 MB | 5.7/12 MB | 0.5/3.8 MB | 81/270 kB | 24/254 kB
2026.04.01 14:34:59 INFO  Progress (5): 3.7/6.3 MB | 5.7/12 MB | 0.5/3.8 MB | 98/270 kB | 24/254 kB
2026.04.01 14:34:59 INFO  Progress (5): 3.7/6.3 MB | 5.7/12 MB | 0.5/3.8 MB | 98/270 kB | 24/254 kB
2026.04.01 14:34:59 INFO  Progress (5): 3.7/6.3 MB | 5.7/12 MB | 0.5/3.8 MB | 98/270 kB | 40/254 kB
2026.04.01 14:34:59 INFO  Progress (5): 3.7/6.3 MB | 5.7/12 MB | 0.5/3.8 MB | 114/270 kB | 40/254 kB
2026.04.01 14:34:59 INFO  Progress (5): 3.7/6.3 MB | 5.7/12 MB | 0.5/3.8 MB | 114/270 kB | 57/254 kB
2026.04.01 14:34:59 INFO  Progress (5): 3.7/6.3 MB | 5.7/12 MB | 0.5/3.8 MB | 114/270 kB | 57/254 kB
2026.04.01 14:34:59 INFO  Progress (5): 3.8/6.3 MB | 5.7/12 MB | 0.5/3.8 MB | 114/270 kB | 57/254 kB
2026.04.01 14:34:59 INFO  Progress (5): 3.8/6.3 MB | 5.7/12 MB | 0.5/3.8 MB | 131/270 kB | 57/254 kB
2026.04.01 14:34:59 INFO  Progress (5): 3.8/6.3 MB | 5.7/12 MB | 0.5/3.8 MB | 131/270 kB | 57/254 kB
2026.04.01 14:34:59 INFO  Progress (5): 3.8/6.3 MB | 5.7/12 MB | 0.5/3.8 MB | 131/270 kB | 57/254 kB
2026.04.01 14:34:59 INFO  Progress (5): 3.8/6.3 MB | 5.7/12 MB | 0.5/3.8 MB | 131/270 kB | 73/254 kB
2026.04.01 14:34:59 INFO  Progress (5): 3.8/6.3 MB | 5.7/12 MB | 0.5/3.8 MB | 131/270 kB | 73/254 kB
2026.04.01 14:34:59 INFO  Progress (5): 3.8/6.3 MB | 5.7/12 MB | 0.5/3.8 MB | 131/270 kB | 73/254 kB
2026.04.01 14:34:59 INFO  Progress (5): 3.8/6.3 MB | 5.7/12 MB | 0.5/3.8 MB | 131/270 kB | 90/254 kB
2026.04.01 14:34:59 INFO  Progress (5): 3.8/6.3 MB | 5.7/12 MB | 0.5/3.8 MB | 131/270 kB | 90/254 kB
2026.04.01 14:34:59 INFO  Progress (5): 3.8/6.3 MB | 5.7/12 MB | 0.5/3.8 MB | 131/270 kB | 90/254 kB
2026.04.01 14:34:59 INFO  Progress (5): 3.8/6.3 MB | 5.7/12 MB | 0.5/3.8 MB | 131/270 kB | 90/254 kB
2026.04.01 14:34:59 INFO  Progress (5): 3.8/6.3 MB | 5.7/12 MB | 0.5/3.8 MB | 131/270 kB | 106/254 kB
2026.04.01 14:34:59 INFO  Progress (5): 3.8/6.3 MB | 5.8/12 MB | 0.5/3.8 MB | 131/270 kB | 106/254 kB
2026.04.01 14:34:59 INFO  Progress (5): 3.8/6.3 MB | 5.8/12 MB | 0.6/3.8 MB | 131/270 kB | 106/254 kB
2026.04.01 14:34:59 INFO  Progress (5): 3.8/6.3 MB | 5.8/12 MB | 0.6/3.8 MB | 131/270 kB | 122/254 kB
2026.04.01 14:34:59 INFO  Progress (5): 3.8/6.3 MB | 5.8/12 MB | 0.6/3.8 MB | 131/270 kB | 122/254 kB
2026.04.01 14:34:59 INFO  Progress (5): 3.8/6.3 MB | 5.8/12 MB | 0.6/3.8 MB | 131/270 kB | 122/254 kB
2026.04.01 14:34:59 INFO  Progress (5): 3.8/6.3 MB | 5.8/12 MB | 0.6/3.8 MB | 131/270 kB | 122/254 kB
2026.04.01 14:34:59 INFO  Progress (5): 3.8/6.3 MB | 5.8/12 MB | 0.6/3.8 MB | 131/270 kB | 139/254 kB
2026.04.01 14:34:59 INFO  Progress (5): 3.8/6.3 MB | 5.8/12 MB | 0.6/3.8 MB | 131/270 kB | 139/254 kB
2026.04.01 14:34:59 INFO  Progress (5): 3.8/6.3 MB | 5.8/12 MB | 0.6/3.8 MB | 131/270 kB | 139/254 kB
2026.04.01 14:34:59 INFO  Progress (5): 3.8/6.3 MB | 5.8/12 MB | 0.6/3.8 MB | 131/270 kB | 139/254 kB
2026.04.01 14:34:59 INFO  Progress (5): 3.8/6.3 MB | 5.8/12 MB | 0.6/3.8 MB | 131/270 kB | 139/254 kB
2026.04.01 14:34:59 INFO  Progress (5): 3.8/6.3 MB | 5.8/12 MB | 0.6/3.8 MB | 131/270 kB | 139/254 kB
2026.04.01 14:34:59 INFO  Progress (5): 3.8/6.3 MB | 5.8/12 MB | 0.6/3.8 MB | 131/270 kB | 139/254 kB
2026.04.01 14:34:59 INFO  Progress (5): 3.8/6.3 MB | 5.8/12 MB | 0.6/3.8 MB | 131/270 kB | 139/254 kB
2026.04.01 14:34:59 INFO  Progress (5): 3.8/6.3 MB | 5.8/12 MB | 0.6/3.8 MB | 147/270 kB | 139/254 kB
2026.04.01 14:34:59 INFO  Progress (5): 3.8/6.3 MB | 5.8/12 MB | 0.6/3.8 MB | 147/270 kB | 139/254 kB
2026.04.01 14:34:59 INFO  Progress (5): 3.8/6.3 MB | 5.8/12 MB | 0.6/3.8 MB | 147/270 kB | 139/254 kB
2026.04.01 14:34:59 INFO  Progress (5): 3.8/6.3 MB | 5.8/12 MB | 0.6/3.8 MB | 163/270 kB | 139/254 kB
2026.04.01 14:34:59 INFO  Progress (5): 3.8/6.3 MB | 5.8/12 MB | 0.6/3.8 MB | 163/270 kB | 139/254 kB
2026.04.01 14:34:59 INFO  Progress (5): 3.8/6.3 MB | 5.8/12 MB | 0.6/3.8 MB | 163/270 kB | 139/254 kB
2026.04.01 14:34:59 INFO  Progress (5): 3.8/6.3 MB | 5.9/12 MB | 0.6/3.8 MB | 163/270 kB | 139/254 kB
2026.04.01 14:34:59 INFO  Progress (5): 3.8/6.3 MB | 5.9/12 MB | 0.6/3.8 MB | 180/270 kB | 139/254 kB
2026.04.01 14:34:59 INFO  Progress (5): 3.8/6.3 MB | 5.9/12 MB | 0.7/3.8 MB | 180/270 kB | 139/254 kB
2026.04.01 14:34:59 INFO  Progress (5): 3.8/6.3 MB | 5.9/12 MB | 0.7/3.8 MB | 180/270 kB | 139/254 kB
2026.04.01 14:34:59 INFO  Progress (5): 3.8/6.3 MB | 5.9/12 MB | 0.7/3.8 MB | 180/270 kB | 139/254 kB
2026.04.01 14:34:59 INFO  Progress (5): 3.9/6.3 MB | 5.9/12 MB | 0.7/3.8 MB | 180/270 kB | 139/254 kB
2026.04.01 14:34:59 INFO  Progress (5): 3.9/6.3 MB | 5.9/12 MB | 0.7/3.8 MB | 196/270 kB | 139/254 kB
2026.04.01 14:34:59 INFO  Progress (5): 3.9/6.3 MB | 5.9/12 MB | 0.7/3.8 MB | 196/270 kB | 155/254 kB
2026.04.01 14:34:59 INFO  Progress (5): 3.9/6.3 MB | 5.9/12 MB | 0.7/3.8 MB | 212/270 kB | 155/254 kB
2026.04.01 14:34:59 INFO  Progress (5): 3.9/6.3 MB | 5.9/12 MB | 0.7/3.8 MB | 212/270 kB | 155/254 kB
2026.04.01 14:34:59 INFO  Progress (5): 3.9/6.3 MB | 5.9/12 MB | 0.7/3.8 MB | 212/270 kB | 155/254 kB
2026.04.01 14:34:59 INFO  Progress (5): 3.9/6.3 MB | 5.9/12 MB | 0.7/3.8 MB | 229/270 kB | 155/254 kB
2026.04.01 14:34:59 INFO  Progress (5): 3.9/6.3 MB | 5.9/12 MB | 0.7/3.8 MB | 229/270 kB | 172/254 kB
2026.04.01 14:34:59 INFO  Progress (5): 3.9/6.3 MB | 5.9/12 MB | 0.7/3.8 MB | 229/270 kB | 172/254 kB
2026.04.01 14:34:59 INFO  Progress (5): 3.9/6.3 MB | 5.9/12 MB | 0.7/3.8 MB | 229/270 kB | 188/254 kB
2026.04.01 14:34:59 INFO  Progress (5): 3.9/6.3 MB | 5.9/12 MB | 0.7/3.8 MB | 245/270 kB | 188/254 kB
2026.04.01 14:34:59 INFO  Progress (5): 3.9/6.3 MB | 5.9/12 MB | 0.7/3.8 MB | 245/270 kB | 188/254 kB
2026.04.01 14:34:59 INFO  Progress (5): 3.9/6.3 MB | 5.9/12 MB | 0.7/3.8 MB | 245/270 kB | 188/254 kB
2026.04.01 14:34:59 INFO  Progress (5): 3.9/6.3 MB | 5.9/12 MB | 0.7/3.8 MB | 245/270 kB | 204/254 kB
2026.04.01 14:34:59 INFO  Progress (5): 3.9/6.3 MB | 5.9/12 MB | 0.7/3.8 MB | 262/270 kB | 204/254 kB
2026.04.01 14:34:59 INFO  Progress (5): 3.9/6.3 MB | 5.9/12 MB | 0.7/3.8 MB | 270 kB | 204/254 kB    
2026.04.01 14:34:59 INFO                                                                         
2026.04.01 14:34:59 INFO  Downloaded from central: https://repo.maven.apache.org/maven2/org/scala-sbt/zinc-persist_2.13/1.8.0/zinc-persist_2.13-1.8.0.jar (270 kB at 83 kB/s)
2026.04.01 14:34:59 INFO  Downloading from central: https://repo.maven.apache.org/maven2/org/scala-lang/modules/scala-parser-combinators_2.13/1.1.2/scala-parser-combinators_2.13-1.1.2.jar
2026.04.01 14:34:59 INFO  Progress (4): 3.9/6.3 MB | 5.9/12 MB | 0.7/3.8 MB | 204/254 kB
2026.04.01 14:34:59 INFO  Progress (4): 3.9/6.3 MB | 5.9/12 MB | 0.7/3.8 MB | 204/254 kB
2026.04.01 14:34:59 INFO  Progress (4): 3.9/6.3 MB | 5.9/12 MB | 0.7/3.8 MB | 221/254 kB
2026.04.01 14:34:59 INFO  Progress (4): 3.9/6.3 MB | 5.9/12 MB | 0.7/3.8 MB | 221/254 kB
2026.04.01 14:34:59 INFO  Progress (4): 3.9/6.3 MB | 5.9/12 MB | 0.7/3.8 MB | 237/254 kB
2026.04.01 14:34:59 INFO  Progress (4): 3.9/6.3 MB | 5.9/12 MB | 0.7/3.8 MB | 237/254 kB
2026.04.01 14:34:59 INFO  Progress (4): 3.9/6.3 MB | 5.9/12 MB | 0.7/3.8 MB | 237/254 kB
2026.04.01 14:34:59 INFO  Progress (4): 3.9/6.3 MB | 6.0/12 MB | 0.7/3.8 MB | 237/254 kB
2026.04.01 14:34:59 INFO  Progress (4): 3.9/6.3 MB | 6.0/12 MB | 0.7/3.8 MB | 253/254 kB
2026.04.01 14:34:59 INFO  Progress (4): 3.9/6.3 MB | 6.0/12 MB | 0.7/3.8 MB | 254 kB    
2026.04.01 14:34:59 INFO                                                            
2026.04.01 14:34:59 INFO  Downloaded from central: https://repo.maven.apache.org/maven2/org/scala-sbt/zinc-compile-core_2.13/1.8.0/zinc-compile-core_2.13-1.8.0.jar (254 kB at 77 kB/s)
2026.04.01 14:34:59 INFO  Downloading from central: https://repo.maven.apache.org/maven2/net/openhft/zero-allocation-hashing/0.10.1/zero-allocation-hashing-0.10.1.jar
2026.04.01 14:34:59 INFO  Progress (3): 3.9/6.3 MB | 6.0/12 MB | 0.7/3.8 MB
2026.04.01 14:34:59 INFO  Progress (3): 3.9/6.3 MB | 6.0/12 MB | 0.7/3.8 MB
2026.04.01 14:34:59 INFO  Progress (3): 3.9/6.3 MB | 6.0/12 MB | 0.7/3.8 MB
2026.04.01 14:34:59 INFO  Progress (3): 3.9/6.3 MB | 6.0/12 MB | 0.7/3.8 MB
2026.04.01 14:34:59 INFO  Progress (3): 3.9/6.3 MB | 6.0/12 MB | 0.8/3.8 MB
2026.04.01 14:34:59 INFO  Progress (3): 3.9/6.3 MB | 6.0/12 MB | 0.8/3.8 MB
2026.04.01 14:34:59 INFO  Progress (3): 3.9/6.3 MB | 6.0/12 MB | 0.8/3.8 MB
2026.04.01 14:34:59 INFO  Progress (3): 3.9/6.3 MB | 6.0/12 MB | 0.8/3.8 MB
2026.04.01 14:34:59 INFO  Progress (3): 3.9/6.3 MB | 6.0/12 MB | 0.8/3.8 MB
2026.04.01 14:34:59 INFO  Progress (3): 4.0/6.3 MB | 6.0/12 MB | 0.8/3.8 MB
2026.04.01 14:34:59 INFO  Progress (3): 4.0/6.3 MB | 6.0/12 MB | 0.8/3.8 MB
2026.04.01 14:34:59 INFO  Progress (3): 4.0/6.3 MB | 6.0/12 MB | 0.8/3.8 MB
2026.04.01 14:34:59 INFO  Progress (3): 4.0/6.3 MB | 6.1/12 MB | 0.8/3.8 MB
2026.04.01 14:34:59 INFO  Progress (3): 4.0/6.3 MB | 6.1/12 MB | 0.8/3.8 MB
2026.04.01 14:34:59 INFO  Progress (3): 4.0/6.3 MB | 6.1/12 MB | 0.8/3.8 MB
2026.04.01 14:34:59 INFO  Progress (3): 4.0/6.3 MB | 6.1/12 MB | 0.8/3.8 MB
2026.04.01 14:34:59 INFO  Progress (3): 4.0/6.3 MB | 6.1/12 MB | 0.8/3.8 MB
2026.04.01 14:34:59 INFO  Progress (3): 4.0/6.3 MB | 6.1/12 MB | 0.8/3.8 MB
2026.04.01 14:34:59 INFO  Progress (3): 4.0/6.3 MB | 6.1/12 MB | 0.8/3.8 MB
2026.04.01 14:34:59 INFO  Progress (3): 4.0/6.3 MB | 6.1/12 MB | 0.8/3.8 MB
2026.04.01 14:34:59 INFO  Progress (3): 4.0/6.3 MB | 6.1/12 MB | 0.9/3.8 MB
2026.04.01 14:34:59 INFO  Progress (3): 4.0/6.3 MB | 6.1/12 MB | 0.9/3.8 MB
2026.04.01 14:34:59 INFO  Progress (3): 4.0/6.3 MB | 6.1/12 MB | 0.9/3.8 MB
2026.04.01 14:34:59 INFO  Progress (3): 4.0/6.3 MB | 6.1/12 MB | 0.9/3.8 MB
2026.04.01 14:34:59 INFO  Progress (3): 4.0/6.3 MB | 6.1/12 MB | 0.9/3.8 MB
2026.04.01 14:34:59 INFO  Progress (3): 4.1/6.3 MB | 6.1/12 MB | 0.9/3.8 MB
2026.04.01 14:34:59 INFO  Progress (3): 4.1/6.3 MB | 6.1/12 MB | 0.9/3.8 MB
2026.04.01 14:34:59 INFO  Progress (3): 4.1/6.3 MB | 6.1/12 MB | 0.9/3.8 MB
2026.04.01 14:34:59 INFO  Progress (3): 4.1/6.3 MB | 6.1/12 MB | 0.9/3.8 MB
2026.04.01 14:34:59 INFO  Progress (3): 4.1/6.3 MB | 6.1/12 MB | 0.9/3.8 MB
2026.04.01 14:34:59 INFO  Progress (4): 4.1/6.3 MB | 6.1/12 MB | 0.9/3.8 MB | 7.7/225 kB
2026.04.01 14:34:59 INFO  Progress (4): 4.1/6.3 MB | 6.1/12 MB | 0.9/3.8 MB | 7.7/225 kB
2026.04.01 14:34:59 INFO  Progress (4): 4.1/6.3 MB | 6.1/12 MB | 0.9/3.8 MB | 16/225 kB 
2026.04.01 14:34:59 INFO  Progress (4): 4.1/6.3 MB | 6.1/12 MB | 0.9/3.8 MB | 16/225 kB
2026.04.01 14:34:59 INFO  Progress (4): 4.1/6.3 MB | 6.1/12 MB | 0.9/3.8 MB | 24/225 kB
2026.04.01 14:34:59 INFO  Progress (4): 4.1/6.3 MB | 6.2/12 MB | 0.9/3.8 MB | 24/225 kB
2026.04.01 14:34:59 INFO  Progress (4): 4.1/6.3 MB | 6.2/12 MB | 0.9/3.8 MB | 24/225 kB
2026.04.01 14:34:59 INFO  Progress (4): 4.1/6.3 MB | 6.2/12 MB | 0.9/3.8 MB | 24/225 kB
2026.04.01 14:34:59 INFO  Progress (4): 4.1/6.3 MB | 6.2/12 MB | 0.9/3.8 MB | 24/225 kB
2026.04.01 14:34:59 INFO  Progress (5): 4.1/6.3 MB | 6.2/12 MB | 0.9/3.8 MB | 24/225 kB | 7.7/60 kB
2026.04.01 14:34:59 INFO  Progress (5): 4.1/6.3 MB | 6.2/12 MB | 0.9/3.8 MB | 24/225 kB | 16/60 kB 
2026.04.01 14:34:59 INFO  Progress (5): 4.1/6.3 MB | 6.2/12 MB | 0.9/3.8 MB | 40/225 kB | 16/60 kB
2026.04.01 14:34:59 INFO  Progress (5): 4.1/6.3 MB | 6.2/12 MB | 0.9/3.8 MB | 40/225 kB | 25/60 kB
2026.04.01 14:34:59 INFO  Progress (5): 4.1/6.3 MB | 6.2/12 MB | 0.9/3.8 MB | 40/225 kB | 25/60 kB
2026.04.01 14:34:59 INFO  Progress (5): 4.1/6.3 MB | 6.2/12 MB | 0.9/3.8 MB | 40/225 kB | 25/60 kB
2026.04.01 14:34:59 INFO  Progress (5): 4.1/6.3 MB | 6.2/12 MB | 0.9/3.8 MB | 40/225 kB | 41/60 kB
2026.04.01 14:34:59 INFO  Progress (5): 4.1/6.3 MB | 6.2/12 MB | 1.0/3.8 MB | 40/225 kB | 41/60 kB
2026.04.01 14:35:00 INFO  Progress (5): 4.1/6.3 MB | 6.2/12 MB | 1.0/3.8 MB | 40/225 kB | 41/60 kB
2026.04.01 14:35:00 INFO  Progress (5): 4.1/6.3 MB | 6.2/12 MB | 1.0/3.8 MB | 40/225 kB | 57/60 kB
2026.04.01 14:35:00 INFO  Progress (5): 4.1/6.3 MB | 6.2/12 MB | 1.0/3.8 MB | 57/225 kB | 57/60 kB
2026.04.01 14:35:00 INFO  Progress (5): 4.1/6.3 MB | 6.2/12 MB | 1.0/3.8 MB | 57/225 kB | 60 kB   
2026.04.01 14:35:00 INFO                                                                       
2026.04.01 14:35:00 INFO  Downloaded from central: https://repo.maven.apache.org/maven2/net/openhft/zero-allocation-hashing/0.10.1/zero-allocation-hashing-0.10.1.jar (60 kB at 18 kB/s)
2026.04.01 14:35:00 INFO  Downloading from central: https://repo.maven.apache.org/maven2/org/scala-sbt/util-control_2.13/1.8.0/util-control_2.13-1.8.0.jar
2026.04.01 14:35:00 INFO  Progress (4): 4.1/6.3 MB | 6.2/12 MB | 1.0/3.8 MB | 57/225 kB
2026.04.01 14:35:00 INFO  Progress (4): 4.1/6.3 MB | 6.2/12 MB | 1.0/3.8 MB | 57/225 kB
2026.04.01 14:35:00 INFO  Progress (4): 4.1/6.3 MB | 6.2/12 MB | 1.0/3.8 MB | 73/225 kB
2026.04.01 14:35:00 INFO  Progress (4): 4.1/6.3 MB | 6.2/12 MB | 1.0/3.8 MB | 73/225 kB
2026.04.01 14:35:00 INFO  Progress (4): 4.1/6.3 MB | 6.2/12 MB | 1.0/3.8 MB | 73/225 kB
2026.04.01 14:35:00 INFO  Progress (4): 4.1/6.3 MB | 6.2/12 MB | 1.0/3.8 MB | 73/225 kB
2026.04.01 14:35:00 INFO  Progress (4): 4.1/6.3 MB | 6.2/12 MB | 1.0/3.8 MB | 90/225 kB
2026.04.01 14:35:00 INFO  Progress (4): 4.1/6.3 MB | 6.2/12 MB | 1.0/3.8 MB | 90/225 kB
2026.04.01 14:35:00 INFO  Progress (4): 4.1/6.3 MB | 6.2/12 MB | 1.0/3.8 MB | 90/225 kB
2026.04.01 14:35:00 INFO  Progress (4): 4.1/6.3 MB | 6.3/12 MB | 1.0/3.8 MB | 90/225 kB
2026.04.01 14:35:00 INFO  Progress (4): 4.1/6.3 MB | 6.3/12 MB | 1.0/3.8 MB | 90/225 kB
2026.04.01 14:35:00 INFO  Progress (4): 4.1/6.3 MB | 6.3/12 MB | 1.0/3.8 MB | 90/225 kB
2026.04.01 14:35:00 INFO  Progress (4): 4.1/6.3 MB | 6.3/12 MB | 1.0/3.8 MB | 90/225 kB
2026.04.01 14:35:00 INFO  Progress (4): 4.1/6.3 MB | 6.3/12 MB | 1.0/3.8 MB | 106/225 kB
2026.04.01 14:35:00 INFO  Progress (4): 4.1/6.3 MB | 6.3/12 MB | 1.0/3.8 MB | 106/225 kB
2026.04.01 14:35:00 INFO  Progress (4): 4.1/6.3 MB | 6.3/12 MB | 1.0/3.8 MB | 106/225 kB
2026.04.01 14:35:00 INFO  Progress (4): 4.1/6.3 MB | 6.3/12 MB | 1.0/3.8 MB | 106/225 kB
2026.04.01 14:35:00 INFO  Progress (4): 4.2/6.3 MB | 6.3/12 MB | 1.0/3.8 MB | 106/225 kB
2026.04.01 14:35:00 INFO  Progress (4): 4.2/6.3 MB | 6.3/12 MB | 1.1/3.8 MB | 106/225 kB
2026.04.01 14:35:00 INFO  Progress (4): 4.2/6.3 MB | 6.3/12 MB | 1.1/3.8 MB | 122/225 kB
2026.04.01 14:35:00 INFO  Progress (4): 4.2/6.3 MB | 6.3/12 MB | 1.1/3.8 MB | 122/225 kB
2026.04.01 14:35:00 INFO  Progress (4): 4.2/6.3 MB | 6.3/12 MB | 1.1/3.8 MB | 122/225 kB
2026.04.01 14:35:00 INFO  Progress (4): 4.2/6.3 MB | 6.3/12 MB | 1.1/3.8 MB | 122/225 kB
2026.04.01 14:35:00 INFO  Progress (4): 4.2/6.3 MB | 6.3/12 MB | 1.1/3.8 MB | 122/225 kB
2026.04.01 14:35:00 INFO  Progress (4): 4.2/6.3 MB | 6.3/12 MB | 1.1/3.8 MB | 122/225 kB
2026.04.01 14:35:00 INFO  Progress (4): 4.2/6.3 MB | 6.3/12 MB | 1.1/3.8 MB | 122/225 kB
2026.04.01 14:35:00 INFO  Progress (4): 4.2/6.3 MB | 6.3/12 MB | 1.1/3.8 MB | 139/225 kB
2026.04.01 14:35:00 INFO  Progress (4): 4.2/6.3 MB | 6.3/12 MB | 1.1/3.8 MB | 139/225 kB
2026.04.01 14:35:00 INFO  Progress (4): 4.2/6.3 MB | 6.3/12 MB | 1.1/3.8 MB | 139/225 kB
2026.04.01 14:35:00 INFO  Progress (4): 4.2/6.3 MB | 6.3/12 MB | 1.1/3.8 MB | 139/225 kB
2026.04.01 14:35:00 INFO  Progress (4): 4.2/6.3 MB | 6.3/12 MB | 1.1/3.8 MB | 139/225 kB
2026.04.01 14:35:00 INFO  Progress (4): 4.2/6.3 MB | 6.3/12 MB | 1.1/3.8 MB | 155/225 kB
2026.04.01 14:35:00 INFO  Progress (4): 4.2/6.3 MB | 6.4/12 MB | 1.1/3.8 MB | 155/225 kB
2026.04.01 14:35:00 INFO  Progress (4): 4.2/6.3 MB | 6.4/12 MB | 1.1/3.8 MB | 155/225 kB
2026.04.01 14:35:00 INFO  Progress (4): 4.2/6.3 MB | 6.4/12 MB | 1.1/3.8 MB | 155/225 kB
2026.04.01 14:35:00 INFO  Progress (4): 4.2/6.3 MB | 6.4/12 MB | 1.1/3.8 MB | 155/225 kB
2026.04.01 14:35:00 INFO  Progress (4): 4.2/6.3 MB | 6.4/12 MB | 1.1/3.8 MB | 155/225 kB
2026.04.01 14:35:00 INFO  Progress (4): 4.2/6.3 MB | 6.4/12 MB | 1.1/3.8 MB | 155/225 kB
2026.04.01 14:35:00 INFO  Progress (4): 4.2/6.3 MB | 6.4/12 MB | 1.1/3.8 MB | 172/225 kB
2026.04.01 14:35:00 INFO  Progress (4): 4.3/6.3 MB | 6.4/12 MB | 1.1/3.8 MB | 172/225 kB
2026.04.01 14:35:00 INFO  Progress (4): 4.3/6.3 MB | 6.4/12 MB | 1.1/3.8 MB | 172/225 kB
2026.04.01 14:35:00 INFO  Progress (4): 4.3/6.3 MB | 6.4/12 MB | 1.2/3.8 MB | 172/225 kB
2026.04.01 14:35:00 INFO  Progress (4): 4.3/6.3 MB | 6.4/12 MB | 1.2/3.8 MB | 172/225 kB
2026.04.01 14:35:00 INFO  Progress (4): 4.3/6.3 MB | 6.4/12 MB | 1.2/3.8 MB | 172/225 kB
2026.04.01 14:35:00 INFO  Progress (5): 4.3/6.3 MB | 6.4/12 MB | 1.2/3.8 MB | 172/225 kB | 8.2/19 kB
2026.04.01 14:35:00 INFO  Progress (5): 4.3/6.3 MB | 6.4/12 MB | 1.2/3.8 MB | 188/225 kB | 8.2/19 kB
2026.04.01 14:35:00 INFO  Progress (5): 4.3/6.3 MB | 6.4/12 MB | 1.2/3.8 MB | 188/225 kB | 8.2/19 kB
2026.04.01 14:35:00 INFO  Progress (5): 4.3/6.3 MB | 6.4/12 MB | 1.2/3.8 MB | 188/225 kB | 8.2/19 kB
2026.04.01 14:35:00 INFO  Progress (5): 4.3/6.3 MB | 6.4/12 MB | 1.2/3.8 MB | 188/225 kB | 19 kB    
2026.04.01 14:35:00 INFO  Progress (5): 4.3/6.3 MB | 6.4/12 MB | 1.2/3.8 MB | 188/225 kB | 19 kB
2026.04.01 14:35:00 INFO                                                                        
2026.04.01 14:35:00 INFO  Downloaded from central: https://repo.maven.apache.org/maven2/org/scala-sbt/util-control_2.13/1.8.0/util-control_2.13-1.8.0.jar (19 kB at 5.5 kB/s)
2026.04.01 14:35:00 INFO  Downloading from central: https://repo.maven.apache.org/maven2/org/scala-sbt/zinc-classfile_2.13/1.8.0/zinc-classfile_2.13-1.8.0.jar
2026.04.01 14:35:00 INFO  Progress (4): 4.3/6.3 MB | 6.4/12 MB | 1.2/3.8 MB | 188/225 kB
2026.04.01 14:35:00 INFO  Progress (4): 4.3/6.3 MB | 6.4/12 MB | 1.2/3.8 MB | 188/225 kB
2026.04.01 14:35:00 INFO  Progress (4): 4.3/6.3 MB | 6.4/12 MB | 1.2/3.8 MB | 188/225 kB
2026.04.01 14:35:00 INFO  Progress (4): 4.3/6.3 MB | 6.4/12 MB | 1.2/3.8 MB | 204/225 kB
2026.04.01 14:35:00 INFO  Progress (4): 4.3/6.3 MB | 6.4/12 MB | 1.2/3.8 MB | 204/225 kB
2026.04.01 14:35:00 INFO  Progress (4): 4.3/6.3 MB | 6.5/12 MB | 1.2/3.8 MB | 204/225 kB
2026.04.01 14:35:00 INFO  Progress (4): 4.3/6.3 MB | 6.5/12 MB | 1.2/3.8 MB | 204/225 kB
2026.04.01 14:35:00 INFO  Progress (4): 4.3/6.3 MB | 6.5/12 MB | 1.2/3.8 MB | 204/225 kB
2026.04.01 14:35:00 INFO  Progress (4): 4.3/6.3 MB | 6.5/12 MB | 1.2/3.8 MB | 221/225 kB
2026.04.01 14:35:00 INFO  Progress (4): 4.3/6.3 MB | 6.5/12 MB | 1.2/3.8 MB | 225 kB    
2026.04.01 14:35:00 INFO  Progress (4): 4.3/6.3 MB | 6.5/12 MB | 1.2/3.8 MB | 225 kB
2026.04.01 14:35:00 INFO  Progress (4): 4.3/6.3 MB | 6.5/12 MB | 1.2/3.8 MB | 225 kB
2026.04.01 14:35:00 INFO                                                            
2026.04.01 14:35:00 INFO  Downloaded from central: https://repo.maven.apache.org/maven2/org/scala-lang/modules/scala-parser-combinators_2.13/1.1.2/scala-parser-combinators_2.13-1.1.2.jar (225 kB at 64 kB/s)
2026.04.01 14:35:00 INFO  Progress (3): 4.3/6.3 MB | 6.5/12 MB | 1.3/3.8 MB
2026.04.01 14:35:00 INFO  Progress (3): 4.3/6.3 MB | 6.5/12 MB | 1.3/3.8 MB
2026.04.01 14:35:00 INFO  Progress (3): 4.3/6.3 MB | 6.5/12 MB | 1.3/3.8 MB
2026.04.01 14:35:00 INFO  Progress (3): 4.3/6.3 MB | 6.5/12 MB | 1.3/3.8 MB
2026.04.01 14:35:00 INFO  Progress (3): 4.3/6.3 MB | 6.5/12 MB | 1.3/3.8 MB
2026.04.01 14:35:00 INFO  Progress (3): 4.3/6.3 MB | 6.5/12 MB | 1.3/3.8 MB
2026.04.01 14:35:00 INFO  Progress (3): 4.4/6.3 MB | 6.5/12 MB | 1.3/3.8 MB
2026.04.01 14:35:00 INFO  Progress (3): 4.4/6.3 MB | 6.5/12 MB | 1.3/3.8 MB
2026.04.01 14:35:00 INFO  Progress (3): 4.4/6.3 MB | 6.5/12 MB | 1.3/3.8 MB
2026.04.01 14:35:00 INFO  Progress (3): 4.4/6.3 MB | 6.5/12 MB | 1.3/3.8 MB
2026.04.01 14:35:00 INFO  Progress (3): 4.4/6.3 MB | 6.5/12 MB | 1.3/3.8 MB
2026.04.01 14:35:00 INFO  Progress (3): 4.4/6.3 MB | 6.5/12 MB | 1.3/3.8 MB
2026.04.01 14:35:00 INFO  Progress (3): 4.4/6.3 MB | 6.5/12 MB | 1.3/3.8 MB
2026.04.01 14:35:00 INFO  Progress (3): 4.4/6.3 MB | 6.6/12 MB | 1.3/3.8 MB
2026.04.01 14:35:00 INFO  Progress (3): 4.4/6.3 MB | 6.6/12 MB | 1.3/3.8 MB
2026.04.01 14:35:00 INFO  Progress (3): 4.4/6.3 MB | 6.6/12 MB | 1.3/3.8 MB
2026.04.01 14:35:00 INFO  Progress (3): 4.4/6.3 MB | 6.6/12 MB | 1.3/3.8 MB
2026.04.01 14:35:00 INFO  Progress (3): 4.4/6.3 MB | 6.6/12 MB | 1.4/3.8 MB
2026.04.01 14:35:00 INFO  Progress (3): 4.4/6.3 MB | 6.6/12 MB | 1.4/3.8 MB
2026.04.01 14:35:00 INFO  Progress (3): 4.4/6.3 MB | 6.6/12 MB | 1.4/3.8 MB
2026.04.01 14:35:00 INFO  Progress (3): 4.4/6.3 MB | 6.6/12 MB | 1.4/3.8 MB
2026.04.01 14:35:00 INFO  Progress (3): 4.4/6.3 MB | 6.6/12 MB | 1.4/3.8 MB
2026.04.01 14:35:00 INFO  Progress (3): 4.4/6.3 MB | 6.6/12 MB | 1.4/3.8 MB
2026.04.01 14:35:00 INFO  Progress (3): 4.4/6.3 MB | 6.6/12 MB | 1.4/3.8 MB
2026.04.01 14:35:00 INFO  Progress (3): 4.4/6.3 MB | 6.6/12 MB | 1.4/3.8 MB
2026.04.01 14:35:00 INFO  Progress (3): 4.4/6.3 MB | 6.6/12 MB | 1.4/3.8 MB
2026.04.01 14:35:00 INFO  Progress (3): 4.5/6.3 MB | 6.6/12 MB | 1.4/3.8 MB
2026.04.01 14:35:00 INFO  Progress (3): 4.5/6.3 MB | 6.6/12 MB | 1.4/3.8 MB
2026.04.01 14:35:00 INFO  Progress (4): 4.5/6.3 MB | 6.6/12 MB | 1.4/3.8 MB | 7.7/108 kB
2026.04.01 14:35:00 INFO  Progress (4): 4.5/6.3 MB | 6.6/12 MB | 1.4/3.8 MB | 16/108 kB 
2026.04.01 14:35:00 INFO  Progress (4): 4.5/6.3 MB | 6.6/12 MB | 1.4/3.8 MB | 24/108 kB
2026.04.01 14:35:00 INFO  Progress (4): 4.5/6.3 MB | 6.6/12 MB | 1.4/3.8 MB | 40/108 kB
2026.04.01 14:35:00 INFO  Progress (4): 4.5/6.3 MB | 6.6/12 MB | 1.4/3.8 MB | 40/108 kB
2026.04.01 14:35:00 INFO  Progress (4): 4.5/6.3 MB | 6.6/12 MB | 1.4/3.8 MB | 40/108 kB
2026.04.01 14:35:00 INFO  Progress (4): 4.5/6.3 MB | 6.6/12 MB | 1.4/3.8 MB | 40/108 kB
2026.04.01 14:35:00 INFO  Progress (4): 4.5/6.3 MB | 6.6/12 MB | 1.4/3.8 MB | 57/108 kB
2026.04.01 14:35:00 INFO  Progress (4): 4.5/6.3 MB | 6.6/12 MB | 1.4/3.8 MB | 57/108 kB
2026.04.01 14:35:00 INFO  Progress (4): 4.5/6.3 MB | 6.7/12 MB | 1.4/3.8 MB | 57/108 kB
2026.04.01 14:35:00 INFO  Progress (4): 4.5/6.3 MB | 6.7/12 MB | 1.4/3.8 MB | 57/108 kB
2026.04.01 14:35:00 INFO  Progress (4): 4.5/6.3 MB | 6.7/12 MB | 1.4/3.8 MB | 73/108 kB
2026.04.01 14:35:00 INFO  Progress (4): 4.5/6.3 MB | 6.7/12 MB | 1.5/3.8 MB | 73/108 kB
2026.04.01 14:35:00 INFO  Progress (4): 4.5/6.3 MB | 6.7/12 MB | 1.5/3.8 MB | 73/108 kB
2026.04.01 14:35:00 INFO  Progress (4): 4.5/6.3 MB | 6.7/12 MB | 1.5/3.8 MB | 73/108 kB
2026.04.01 14:35:00 INFO  Progress (4): 4.5/6.3 MB | 6.7/12 MB | 1.5/3.8 MB | 90/108 kB
2026.04.01 14:35:00 INFO  Progress (4): 4.5/6.3 MB | 6.7/12 MB | 1.5/3.8 MB | 90/108 kB
2026.04.01 14:35:00 INFO  Progress (4): 4.5/6.3 MB | 6.7/12 MB | 1.5/3.8 MB | 90/108 kB
2026.04.01 14:35:00 INFO  Progress (4): 4.5/6.3 MB | 6.7/12 MB | 1.5/3.8 MB | 90/108 kB
2026.04.01 14:35:00 INFO  Progress (4): 4.5/6.3 MB | 6.7/12 MB | 1.5/3.8 MB | 106/108 kB
2026.04.01 14:35:00 INFO  Progress (4): 4.5/6.3 MB | 6.7/12 MB | 1.5/3.8 MB | 108 kB    
2026.04.01 14:35:00 INFO                                                            
2026.04.01 14:35:00 INFO  Downloaded from central: https://repo.maven.apache.org/maven2/org/scala-sbt/zinc-classfile_2.13/1.8.0/zinc-classfile_2.13-1.8.0.jar (108 kB at 29 kB/s)
2026.04.01 14:35:00 INFO  Progress (3): 4.5/6.3 MB | 6.7/12 MB | 1.5/3.8 MB
2026.04.01 14:35:00 INFO  Progress (3): 4.5/6.3 MB | 6.7/12 MB | 1.5/3.8 MB
2026.04.01 14:35:00 INFO  Progress (3): 4.5/6.3 MB | 6.7/12 MB | 1.5/3.8 MB
2026.04.01 14:35:00 INFO  Progress (3): 4.5/6.3 MB | 6.7/12 MB | 1.5/3.8 MB
2026.04.01 14:35:00 INFO  Progress (3): 4.5/6.3 MB | 6.7/12 MB | 1.5/3.8 MB
2026.04.01 14:35:00 INFO  Progress (3): 4.6/6.3 MB | 6.7/12 MB | 1.5/3.8 MB
2026.04.01 14:35:00 INFO  Progress (3): 4.6/6.3 MB | 6.7/12 MB | 1.5/3.8 MB
2026.04.01 14:35:00 INFO  Progress (3): 4.6/6.3 MB | 6.7/12 MB | 1.5/3.8 MB
2026.04.01 14:35:00 INFO  Progress (3): 4.6/6.3 MB | 6.8/12 MB | 1.5/3.8 MB
2026.04.01 14:35:00 INFO  Progress (3): 4.6/6.3 MB | 6.8/12 MB | 1.5/3.8 MB
2026.04.01 14:35:00 INFO  Progress (3): 4.6/6.3 MB | 6.8/12 MB | 1.5/3.8 MB
2026.04.01 14:35:00 INFO  Progress (3): 4.6/6.3 MB | 6.8/12 MB | 1.5/3.8 MB
2026.04.01 14:35:00 INFO  Progress (3): 4.6/6.3 MB | 6.8/12 MB | 1.6/3.8 MB
2026.04.01 14:35:00 INFO  Progress (3): 4.6/6.3 MB | 6.8/12 MB | 1.6/3.8 MB
2026.04.01 14:35:00 INFO  Progress (3): 4.6/6.3 MB | 6.8/12 MB | 1.6/3.8 MB
2026.04.01 14:35:00 INFO  Progress (3): 4.6/6.3 MB | 6.8/12 MB | 1.6/3.8 MB
2026.04.01 14:35:00 INFO  Progress (3): 4.6/6.3 MB | 6.8/12 MB | 1.6/3.8 MB
2026.04.01 14:35:00 INFO  Progress (3): 4.6/6.3 MB | 6.8/12 MB | 1.6/3.8 MB
2026.04.01 14:35:00 INFO  Progress (3): 4.6/6.3 MB | 6.8/12 MB | 1.6/3.8 MB
2026.04.01 14:35:00 INFO  Progress (3): 4.6/6.3 MB | 6.8/12 MB | 1.6/3.8 MB
2026.04.01 14:35:00 INFO  Progress (3): 4.6/6.3 MB | 6.8/12 MB | 1.6/3.8 MB
2026.04.01 14:35:00 INFO  Progress (3): 4.6/6.3 MB | 6.8/12 MB | 1.6/3.8 MB
2026.04.01 14:35:00 INFO  Progress (3): 4.6/6.3 MB | 6.8/12 MB | 1.6/3.8 MB
2026.04.01 14:35:00 INFO  Progress (3): 4.6/6.3 MB | 6.8/12 MB | 1.6/3.8 MB
2026.04.01 14:35:00 INFO  Progress (3): 4.6/6.3 MB | 6.8/12 MB | 1.6/3.8 MB
2026.04.01 14:35:00 INFO  Progress (3): 4.6/6.3 MB | 6.8/12 MB | 1.6/3.8 MB
2026.04.01 14:35:00 INFO  Progress (3): 4.6/6.3 MB | 6.8/12 MB | 1.6/3.8 MB
2026.04.01 14:35:00 INFO  Progress (3): 4.6/6.3 MB | 6.8/12 MB | 1.6/3.8 MB
2026.04.01 14:35:00 INFO  Progress (3): 4.6/6.3 MB | 6.8/12 MB | 1.7/3.8 MB
2026.04.01 14:35:00 INFO  Progress (3): 4.6/6.3 MB | 6.9/12 MB | 1.7/3.8 MB
2026.04.01 14:35:00 INFO  Progress (3): 4.7/6.3 MB | 6.9/12 MB | 1.7/3.8 MB
2026.04.01 14:35:00 INFO  Progress (3): 4.7/6.3 MB | 6.9/12 MB | 1.7/3.8 MB
2026.04.01 14:35:00 INFO  Progress (3): 4.7/6.3 MB | 6.9/12 MB | 1.7/3.8 MB
2026.04.01 14:35:00 INFO  Progress (3): 4.7/6.3 MB | 6.9/12 MB | 1.7/3.8 MB
2026.04.01 14:35:00 INFO  Progress (3): 4.7/6.3 MB | 6.9/12 MB | 1.7/3.8 MB
2026.04.01 14:35:00 INFO  Progress (3): 4.7/6.3 MB | 6.9/12 MB | 1.7/3.8 MB
2026.04.01 14:35:00 INFO  Progress (3): 4.7/6.3 MB | 6.9/12 MB | 1.7/3.8 MB
2026.04.01 14:35:00 INFO  Progress (3): 4.7/6.3 MB | 6.9/12 MB | 1.7/3.8 MB
2026.04.01 14:35:00 INFO  Progress (3): 4.7/6.3 MB | 6.9/12 MB | 1.7/3.8 MB
2026.04.01 14:35:00 INFO  Progress (3): 4.7/6.3 MB | 6.9/12 MB | 1.7/3.8 MB
2026.04.01 14:35:00 INFO  Progress (3): 4.7/6.3 MB | 6.9/12 MB | 1.7/3.8 MB
2026.04.01 14:35:00 INFO  Progress (3): 4.7/6.3 MB | 6.9/12 MB | 1.7/3.8 MB
2026.04.01 14:35:00 INFO  Progress (3): 4.7/6.3 MB | 6.9/12 MB | 1.7/3.8 MB
2026.04.01 14:35:00 INFO  Progress (3): 4.7/6.3 MB | 6.9/12 MB | 1.7/3.8 MB
2026.04.01 14:35:00 INFO  Progress (3): 4.7/6.3 MB | 6.9/12 MB | 1.7/3.8 MB
2026.04.01 14:35:00 INFO  Progress (3): 4.7/6.3 MB | 6.9/12 MB | 1.7/3.8 MB
2026.04.01 14:35:00 INFO  Progress (3): 4.7/6.3 MB | 7.0/12 MB | 1.7/3.8 MB
2026.04.01 14:35:00 INFO  Progress (3): 4.7/6.3 MB | 7.0/12 MB | 1.8/3.8 MB
2026.04.01 14:35:00 INFO  Progress (3): 4.7/6.3 MB | 7.0/12 MB | 1.8/3.8 MB
2026.04.01 14:35:00 INFO  Progress (3): 4.7/6.3 MB | 7.0/12 MB | 1.8/3.8 MB
2026.04.01 14:35:00 INFO  Progress (3): 4.8/6.3 MB | 7.0/12 MB | 1.8/3.8 MB
2026.04.01 14:35:00 INFO  Progress (3): 4.8/6.3 MB | 7.0/12 MB | 1.8/3.8 MB
2026.04.01 14:35:00 INFO  Progress (3): 4.8/6.3 MB | 7.0/12 MB | 1.8/3.8 MB
2026.04.01 14:35:00 INFO  Progress (3): 4.8/6.3 MB | 7.0/12 MB | 1.8/3.8 MB
2026.04.01 14:35:00 INFO  Progress (3): 4.8/6.3 MB | 7.0/12 MB | 1.8/3.8 MB
2026.04.01 14:35:00 INFO  Progress (3): 4.8/6.3 MB | 7.0/12 MB | 1.8/3.8 MB
2026.04.01 14:35:00 INFO  Progress (3): 4.8/6.3 MB | 7.0/12 MB | 1.8/3.8 MB
2026.04.01 14:35:00 INFO  Progress (3): 4.8/6.3 MB | 7.0/12 MB | 1.8/3.8 MB
2026.04.01 14:35:00 INFO  Progress (3): 4.8/6.3 MB | 7.0/12 MB | 1.8/3.8 MB
2026.04.01 14:35:00 INFO  Progress (3): 4.8/6.3 MB | 7.0/12 MB | 1.8/3.8 MB
2026.04.01 14:35:00 INFO  Progress (3): 4.8/6.3 MB | 7.0/12 MB | 1.8/3.8 MB
2026.04.01 14:35:00 INFO  Progress (3): 4.8/6.3 MB | 7.0/12 MB | 1.8/3.8 MB
2026.04.01 14:35:00 INFO  Progress (3): 4.8/6.3 MB | 7.0/12 MB | 1.8/3.8 MB
2026.04.01 14:35:00 INFO  Progress (3): 4.8/6.3 MB | 7.0/12 MB | 1.8/3.8 MB
2026.04.01 14:35:00 INFO  Progress (3): 4.8/6.3 MB | 7.0/12 MB | 1.9/3.8 MB
2026.04.01 14:35:00 INFO  Progress (3): 4.8/6.3 MB | 7.0/12 MB | 1.9/3.8 MB
2026.04.01 14:35:00 INFO  Progress (3): 4.8/6.3 MB | 7.1/12 MB | 1.9/3.8 MB
2026.04.01 14:35:00 INFO  Progress (3): 4.8/6.3 MB | 7.1/12 MB | 1.9/3.8 MB
2026.04.01 14:35:00 INFO  Progress (3): 4.8/6.3 MB | 7.1/12 MB | 1.9/3.8 MB
2026.04.01 14:35:00 INFO  Progress (3): 4.9/6.3 MB | 7.1/12 MB | 1.9/3.8 MB
2026.04.01 14:35:00 INFO  Progress (3): 4.9/6.3 MB | 7.1/12 MB | 1.9/3.8 MB
2026.04.01 14:35:00 INFO  Progress (3): 4.9/6.3 MB | 7.1/12 MB | 1.9/3.8 MB
2026.04.01 14:35:00 INFO  Progress (3): 4.9/6.3 MB | 7.1/12 MB | 1.9/3.8 MB
2026.04.01 14:35:00 INFO  Progress (3): 4.9/6.3 MB | 7.1/12 MB | 1.9/3.8 MB
2026.04.01 14:35:00 INFO  Progress (3): 4.9/6.3 MB | 7.1/12 MB | 1.9/3.8 MB
2026.04.01 14:35:00 INFO  Progress (3): 4.9/6.3 MB | 7.1/12 MB | 1.9/3.8 MB
2026.04.01 14:35:00 INFO  Progress (3): 4.9/6.3 MB | 7.1/12 MB | 1.9/3.8 MB
2026.04.01 14:35:00 INFO  Progress (3): 4.9/6.3 MB | 7.1/12 MB | 1.9/3.8 MB
2026.04.01 14:35:00 INFO  Progress (3): 4.9/6.3 MB | 7.1/12 MB | 1.9/3.8 MB
2026.04.01 14:35:00 INFO  Progress (3): 4.9/6.3 MB | 7.1/12 MB | 2.0/3.8 MB
2026.04.01 14:35:00 INFO  Progress (3): 4.9/6.3 MB | 7.1/12 MB | 2.0/3.8 MB
2026.04.01 14:35:00 INFO  Progress (3): 4.9/6.3 MB | 7.1/12 MB | 2.0/3.8 MB
2026.04.01 14:35:00 INFO  Progress (3): 4.9/6.3 MB | 7.1/12 MB | 2.0/3.8 MB
2026.04.01 14:35:00 INFO  Progress (3): 4.9/6.3 MB | 7.1/12 MB | 2.0/3.8 MB
2026.04.01 14:35:00 INFO  Progress (3): 4.9/6.3 MB | 7.2/12 MB | 2.0/3.8 MB
2026.04.01 14:35:00 INFO  Progress (3): 4.9/6.3 MB | 7.2/12 MB | 2.0/3.8 MB
2026.04.01 14:35:00 INFO  Progress (3): 4.9/6.3 MB | 7.2/12 MB | 2.0/3.8 MB
2026.04.01 14:35:00 INFO  Progress (3): 4.9/6.3 MB | 7.2/12 MB | 2.0/3.8 MB
2026.04.01 14:35:00 INFO  Progress (3): 4.9/6.3 MB | 7.2/12 MB | 2.0/3.8 MB
2026.04.01 14:35:00 INFO  Progress (3): 4.9/6.3 MB | 7.2/12 MB | 2.0/3.8 MB
2026.04.01 14:35:00 INFO  Progress (3): 4.9/6.3 MB | 7.2/12 MB | 2.0/3.8 MB
2026.04.01 14:35:00 INFO  Progress (3): 5.0/6.3 MB | 7.2/12 MB | 2.0/3.8 MB
2026.04.01 14:35:00 INFO  Progress (3): 5.0/6.3 MB | 7.2/12 MB | 2.0/3.8 MB
2026.04.01 14:35:00 INFO  Progress (3): 5.0/6.3 MB | 7.2/12 MB | 2.1/3.8 MB
2026.04.01 14:35:00 INFO  Progress (3): 5.0/6.3 MB | 7.2/12 MB | 2.1/3.8 MB
2026.04.01 14:35:00 INFO  Progress (3): 5.0/6.3 MB | 7.2/12 MB | 2.1/3.8 MB
2026.04.01 14:35:00 INFO  Progress (3): 5.0/6.3 MB | 7.2/12 MB | 2.1/3.8 MB
2026.04.01 14:35:00 INFO  Progress (3): 5.0/6.3 MB | 7.2/12 MB | 2.1/3.8 MB
2026.04.01 14:35:00 INFO  Progress (3): 5.0/6.3 MB | 7.2/12 MB | 2.1/3.8 MB
2026.04.01 14:35:00 INFO  Progress (3): 5.0/6.3 MB | 7.2/12 MB | 2.1/3.8 MB
2026.04.01 14:35:00 INFO  Progress (3): 5.0/6.3 MB | 7.2/12 MB | 2.1/3.8 MB
2026.04.01 14:35:00 INFO  Progress (3): 5.0/6.3 MB | 7.2/12 MB | 2.1/3.8 MB
2026.04.01 14:35:00 INFO  Progress (3): 5.0/6.3 MB | 7.3/12 MB | 2.1/3.8 MB
2026.04.01 14:35:00 INFO  Progress (3): 5.0/6.3 MB | 7.3/12 MB | 2.1/3.8 MB
2026.04.01 14:35:00 INFO  Progress (3): 5.0/6.3 MB | 7.3/12 MB | 2.1/3.8 MB
2026.04.01 14:35:00 INFO  Progress (3): 5.0/6.3 MB | 7.3/12 MB | 2.1/3.8 MB
2026.04.01 14:35:00 INFO  Progress (3): 5.0/6.3 MB | 7.3/12 MB | 2.1/3.8 MB
2026.04.01 14:35:00 INFO  Progress (3): 5.0/6.3 MB | 7.3/12 MB | 2.1/3.8 MB
2026.04.01 14:35:00 INFO  Progress (3): 5.0/6.3 MB | 7.3/12 MB | 2.1/3.8 MB
2026.04.01 14:35:00 INFO  Progress (3): 5.0/6.3 MB | 7.3/12 MB | 2.1/3.8 MB
2026.04.01 14:35:00 INFO  Progress (3): 5.1/6.3 MB | 7.3/12 MB | 2.1/3.8 MB
2026.04.01 14:35:00 INFO  Progress (3): 5.1/6.3 MB | 7.3/12 MB | 2.1/3.8 MB
2026.04.01 14:35:00 INFO  Progress (3): 5.1/6.3 MB | 7.3/12 MB | 2.2/3.8 MB
2026.04.01 14:35:00 INFO  Progress (3): 5.1/6.3 MB | 7.3/12 MB | 2.2/3.8 MB
2026.04.01 14:35:00 INFO  Progress (3): 5.1/6.3 MB | 7.3/12 MB | 2.2/3.8 MB
2026.04.01 14:35:00 INFO  Progress (3): 5.1/6.3 MB | 7.3/12 MB | 2.2/3.8 MB
2026.04.01 14:35:00 INFO  Progress (3): 5.1/6.3 MB | 7.3/12 MB | 2.2/3.8 MB
2026.04.01 14:35:00 INFO  Progress (3): 5.1/6.3 MB | 7.3/12 MB | 2.2/3.8 MB
2026.04.01 14:35:00 INFO  Progress (3): 5.1/6.3 MB | 7.3/12 MB | 2.2/3.8 MB
2026.04.01 14:35:00 INFO  Progress (3): 5.1/6.3 MB | 7.3/12 MB | 2.2/3.8 MB
2026.04.01 14:35:00 INFO  Progress (3): 5.1/6.3 MB | 7.3/12 MB | 2.2/3.8 MB
2026.04.01 14:35:00 INFO  Progress (3): 5.1/6.3 MB | 7.4/12 MB | 2.2/3.8 MB
2026.04.01 14:35:00 INFO  Progress (3): 5.1/6.3 MB | 7.4/12 MB | 2.2/3.8 MB
2026.04.01 14:35:00 INFO  Progress (3): 5.1/6.3 MB | 7.4/12 MB | 2.2/3.8 MB
2026.04.01 14:35:00 INFO  Progress (3): 5.1/6.3 MB | 7.4/12 MB | 2.2/3.8 MB
2026.04.01 14:35:00 INFO  Progress (3): 5.1/6.3 MB | 7.4/12 MB | 2.2/3.8 MB
2026.04.01 14:35:00 INFO  Progress (3): 5.1/6.3 MB | 7.4/12 MB | 2.2/3.8 MB
2026.04.01 14:35:00 INFO  Progress (3): 5.1/6.3 MB | 7.4/12 MB | 2.2/3.8 MB
2026.04.01 14:35:00 INFO  Progress (3): 5.1/6.3 MB | 7.4/12 MB | 2.3/3.8 MB
2026.04.01 14:35:00 INFO  Progress (3): 5.2/6.3 MB | 7.4/12 MB | 2.3/3.8 MB
2026.04.01 14:35:00 INFO  Progress (3): 5.2/6.3 MB | 7.4/12 MB | 2.3/3.8 MB
2026.04.01 14:35:00 INFO  Progress (3): 5.2/6.3 MB | 7.4/12 MB | 2.3/3.8 MB
2026.04.01 14:35:00 INFO  Progress (3): 5.2/6.3 MB | 7.4/12 MB | 2.3/3.8 MB
2026.04.01 14:35:00 INFO  Progress (3): 5.2/6.3 MB | 7.4/12 MB | 2.3/3.8 MB
2026.04.01 14:35:00 INFO  Progress (3): 5.2/6.3 MB | 7.4/12 MB | 2.3/3.8 MB
2026.04.01 14:35:00 INFO  Progress (3): 5.2/6.3 MB | 7.4/12 MB | 2.3/3.8 MB
2026.04.01 14:35:00 INFO  Progress (3): 5.2/6.3 MB | 7.4/12 MB | 2.3/3.8 MB
2026.04.01 14:35:00 INFO  Progress (3): 5.2/6.3 MB | 7.4/12 MB | 2.3/3.8 MB
2026.04.01 14:35:00 INFO  Progress (3): 5.2/6.3 MB | 7.4/12 MB | 2.3/3.8 MB
2026.04.01 14:35:00 INFO  Progress (3): 5.2/6.3 MB | 7.5/12 MB | 2.3/3.8 MB
2026.04.01 14:35:00 INFO  Progress (3): 5.2/6.3 MB | 7.5/12 MB | 2.3/3.8 MB
2026.04.01 14:35:00 INFO  Progress (3): 5.2/6.3 MB | 7.5/12 MB | 2.3/3.8 MB
2026.04.01 14:35:00 INFO  Progress (3): 5.2/6.3 MB | 7.5/12 MB | 2.3/3.8 MB
2026.04.01 14:35:00 INFO  Progress (3): 5.2/6.3 MB | 7.5/12 MB | 2.3/3.8 MB
2026.04.01 14:35:00 INFO  Progress (3): 5.2/6.3 MB | 7.5/12 MB | 2.3/3.8 MB
2026.04.01 14:35:00 INFO  Progress (3): 5.2/6.3 MB | 7.5/12 MB | 2.3/3.8 MB
2026.04.01 14:35:00 INFO  Progress (3): 5.2/6.3 MB | 7.5/12 MB | 2.4/3.8 MB
2026.04.01 14:35:00 INFO  Progress (3): 5.2/6.3 MB | 7.5/12 MB | 2.4/3.8 MB
2026.04.01 14:35:00 INFO  Progress (3): 5.2/6.3 MB | 7.5/12 MB | 2.4/3.8 MB
2026.04.01 14:35:00 INFO  Progress (3): 5.2/6.3 MB | 7.5/12 MB | 2.4/3.8 MB
2026.04.01 14:35:00 INFO  Progress (3): 5.3/6.3 MB | 7.5/12 MB | 2.4/3.8 MB
2026.04.01 14:35:00 INFO  Progress (3): 5.3/6.3 MB | 7.5/12 MB | 2.4/3.8 MB
2026.04.01 14:35:00 INFO  Progress (3): 5.3/6.3 MB | 7.5/12 MB | 2.4/3.8 MB
2026.04.01 14:35:00 INFO  Progress (3): 5.3/6.3 MB | 7.5/12 MB | 2.4/3.8 MB
2026.04.01 14:35:00 INFO  Progress (3): 5.3/6.3 MB | 7.5/12 MB | 2.4/3.8 MB
2026.04.01 14:35:00 INFO  Progress (3): 5.3/6.3 MB | 7.5/12 MB | 2.4/3.8 MB
2026.04.01 14:35:00 INFO  Progress (3): 5.3/6.3 MB | 7.6/12 MB | 2.4/3.8 MB
2026.04.01 14:35:00 INFO  Progress (3): 5.3/6.3 MB | 7.6/12 MB | 2.4/3.8 MB
2026.04.01 14:35:00 INFO  Progress (3): 5.3/6.3 MB | 7.6/12 MB | 2.4/3.8 MB
2026.04.01 14:35:00 INFO  Progress (3): 5.3/6.3 MB | 7.6/12 MB | 2.4/3.8 MB
2026.04.01 14:35:00 INFO  Progress (3): 5.3/6.3 MB | 7.6/12 MB | 2.4/3.8 MB
2026.04.01 14:35:00 INFO  Progress (3): 5.3/6.3 MB | 7.6/12 MB | 2.5/3.8 MB
2026.04.01 14:35:00 INFO  Progress (3): 5.3/6.3 MB | 7.6/12 MB | 2.5/3.8 MB
2026.04.01 14:35:00 INFO  Progress (3): 5.3/6.3 MB | 7.6/12 MB | 2.5/3.8 MB
2026.04.01 14:35:00 INFO  Progress (3): 5.3/6.3 MB | 7.6/12 MB | 2.5/3.8 MB
2026.04.01 14:35:00 INFO  Progress (3): 5.3/6.3 MB | 7.6/12 MB | 2.5/3.8 MB
2026.04.01 14:35:00 INFO  Progress (3): 5.3/6.3 MB | 7.6/12 MB | 2.5/3.8 MB
2026.04.01 14:35:00 INFO  Progress (3): 5.3/6.3 MB | 7.6/12 MB | 2.5/3.8 MB
2026.04.01 14:35:00 INFO  Progress (3): 5.3/6.3 MB | 7.6/12 MB | 2.5/3.8 MB
2026.04.01 14:35:00 INFO  Progress (3): 5.3/6.3 MB | 7.6/12 MB | 2.5/3.8 MB
2026.04.01 14:35:00 INFO  Progress (3): 5.4/6.3 MB | 7.6/12 MB | 2.5/3.8 MB
2026.04.01 14:35:00 INFO  Progress (3): 5.4/6.3 MB | 7.6/12 MB | 2.5/3.8 MB
2026.04.01 14:35:00 INFO  Progress (3): 5.4/6.3 MB | 7.6/12 MB | 2.5/3.8 MB
2026.04.01 14:35:00 INFO  Progress (3): 5.4/6.3 MB | 7.6/12 MB | 2.5/3.8 MB
2026.04.01 14:35:00 INFO  Progress (3): 5.4/6.3 MB | 7.7/12 MB | 2.5/3.8 MB
2026.04.01 14:35:00 INFO  Progress (3): 5.4/6.3 MB | 7.7/12 MB | 2.5/3.8 MB
2026.04.01 14:35:00 INFO  Progress (3): 5.4/6.3 MB | 7.7/12 MB | 2.5/3.8 MB
2026.04.01 14:35:00 INFO  Progress (3): 5.4/6.3 MB | 7.7/12 MB | 2.5/3.8 MB
2026.04.01 14:35:00 INFO  Progress (3): 5.4/6.3 MB | 7.7/12 MB | 2.5/3.8 MB
2026.04.01 14:35:00 INFO  Progress (3): 5.4/6.3 MB | 7.7/12 MB | 2.5/3.8 MB
2026.04.01 14:35:00 INFO  Progress (3): 5.4/6.3 MB | 7.7/12 MB | 2.6/3.8 MB
2026.04.01 14:35:00 INFO  Progress (3): 5.4/6.3 MB | 7.7/12 MB | 2.6/3.8 MB
2026.04.01 14:35:00 INFO  Progress (3): 5.4/6.3 MB | 7.7/12 MB | 2.6/3.8 MB
2026.04.01 14:35:00 INFO  Progress (3): 5.4/6.3 MB | 7.7/12 MB | 2.6/3.8 MB
2026.04.01 14:35:00 INFO  Progress (3): 5.4/6.3 MB | 7.7/12 MB | 2.6/3.8 MB
2026.04.01 14:35:00 INFO  Progress (3): 5.4/6.3 MB | 7.7/12 MB | 2.6/3.8 MB
2026.04.01 14:35:00 INFO  Progress (3): 5.4/6.3 MB | 7.7/12 MB | 2.6/3.8 MB
2026.04.01 14:35:00 INFO  Progress (3): 5.4/6.3 MB | 7.7/12 MB | 2.6/3.8 MB
2026.04.01 14:35:00 INFO  Progress (3): 5.4/6.3 MB | 7.7/12 MB | 2.6/3.8 MB
2026.04.01 14:35:00 INFO  Progress (3): 5.5/6.3 MB | 7.7/12 MB | 2.6/3.8 MB
2026.04.01 14:35:00 INFO  Progress (3): 5.5/6.3 MB | 7.7/12 MB | 2.6/3.8 MB
2026.04.01 14:35:00 INFO  Progress (3): 5.5/6.3 MB | 7.7/12 MB | 2.6/3.8 MB
2026.04.01 14:35:00 INFO  Progress (3): 5.5/6.3 MB | 7.7/12 MB | 2.6/3.8 MB
2026.04.01 14:35:00 INFO  Progress (3): 5.5/6.3 MB | 7.7/12 MB | 2.6/3.8 MB
2026.04.01 14:35:00 INFO  Progress (3): 5.5/6.3 MB | 7.8/12 MB | 2.6/3.8 MB
2026.04.01 14:35:00 INFO  Progress (3): 5.5/6.3 MB | 7.8/12 MB | 2.7/3.8 MB
2026.04.01 14:35:00 INFO  Progress (3): 5.5/6.3 MB | 7.8/12 MB | 2.7/3.8 MB
2026.04.01 14:35:00 INFO  Progress (3): 5.5/6.3 MB | 7.8/12 MB | 2.7/3.8 MB
2026.04.01 14:35:00 INFO  Progress (3): 5.5/6.3 MB | 7.8/12 MB | 2.7/3.8 MB
2026.04.01 14:35:00 INFO  Progress (3): 5.5/6.3 MB | 7.8/12 MB | 2.7/3.8 MB
2026.04.01 14:35:00 INFO  Progress (3): 5.5/6.3 MB | 7.8/12 MB | 2.7/3.8 MB
2026.04.01 14:35:00 INFO  Progress (3): 5.5/6.3 MB | 7.8/12 MB | 2.7/3.8 MB
2026.04.01 14:35:00 INFO  Progress (3): 5.5/6.3 MB | 7.8/12 MB | 2.7/3.8 MB
2026.04.01 14:35:00 INFO  Progress (3): 5.5/6.3 MB | 7.8/12 MB | 2.7/3.8 MB
2026.04.01 14:35:00 INFO  Progress (3): 5.5/6.3 MB | 7.8/12 MB | 2.7/3.8 MB
2026.04.01 14:35:00 INFO  Progress (3): 5.5/6.3 MB | 7.8/12 MB | 2.7/3.8 MB
2026.04.01 14:35:00 INFO  Progress (3): 5.5/6.3 MB | 7.8/12 MB | 2.7/3.8 MB
2026.04.01 14:35:00 INFO  Progress (3): 5.5/6.3 MB | 7.8/12 MB | 2.7/3.8 MB
2026.04.01 14:35:00 INFO  Progress (3): 5.5/6.3 MB | 7.8/12 MB | 2.7/3.8 MB
2026.04.01 14:35:00 INFO  Progress (3): 5.5/6.3 MB | 7.8/12 MB | 2.7/3.8 MB
2026.04.01 14:35:00 INFO  Progress (3): 5.6/6.3 MB | 7.8/12 MB | 2.7/3.8 MB
2026.04.01 14:35:00 INFO  Progress (3): 5.6/6.3 MB | 7.8/12 MB | 2.7/3.8 MB
2026.04.01 14:35:00 INFO  Progress (3): 5.6/6.3 MB | 7.8/12 MB | 2.8/3.8 MB
2026.04.01 14:35:00 INFO  Progress (3): 5.6/6.3 MB | 7.8/12 MB | 2.8/3.8 MB
2026.04.01 14:35:00 INFO  Progress (3): 5.6/6.3 MB | 7.9/12 MB | 2.8/3.8 MB
2026.04.01 14:35:00 INFO  Progress (3): 5.6/6.3 MB | 7.9/12 MB | 2.8/3.8 MB
2026.04.01 14:35:00 INFO  Progress (3): 5.6/6.3 MB | 7.9/12 MB | 2.8/3.8 MB
2026.04.01 14:35:00 INFO  Progress (3): 5.6/6.3 MB | 7.9/12 MB | 2.8/3.8 MB
2026.04.01 14:35:00 INFO  Progress (3): 5.6/6.3 MB | 7.9/12 MB | 2.8/3.8 MB
2026.04.01 14:35:00 INFO  Progress (3): 5.6/6.3 MB | 7.9/12 MB | 2.8/3.8 MB
2026.04.01 14:35:00 INFO  Progress (3): 5.6/6.3 MB | 7.9/12 MB | 2.8/3.8 MB
2026.04.01 14:35:00 INFO  Progress (3): 5.6/6.3 MB | 7.9/12 MB | 2.8/3.8 MB
2026.04.01 14:35:00 INFO  Progress (3): 5.6/6.3 MB | 7.9/12 MB | 2.8/3.8 MB
2026.04.01 14:35:00 INFO  Progress (3): 5.6/6.3 MB | 7.9/12 MB | 2.8/3.8 MB
2026.04.01 14:35:00 INFO  Progress (3): 5.6/6.3 MB | 7.9/12 MB | 2.8/3.8 MB
2026.04.01 14:35:00 INFO  Progress (3): 5.6/6.3 MB | 7.9/12 MB | 2.8/3.8 MB
2026.04.01 14:35:00 INFO  Progress (3): 5.6/6.3 MB | 7.9/12 MB | 2.9/3.8 MB
2026.04.01 14:35:00 INFO  Progress (3): 5.6/6.3 MB | 7.9/12 MB | 2.9/3.8 MB
2026.04.01 14:35:00 INFO  Progress (3): 5.6/6.3 MB | 7.9/12 MB | 2.9/3.8 MB
2026.04.01 14:35:00 INFO  Progress (3): 5.6/6.3 MB | 7.9/12 MB | 2.9/3.8 MB
2026.04.01 14:35:00 INFO  Progress (3): 5.6/6.3 MB | 7.9/12 MB | 2.9/3.8 MB
2026.04.01 14:35:00 INFO  Progress (3): 5.6/6.3 MB | 7.9/12 MB | 2.9/3.8 MB
2026.04.01 14:35:00 INFO  Progress (3): 5.6/6.3 MB | 7.9/12 MB | 2.9/3.8 MB
2026.04.01 14:35:00 INFO  Progress (3): 5.6/6.3 MB | 7.9/12 MB | 2.9/3.8 MB
2026.04.01 14:35:00 INFO  Progress (3): 5.7/6.3 MB | 7.9/12 MB | 2.9/3.8 MB
2026.04.01 14:35:00 INFO  Progress (3): 5.7/6.3 MB | 8.0/12 MB | 2.9/3.8 MB
2026.04.01 14:35:00 INFO  Progress (3): 5.7/6.3 MB | 8.0/12 MB | 2.9/3.8 MB
2026.04.01 14:35:00 INFO  Progress (3): 5.7/6.3 MB | 8.0/12 MB | 2.9/3.8 MB
2026.04.01 14:35:00 INFO  Progress (3): 5.7/6.3 MB | 8.0/12 MB | 2.9/3.8 MB
2026.04.01 14:35:00 INFO  Progress (3): 5.7/6.3 MB | 8.0/12 MB | 2.9/3.8 MB
2026.04.01 14:35:00 INFO  Progress (3): 5.7/6.3 MB | 8.0/12 MB | 2.9/3.8 MB
2026.04.01 14:35:00 INFO  Progress (3): 5.7/6.3 MB | 8.0/12 MB | 2.9/3.8 MB
2026.04.01 14:35:00 INFO  Progress (3): 5.7/6.3 MB | 8.0/12 MB | 3.0/3.8 MB
2026.04.01 14:35:00 INFO  Progress (3): 5.7/6.3 MB | 8.0/12 MB | 3.0/3.8 MB
2026.04.01 14:35:00 INFO  Progress (3): 5.7/6.3 MB | 8.0/12 MB | 3.0/3.8 MB
2026.04.01 14:35:00 INFO  Progress (3): 5.7/6.3 MB | 8.0/12 MB | 3.0/3.8 MB
2026.04.01 14:35:00 INFO  Progress (3): 5.7/6.3 MB | 8.0/12 MB | 3.0/3.8 MB
2026.04.01 14:35:00 INFO  Progress (3): 5.7/6.3 MB | 8.0/12 MB | 3.0/3.8 MB
2026.04.01 14:35:00 INFO  Progress (3): 5.7/6.3 MB | 8.0/12 MB | 3.0/3.8 MB
2026.04.01 14:35:00 INFO  Progress (3): 5.7/6.3 MB | 8.0/12 MB | 3.0/3.8 MB
2026.04.01 14:35:00 INFO  Progress (3): 5.7/6.3 MB | 8.0/12 MB | 3.0/3.8 MB
2026.04.01 14:35:00 INFO  Progress (3): 5.7/6.3 MB | 8.0/12 MB | 3.0/3.8 MB
2026.04.01 14:35:00 INFO  Progress (3): 5.7/6.3 MB | 8.0/12 MB | 3.0/3.8 MB
2026.04.01 14:35:00 INFO  Progress (3): 5.7/6.3 MB | 8.1/12 MB | 3.0/3.8 MB
2026.04.01 14:35:00 INFO  Progress (3): 5.8/6.3 MB | 8.1/12 MB | 3.0/3.8 MB
2026.04.01 14:35:00 INFO  Progress (3): 5.8/6.3 MB | 8.1/12 MB | 3.0/3.8 MB
2026.04.01 14:35:00 INFO  Progress (3): 5.8/6.3 MB | 8.1/12 MB | 3.0/3.8 MB
2026.04.01 14:35:00 INFO  Progress (3): 5.8/6.3 MB | 8.1/12 MB | 3.0/3.8 MB
2026.04.01 14:35:00 INFO  Progress (3): 5.8/6.3 MB | 8.1/12 MB | 3.1/3.8 MB
2026.04.01 14:35:00 INFO  Progress (3): 5.8/6.3 MB | 8.1/12 MB | 3.1/3.8 MB
2026.04.01 14:35:00 INFO  Progress (3): 5.8/6.3 MB | 8.1/12 MB | 3.1/3.8 MB
2026.04.01 14:35:00 INFO  Progress (3): 5.8/6.3 MB | 8.1/12 MB | 3.1/3.8 MB
2026.04.01 14:35:00 INFO  Progress (3): 5.8/6.3 MB | 8.1/12 MB | 3.1/3.8 MB
2026.04.01 14:35:00 INFO  Progress (3): 5.8/6.3 MB | 8.1/12 MB | 3.1/3.8 MB
2026.04.01 14:35:00 INFO  Progress (3): 5.8/6.3 MB | 8.1/12 MB | 3.1/3.8 MB
2026.04.01 14:35:00 INFO  Progress (3): 5.8/6.3 MB | 8.1/12 MB | 3.1/3.8 MB
2026.04.01 14:35:00 INFO  Progress (3): 5.8/6.3 MB | 8.1/12 MB | 3.1/3.8 MB
2026.04.01 14:35:00 INFO  Progress (3): 5.8/6.3 MB | 8.1/12 MB | 3.1/3.8 MB
2026.04.01 14:35:00 INFO  Progress (3): 5.8/6.3 MB | 8.1/12 MB | 3.1/3.8 MB
2026.04.01 14:35:00 INFO  Progress (3): 5.8/6.3 MB | 8.1/12 MB | 3.1/3.8 MB
2026.04.01 14:35:00 INFO  Progress (3): 5.8/6.3 MB | 8.2/12 MB | 3.1/3.8 MB
2026.04.01 14:35:00 INFO  Progress (3): 5.8/6.3 MB | 8.2/12 MB | 3.1/3.8 MB
2026.04.01 14:35:00 INFO  Progress (3): 5.8/6.3 MB | 8.2/12 MB | 3.1/3.8 MB
2026.04.01 14:35:00 INFO  Progress (3): 5.8/6.3 MB | 8.2/12 MB | 3.2/3.8 MB
2026.04.01 14:35:00 INFO  Progress (3): 5.9/6.3 MB | 8.2/12 MB | 3.2/3.8 MB
2026.04.01 14:35:00 INFO  Progress (3): 5.9/6.3 MB | 8.2/12 MB | 3.2/3.8 MB
2026.04.01 14:35:00 INFO  Progress (3): 5.9/6.3 MB | 8.2/12 MB | 3.2/3.8 MB
2026.04.01 14:35:00 INFO  Progress (3): 5.9/6.3 MB | 8.2/12 MB | 3.2/3.8 MB
2026.04.01 14:35:00 INFO  Progress (3): 5.9/6.3 MB | 8.2/12 MB | 3.2/3.8 MB
2026.04.01 14:35:00 INFO  Progress (3): 5.9/6.3 MB | 8.2/12 MB | 3.2/3.8 MB
2026.04.01 14:35:00 INFO  Progress (3): 5.9/6.3 MB | 8.2/12 MB | 3.2/3.8 MB
2026.04.01 14:35:00 INFO  Progress (3): 5.9/6.3 MB | 8.2/12 MB | 3.2/3.8 MB
2026.04.01 14:35:00 INFO  Progress (3): 5.9/6.3 MB | 8.2/12 MB | 3.2/3.8 MB
2026.04.01 14:35:00 INFO  Progress (3): 5.9/6.3 MB | 8.2/12 MB | 3.2/3.8 MB
2026.04.01 14:35:00 INFO  Progress (3): 5.9/6.3 MB | 8.2/12 MB | 3.2/3.8 MB
2026.04.01 14:35:00 INFO  Progress (3): 5.9/6.3 MB | 8.2/12 MB | 3.2/3.8 MB
2026.04.01 14:35:00 INFO  Progress (3): 5.9/6.3 MB | 8.2/12 MB | 3.2/3.8 MB
2026.04.01 14:35:00 INFO  Progress (3): 5.9/6.3 MB | 8.2/12 MB | 3.2/3.8 MB
2026.04.01 14:35:00 INFO  Progress (3): 5.9/6.3 MB | 8.2/12 MB | 3.2/3.8 MB
2026.04.01 14:35:00 INFO  Progress (3): 5.9/6.3 MB | 8.3/12 MB | 3.2/3.8 MB
2026.04.01 14:35:00 INFO  Progress (3): 5.9/6.3 MB | 8.3/12 MB | 3.2/3.8 MB
2026.04.01 14:35:00 INFO  Progress (3): 5.9/6.3 MB | 8.3/12 MB | 3.3/3.8 MB
2026.04.01 14:35:00 INFO  Progress (3): 5.9/6.3 MB | 8.3/12 MB | 3.3/3.8 MB
2026.04.01 14:35:00 INFO  Progress (3): 5.9/6.3 MB | 8.3/12 MB | 3.3/3.8 MB
2026.04.01 14:35:00 INFO  Progress (3): 6.0/6.3 MB | 8.3/12 MB | 3.3/3.8 MB
2026.04.01 14:35:00 INFO  Progress (3): 6.0/6.3 MB | 8.3/12 MB | 3.3/3.8 MB
2026.04.01 14:35:00 INFO  Progress (3): 6.0/6.3 MB | 8.3/12 MB | 3.3/3.8 MB
2026.04.01 14:35:00 INFO  Progress (3): 6.0/6.3 MB | 8.3/12 MB | 3.3/3.8 MB
2026.04.01 14:35:00 INFO  Progress (3): 6.0/6.3 MB | 8.3/12 MB | 3.3/3.8 MB
2026.04.01 14:35:00 INFO  Progress (3): 6.0/6.3 MB | 8.3/12 MB | 3.3/3.8 MB
2026.04.01 14:35:00 INFO  Progress (3): 6.0/6.3 MB | 8.3/12 MB | 3.3/3.8 MB
2026.04.01 14:35:00 INFO  Progress (3): 6.0/6.3 MB | 8.3/12 MB | 3.3/3.8 MB
2026.04.01 14:35:00 INFO  Progress (3): 6.0/6.3 MB | 8.3/12 MB | 3.3/3.8 MB
2026.04.01 14:35:00 INFO  Progress (3): 6.0/6.3 MB | 8.3/12 MB | 3.3/3.8 MB
2026.04.01 14:35:00 INFO  Progress (3): 6.0/6.3 MB | 8.3/12 MB | 3.3/3.8 MB
2026.04.01 14:35:00 INFO  Progress (3): 6.0/6.3 MB | 8.3/12 MB | 3.4/3.8 MB
2026.04.01 14:35:00 INFO  Progress (3): 6.0/6.3 MB | 8.3/12 MB | 3.4/3.8 MB
2026.04.01 14:35:00 INFO  Progress (3): 6.0/6.3 MB | 8.3/12 MB | 3.4/3.8 MB
2026.04.01 14:35:00 INFO  Progress (3): 6.0/6.3 MB | 8.3/12 MB | 3.4/3.8 MB
2026.04.01 14:35:00 INFO  Progress (3): 6.0/6.3 MB | 8.3/12 MB | 3.4/3.8 MB
2026.04.01 14:35:00 INFO  Progress (3): 6.0/6.3 MB | 8.4/12 MB | 3.4/3.8 MB
2026.04.01 14:35:00 INFO  Progress (3): 6.0/6.3 MB | 8.4/12 MB | 3.4/3.8 MB
2026.04.01 14:35:00 INFO  Progress (3): 6.0/6.3 MB | 8.4/12 MB | 3.4/3.8 MB
2026.04.01 14:35:00 INFO  Progress (3): 6.0/6.3 MB | 8.4/12 MB | 3.4/3.8 MB
2026.04.01 14:35:00 INFO  Progress (3): 6.1/6.3 MB | 8.4/12 MB | 3.4/3.8 MB
2026.04.01 14:35:00 INFO  Progress (3): 6.1/6.3 MB | 8.4/12 MB | 3.4/3.8 MB
2026.04.01 14:35:01 INFO  Progress (3): 6.1/6.3 MB | 8.4/12 MB | 3.4/3.8 MB
2026.04.01 14:35:01 INFO  Progress (3): 6.1/6.3 MB | 8.4/12 MB | 3.4/3.8 MB
2026.04.01 14:35:01 INFO  Progress (3): 6.1/6.3 MB | 8.4/12 MB | 3.4/3.8 MB
2026.04.01 14:35:01 INFO  Progress (3): 6.1/6.3 MB | 8.4/12 MB | 3.4/3.8 MB
2026.04.01 14:35:01 INFO  Progress (3): 6.1/6.3 MB | 8.4/12 MB | 3.4/3.8 MB
2026.04.01 14:35:01 INFO  Progress (3): 6.1/6.3 MB | 8.4/12 MB | 3.5/3.8 MB
2026.04.01 14:35:01 INFO  Progress (3): 6.1/6.3 MB | 8.4/12 MB | 3.5/3.8 MB
2026.04.01 14:35:01 INFO  Progress (3): 6.1/6.3 MB | 8.4/12 MB | 3.5/3.8 MB
2026.04.01 14:35:01 INFO  Progress (3): 6.1/6.3 MB | 8.4/12 MB | 3.5/3.8 MB
2026.04.01 14:35:01 INFO  Progress (3): 6.1/6.3 MB | 8.4/12 MB | 3.5/3.8 MB
2026.04.01 14:35:01 INFO  Progress (3): 6.1/6.3 MB | 8.4/12 MB | 3.5/3.8 MB
2026.04.01 14:35:01 INFO  Progress (3): 6.1/6.3 MB | 8.4/12 MB | 3.5/3.8 MB
2026.04.01 14:35:01 INFO  Progress (3): 6.1/6.3 MB | 8.5/12 MB | 3.5/3.8 MB
2026.04.01 14:35:01 INFO  Progress (3): 6.1/6.3 MB | 8.5/12 MB | 3.5/3.8 MB
2026.04.01 14:35:01 INFO  Progress (3): 6.1/6.3 MB | 8.5/12 MB | 3.5/3.8 MB
2026.04.01 14:35:01 INFO  Progress (3): 6.1/6.3 MB | 8.5/12 MB | 3.5/3.8 MB
2026.04.01 14:35:01 INFO  Progress (3): 6.1/6.3 MB | 8.5/12 MB | 3.5/3.8 MB
2026.04.01 14:35:01 INFO  Progress (3): 6.1/6.3 MB | 8.5/12 MB | 3.5/3.8 MB
2026.04.01 14:35:01 INFO  Progress (3): 6.1/6.3 MB | 8.5/12 MB | 3.5/3.8 MB
2026.04.01 14:35:01 INFO  Progress (3): 6.2/6.3 MB | 8.5/12 MB | 3.5/3.8 MB
2026.04.01 14:35:01 INFO  Progress (3): 6.2/6.3 MB | 8.5/12 MB | 3.5/3.8 MB
2026.04.01 14:35:01 INFO  Progress (3): 6.2/6.3 MB | 8.5/12 MB | 3.5/3.8 MB
2026.04.01 14:35:01 INFO  Progress (3): 6.2/6.3 MB | 8.5/12 MB | 3.5/3.8 MB
2026.04.01 14:35:01 INFO  Progress (3): 6.2/6.3 MB | 8.5/12 MB | 3.6/3.8 MB
2026.04.01 14:35:01 INFO  Progress (3): 6.2/6.3 MB | 8.5/12 MB | 3.6/3.8 MB
2026.04.01 14:35:01 INFO  Progress (3): 6.2/6.3 MB | 8.5/12 MB | 3.6/3.8 MB
2026.04.01 14:35:01 INFO  Progress (3): 6.2/6.3 MB | 8.5/12 MB | 3.6/3.8 MB
2026.04.01 14:35:01 INFO  Progress (3): 6.2/6.3 MB | 8.5/12 MB | 3.6/3.8 MB
2026.04.01 14:35:01 INFO  Progress (3): 6.2/6.3 MB | 8.5/12 MB | 3.6/3.8 MB
2026.04.01 14:35:01 INFO  Progress (3): 6.2/6.3 MB | 8.5/12 MB | 3.6/3.8 MB
2026.04.01 14:35:01 INFO  Progress (3): 6.2/6.3 MB | 8.6/12 MB | 3.6/3.8 MB
2026.04.01 14:35:01 INFO  Progress (3): 6.2/6.3 MB | 8.6/12 MB | 3.6/3.8 MB
2026.04.01 14:35:01 INFO  Progress (3): 6.2/6.3 MB | 8.6/12 MB | 3.6/3.8 MB
2026.04.01 14:35:01 INFO  Progress (3): 6.2/6.3 MB | 8.6/12 MB | 3.6/3.8 MB
2026.04.01 14:35:01 INFO  Progress (3): 6.2/6.3 MB | 8.6/12 MB | 3.6/3.8 MB
2026.04.01 14:35:01 INFO  Progress (3): 6.2/6.3 MB | 8.6/12 MB | 3.6/3.8 MB
2026.04.01 14:35:01 INFO  Progress (3): 6.2/6.3 MB | 8.6/12 MB | 3.6/3.8 MB
2026.04.01 14:35:01 INFO  Progress (3): 6.3/6.3 MB | 8.6/12 MB | 3.6/3.8 MB
2026.04.01 14:35:01 INFO  Progress (3): 6.3/6.3 MB | 8.6/12 MB | 3.6/3.8 MB
2026.04.01 14:35:01 INFO  Progress (3): 6.3/6.3 MB | 8.6/12 MB | 3.6/3.8 MB
2026.04.01 14:35:01 INFO  Progress (3): 6.3/6.3 MB | 8.6/12 MB | 3.6/3.8 MB
2026.04.01 14:35:01 INFO  Progress (3): 6.3/6.3 MB | 8.6/12 MB | 3.6/3.8 MB
2026.04.01 14:35:01 INFO  Progress (3): 6.3/6.3 MB | 8.6/12 MB | 3.7/3.8 MB
2026.04.01 14:35:01 INFO  Progress (3): 6.3/6.3 MB | 8.6/12 MB | 3.7/3.8 MB
2026.04.01 14:35:01 INFO  Progress (3): 6.3/6.3 MB | 8.6/12 MB | 3.7/3.8 MB
2026.04.01 14:35:01 INFO  Progress (3): 6.3/6.3 MB | 8.6/12 MB | 3.7/3.8 MB
2026.04.01 14:35:01 INFO  Progress (3): 6.3/6.3 MB | 8.6/12 MB | 3.7/3.8 MB
2026.04.01 14:35:01 INFO  Progress (3): 6.3/6.3 MB | 8.6/12 MB | 3.7/3.8 MB
2026.04.01 14:35:01 INFO  Progress (3): 6.3/6.3 MB | 8.6/12 MB | 3.7/3.8 MB
2026.04.01 14:35:01 INFO  Progress (3): 6.3 MB | 8.6/12 MB | 3.7/3.8 MB    
2026.04.01 14:35:01 INFO  Progress (3): 6.3 MB | 8.7/12 MB | 3.7/3.8 MB
2026.04.01 14:35:01 INFO                                               
2026.04.01 14:35:01 INFO  Downloaded from central: https://repo.maven.apache.org/maven2/com/github/luben/zstd-jni/1.5.2-5/zstd-jni-1.5.2-5.jar (6.3 MB at 1.4 MB/s)
2026.04.01 14:35:01 INFO  Progress (2): 8.7/12 MB | 3.7/3.8 MB
2026.04.01 14:35:01 INFO  Progress (2): 8.7/12 MB | 3.7/3.8 MB
2026.04.01 14:35:01 INFO  Progress (2): 8.7/12 MB | 3.7/3.8 MB
2026.04.01 14:35:01 INFO  Progress (2): 8.7/12 MB | 3.8/3.8 MB
2026.04.01 14:35:01 INFO  Progress (2): 8.7/12 MB | 3.8/3.8 MB
2026.04.01 14:35:01 INFO  Progress (2): 8.7/12 MB | 3.8/3.8 MB
2026.04.01 14:35:01 INFO  Progress (2): 8.7/12 MB | 3.8/3.8 MB
2026.04.01 14:35:01 INFO  Progress (2): 8.7/12 MB | 3.8 MB    
2026.04.01 14:35:01 INFO                                  
2026.04.01 14:35:01 INFO  Downloaded from central: https://repo.maven.apache.org/maven2/org/scala-lang/scala-reflect/2.13.8/scala-reflect-2.13.8.jar (3.8 MB at 834 kB/s)
2026.04.01 14:35:01 INFO  Progress (1): 8.7/12 MB
2026.04.01 14:35:01 INFO  Progress (1): 8.7/12 MB
2026.04.01 14:35:01 INFO  Progress (1): 8.8/12 MB
2026.04.01 14:35:01 INFO  Progress (1): 8.8/12 MB
2026.04.01 14:35:01 INFO  Progress (1): 8.8/12 MB
2026.04.01 14:35:01 INFO  Progress (1): 8.8/12 MB
2026.04.01 14:35:01 INFO  Progress (1): 8.8/12 MB
2026.04.01 14:35:01 INFO  Progress (1): 8.8/12 MB
2026.04.01 14:35:01 INFO  Progress (1): 8.8/12 MB
2026.04.01 14:35:01 INFO  Progress (1): 8.9/12 MB
2026.04.01 14:35:01 INFO  Progress (1): 8.9/12 MB
2026.04.01 14:35:01 INFO  Progress (1): 8.9/12 MB
2026.04.01 14:35:01 INFO  Progress (1): 8.9/12 MB
2026.04.01 14:35:01 INFO  Progress (1): 8.9/12 MB
2026.04.01 14:35:01 INFO  Progress (1): 8.9/12 MB
2026.04.01 14:35:01 INFO  Progress (1): 9.0/12 MB
2026.04.01 14:35:01 INFO  Progress (1): 9.0/12 MB
2026.04.01 14:35:01 INFO  Progress (1): 9.0/12 MB
2026.04.01 14:35:01 INFO  Progress (1): 9.0/12 MB
2026.04.01 14:35:01 INFO  Progress (1): 9.0/12 MB
2026.04.01 14:35:01 INFO  Progress (1): 9.0/12 MB
2026.04.01 14:35:01 INFO  Progress (1): 9.1/12 MB
2026.04.01 14:35:01 INFO  Progress (1): 9.1/12 MB
2026.04.01 14:35:01 INFO  Progress (1): 9.1/12 MB
2026.04.01 14:35:01 INFO  Progress (1): 9.1/12 MB
2026.04.01 14:35:01 INFO  Progress (1): 9.1/12 MB
2026.04.01 14:35:01 INFO  Progress (1): 9.1/12 MB
2026.04.01 14:35:01 INFO  Progress (1): 9.2/12 MB
2026.04.01 14:35:01 INFO  Progress (1): 9.2/12 MB
2026.04.01 14:35:01 INFO  Progress (1): 9.2/12 MB
2026.04.01 14:35:01 INFO  Progress (1): 9.2/12 MB
2026.04.01 14:35:01 INFO  Progress (1): 9.2/12 MB
2026.04.01 14:35:01 INFO  Progress (1): 9.2/12 MB
2026.04.01 14:35:01 INFO  Progress (1): 9.3/12 MB
2026.04.01 14:35:01 INFO  Progress (1): 9.3/12 MB
2026.04.01 14:35:01 INFO  Progress (1): 9.3/12 MB
2026.04.01 14:35:01 INFO  Progress (1): 9.3/12 MB
2026.04.01 14:35:01 INFO  Progress (1): 9.3/12 MB
2026.04.01 14:35:01 INFO  Progress (1): 9.3/12 MB
2026.04.01 14:35:01 INFO  Progress (1): 9.4/12 MB
2026.04.01 14:35:01 INFO  Progress (1): 9.4/12 MB
2026.04.01 14:35:01 INFO  Progress (1): 9.4/12 MB
2026.04.01 14:35:01 INFO  Progress (1): 9.4/12 MB
2026.04.01 14:35:01 INFO  Progress (1): 9.4/12 MB
2026.04.01 14:35:01 INFO  Progress (1): 9.4/12 MB
2026.04.01 14:35:01 INFO  Progress (1): 9.5/12 MB
2026.04.01 14:35:01 INFO  Progress (1): 9.5/12 MB
2026.04.01 14:35:01 INFO  Progress (1): 9.5/12 MB
2026.04.01 14:35:01 INFO  Progress (1): 9.5/12 MB
2026.04.01 14:35:01 INFO  Progress (1): 9.5/12 MB
2026.04.01 14:35:01 INFO  Progress (1): 9.5/12 MB
2026.04.01 14:35:01 INFO  Progress (1): 9.6/12 MB
2026.04.01 14:35:01 INFO  Progress (1): 9.6/12 MB
2026.04.01 14:35:01 INFO  Progress (1): 9.6/12 MB
2026.04.01 14:35:01 INFO  Progress (1): 9.6/12 MB
2026.04.01 14:35:01 INFO  Progress (1): 9.6/12 MB
2026.04.01 14:35:01 INFO  Progress (1): 9.6/12 MB
2026.04.01 14:35:01 INFO  Progress (1): 9.7/12 MB
2026.04.01 14:35:01 INFO  Progress (1): 9.7/12 MB
2026.04.01 14:35:01 INFO  Progress (1): 9.7/12 MB
2026.04.01 14:35:01 INFO  Progress (1): 9.7/12 MB
2026.04.01 14:35:01 INFO  Progress (1): 9.7/12 MB
2026.04.01 14:35:01 INFO  Progress (1): 9.7/12 MB
2026.04.01 14:35:01 INFO  Progress (1): 9.8/12 MB
2026.04.01 14:35:01 INFO  Progress (1): 9.8/12 MB
2026.04.01 14:35:01 INFO  Progress (1): 9.8/12 MB
2026.04.01 14:35:01 INFO  Progress (1): 9.8/12 MB
2026.04.01 14:35:01 INFO  Progress (1): 9.8/12 MB
2026.04.01 14:35:01 INFO  Progress (1): 9.8/12 MB
2026.04.01 14:35:01 INFO  Progress (1): 9.8/12 MB
2026.04.01 14:35:01 INFO  Progress (1): 9.9/12 MB
2026.04.01 14:35:01 INFO  Progress (1): 9.9/12 MB
2026.04.01 14:35:01 INFO  Progress (1): 9.9/12 MB
2026.04.01 14:35:01 INFO  Progress (1): 9.9/12 MB
2026.04.01 14:35:01 INFO  Progress (1): 9.9/12 MB
2026.04.01 14:35:01 INFO  Progress (1): 9.9/12 MB
2026.04.01 14:35:01 INFO  Progress (1): 10.0/12 MB
2026.04.01 14:35:01 INFO  Progress (1): 10.0/12 MB
2026.04.01 14:35:01 INFO  Progress (1): 10.0/12 MB
2026.04.01 14:35:01 INFO  Progress (1): 10/12 MB  
2026.04.01 14:35:01 INFO  Progress (1): 10/12 MB
2026.04.01 14:35:01 INFO  Progress (1): 10/12 MB
2026.04.01 14:35:01 INFO  Progress (1): 10/12 MB
2026.04.01 14:35:01 INFO  Progress (1): 10/12 MB
2026.04.01 14:35:01 INFO  Progress (1): 10/12 MB
2026.04.01 14:35:01 INFO  Progress (1): 10/12 MB
2026.04.01 14:35:01 INFO  Progress (1): 10/12 MB
2026.04.01 14:35:01 INFO  Progress (1): 10/12 MB
2026.04.01 14:35:01 INFO  Progress (1): 10/12 MB
2026.04.01 14:35:01 INFO  Progress (1): 10/12 MB
2026.04.01 14:35:01 INFO  Progress (1): 10/12 MB
2026.04.01 14:35:01 INFO  Progress (1): 10/12 MB
2026.04.01 14:35:01 INFO  Progress (1): 10/12 MB
2026.04.01 14:35:01 INFO  Progress (1): 10/12 MB
2026.04.01 14:35:01 INFO  Progress (1): 10/12 MB
2026.04.01 14:35:01 INFO  Progress (1): 10/12 MB
2026.04.01 14:35:01 INFO  Progress (1): 10/12 MB
2026.04.01 14:35:01 INFO  Progress (1): 10/12 MB
2026.04.01 14:35:01 INFO  Progress (1): 10/12 MB
2026.04.01 14:35:01 INFO  Progress (1): 10/12 MB
2026.04.01 14:35:01 INFO  Progress (1): 10/12 MB
2026.04.01 14:35:01 INFO  Progress (1): 10/12 MB
2026.04.01 14:35:01 INFO  Progress (1): 10/12 MB
2026.04.01 14:35:01 INFO  Progress (1): 10/12 MB
2026.04.01 14:35:01 INFO  Progress (1): 10/12 MB
2026.04.01 14:35:01 INFO  Progress (1): 10/12 MB
2026.04.01 14:35:01 INFO  Progress (1): 10/12 MB
2026.04.01 14:35:01 INFO  Progress (1): 10/12 MB
2026.04.01 14:35:01 INFO  Progress (1): 10/12 MB
2026.04.01 14:35:01 INFO  Progress (1): 11/12 MB
2026.04.01 14:35:01 INFO  Progress (1): 11/12 MB
2026.04.01 14:35:01 INFO  Progress (1): 11/12 MB
2026.04.01 14:35:01 INFO  Progress (1): 11/12 MB
2026.04.01 14:35:01 INFO  Progress (1): 11/12 MB
2026.04.01 14:35:01 INFO  Progress (1): 11/12 MB
2026.04.01 14:35:01 INFO  Progress (1): 11/12 MB
2026.04.01 14:35:01 INFO  Progress (1): 11/12 MB
2026.04.01 14:35:01 INFO  Progress (1): 11/12 MB
2026.04.01 14:35:01 INFO  Progress (1): 11/12 MB
2026.04.01 14:35:01 INFO  Progress (1): 11/12 MB
2026.04.01 14:35:01 INFO  Progress (1): 11/12 MB
2026.04.01 14:35:01 INFO  Progress (1): 11/12 MB
2026.04.01 14:35:01 INFO  Progress (1): 11/12 MB
2026.04.01 14:35:01 INFO  Progress (1): 11/12 MB
2026.04.01 14:35:01 INFO  Progress (1): 11/12 MB
2026.04.01 14:35:01 INFO  Progress (1): 11/12 MB
2026.04.01 14:35:01 INFO  Progress (1): 11/12 MB
2026.04.01 14:35:01 INFO  Progress (1): 11/12 MB
2026.04.01 14:35:01 INFO  Progress (1): 11/12 MB
2026.04.01 14:35:01 INFO  Progress (1): 11/12 MB
2026.04.01 14:35:01 INFO  Progress (1): 11/12 MB
2026.04.01 14:35:01 INFO  Progress (1): 11/12 MB
2026.04.01 14:35:01 INFO  Progress (1): 11/12 MB
2026.04.01 14:35:01 INFO  Progress (1): 11/12 MB
2026.04.01 14:35:01 INFO  Progress (1): 11/12 MB
2026.04.01 14:35:01 INFO  Progress (1): 11/12 MB
2026.04.01 14:35:01 INFO  Progress (1): 11/12 MB
2026.04.01 14:35:01 INFO  Progress (1): 11/12 MB
2026.04.01 14:35:01 INFO  Progress (1): 11/12 MB
2026.04.01 14:35:01 INFO  Progress (1): 11/12 MB
2026.04.01 14:35:01 INFO  Progress (1): 11/12 MB
2026.04.01 14:35:01 INFO  Progress (1): 11/12 MB
2026.04.01 14:35:01 INFO  Progress (1): 11/12 MB
2026.04.01 14:35:01 INFO  Progress (1): 11/12 MB
2026.04.01 14:35:01 INFO  Progress (1): 11/12 MB
2026.04.01 14:35:01 INFO  Progress (1): 11/12 MB
2026.04.01 14:35:01 INFO  Progress (1): 11/12 MB
2026.04.01 14:35:01 INFO  Progress (1): 11/12 MB
2026.04.01 14:35:01 INFO  Progress (1): 11/12 MB
2026.04.01 14:35:01 INFO  Progress (1): 11/12 MB
2026.04.01 14:35:01 INFO  Progress (1): 11/12 MB
2026.04.01 14:35:01 INFO  Progress (1): 11/12 MB
2026.04.01 14:35:01 INFO  Progress (1): 11/12 MB
2026.04.01 14:35:01 INFO  Progress (1): 11/12 MB
2026.04.01 14:35:01 INFO  Progress (1): 11/12 MB
2026.04.01 14:35:01 INFO  Progress (1): 11/12 MB
2026.04.01 14:35:01 INFO  Progress (1): 11/12 MB
2026.04.01 14:35:01 INFO  Progress (1): 11/12 MB
2026.04.01 14:35:01 INFO  Progress (1): 11/12 MB
2026.04.01 14:35:01 INFO  Progress (1): 11/12 MB
2026.04.01 14:35:01 INFO  Progress (1): 11/12 MB
2026.04.01 14:35:01 INFO  Progress (1): 11/12 MB
2026.04.01 14:35:01 INFO  Progress (1): 11/12 MB
2026.04.01 14:35:01 INFO  Progress (1): 11/12 MB
2026.04.01 14:35:01 INFO  Progress (1): 11/12 MB
2026.04.01 14:35:01 INFO  Progress (1): 11/12 MB
2026.04.01 14:35:01 INFO  Progress (1): 11/12 MB
2026.04.01 14:35:01 INFO  Progress (1): 11/12 MB
2026.04.01 14:35:01 INFO  Progress (1): 11/12 MB
2026.04.01 14:35:01 INFO  Progress (1): 11/12 MB
2026.04.01 14:35:01 INFO  Progress (1): 11/12 MB
2026.04.01 14:35:01 INFO  Progress (1): 11/12 MB
2026.04.01 14:35:01 INFO  Progress (1): 12/12 MB
2026.04.01 14:35:01 INFO  Progress (1): 12/12 MB
2026.04.01 14:35:01 INFO  Progress (1): 12/12 MB
2026.04.01 14:35:01 INFO  Progress (1): 12/12 MB
2026.04.01 14:35:01 INFO  Progress (1): 12/12 MB
2026.04.01 14:35:01 INFO  Progress (1): 12/12 MB
2026.04.01 14:35:01 INFO  Progress (1): 12/12 MB
2026.04.01 14:35:01 INFO  Progress (1): 12/12 MB
2026.04.01 14:35:01 INFO  Progress (1): 12/12 MB
2026.04.01 14:35:01 INFO  Progress (1): 12/12 MB
2026.04.01 14:35:01 INFO  Progress (1): 12/12 MB
2026.04.01 14:35:01 INFO  Progress (1): 12/12 MB
2026.04.01 14:35:01 INFO  Progress (1): 12/12 MB
2026.04.01 14:35:01 INFO  Progress (1): 12/12 MB
2026.04.01 14:35:01 INFO  Progress (1): 12/12 MB
2026.04.01 14:35:01 INFO  Progress (1): 12/12 MB
2026.04.01 14:35:01 INFO  Progress (1): 12/12 MB
2026.04.01 14:35:01 INFO  Progress (1): 12/12 MB
2026.04.01 14:35:01 INFO  Progress (1): 12/12 MB
2026.04.01 14:35:01 INFO  Progress (1): 12/12 MB
2026.04.01 14:35:01 INFO  Progress (1): 12/12 MB
2026.04.01 14:35:01 INFO  Progress (1): 12/12 MB
2026.04.01 14:35:01 INFO  Progress (1): 12/12 MB
2026.04.01 14:35:01 INFO  Progress (1): 12/12 MB
2026.04.01 14:35:01 INFO  Progress (1): 12/12 MB
2026.04.01 14:35:01 INFO  Progress (1): 12/12 MB
2026.04.01 14:35:01 INFO  Progress (1): 12/12 MB
2026.04.01 14:35:01 INFO  Progress (1): 12/12 MB
2026.04.01 14:35:01 INFO  Progress (1): 12/12 MB
2026.04.01 14:35:01 INFO  Progress (1): 12/12 MB
2026.04.01 14:35:01 INFO  Progress (1): 12/12 MB
2026.04.01 14:35:01 INFO  Progress (1): 12/12 MB
2026.04.01 14:35:01 INFO  Progress (1): 12/12 MB
2026.04.01 14:35:01 INFO  Progress (1): 12/12 MB
2026.04.01 14:35:01 INFO  Progress (1): 12/12 MB
2026.04.01 14:35:01 INFO  Progress (1): 12/12 MB
2026.04.01 14:35:01 INFO  Progress (1): 12/12 MB
2026.04.01 14:35:01 INFO  Progress (1): 12/12 MB
2026.04.01 14:35:01 INFO  Progress (1): 12 MB   
2026.04.01 14:35:01 INFO                     
2026.04.01 14:35:01 INFO  Downloaded from central: https://repo.maven.apache.org/maven2/org/scala-lang/scala-compiler/2.13.8/scala-compiler-2.13.8.jar (12 MB at 2.3 MB/s)
2026.04.01 14:35:02 INFO  [ERROR] org.scala-lang:scala([0-9]?)-library is missing from project dependencies
2026.04.01 14:35:02 INFO  [ERROR] org.scala-lang:scala([0-9]?)-library is missing from project dependencies
2026.04.01 14:35:02 INFO  [INFO] Resolving artifact: org.springframework.boot:spring-boot-starter-data-jpa:jar:3.2.4:compile (sources = false)
2026.04.01 14:35:02 INFO  [INFO] SUCCESS: org.springframework.boot:spring-boot-starter-data-jpa:jar:3.2.4:compile (sources = false)
2026.04.01 14:35:02 INFO  [INFO] Resolving artifact: org.springframework.boot:spring-boot-starter-data-jpa:jar:3.2.4:compile (sources = true)
2026.04.01 14:35:02 INFO  Downloading from central: https://repo.maven.apache.org/maven2/org/springframework/boot/spring-boot-starter-data-jpa/3.2.4/spring-boot-starter-data-jpa-3.2.4-sources.jar
2026.04.01 14:35:02 INFO  Progress (1): 4.7 kB
2026.04.01 14:35:02 INFO                      
2026.04.01 14:35:02 INFO  Downloaded from central: https://repo.maven.apache.org/maven2/org/springframework/boot/spring-boot-starter-data-jpa/3.2.4/spring-boot-starter-data-jpa-3.2.4-sources.jar (4.7 kB at 116 kB/s)
2026.04.01 14:35:02 INFO  [INFO] SUCCESS: org.springframework.boot:spring-boot-starter-data-jpa:jar:3.2.4:compile (sources = true)
2026.04.01 14:35:02 INFO  [INFO] Resolving artifact: org.springframework.boot:spring-boot-starter:jar:3.2.4:compile (sources = false)
2026.04.01 14:35:02 INFO  [INFO] SUCCESS: org.springframework.boot:spring-boot-starter:jar:3.2.4:compile (sources = false)
2026.04.01 14:35:02 INFO  [INFO] Resolving artifact: org.springframework.boot:spring-boot-starter:jar:3.2.4:compile (sources = true)
2026.04.01 14:35:02 INFO  Downloading from central: https://repo.maven.apache.org/maven2/org/springframework/boot/spring-boot-starter/3.2.4/spring-boot-starter-3.2.4-sources.jar
2026.04.01 14:35:02 INFO  Progress (1): 4.7 kB
2026.04.01 14:35:02 INFO                      
2026.04.01 14:35:02 INFO  Downloaded from central: https://repo.maven.apache.org/maven2/org/springframework/boot/spring-boot-starter/3.2.4/spring-boot-starter-3.2.4-sources.jar (4.7 kB at 125 kB/s)
2026.04.01 14:35:02 INFO  [INFO] SUCCESS: org.springframework.boot:spring-boot-starter:jar:3.2.4:compile (sources = true)
2026.04.01 14:35:02 INFO  [INFO] Resolving artifact: org.apache.tomcat.embed:tomcat-embed-websocket:jar:10.1.19:compile (sources = false)
2026.04.01 14:35:02 INFO  [INFO] SUCCESS: org.apache.tomcat.embed:tomcat-embed-websocket:jar:10.1.19:compile (sources = false)
2026.04.01 14:35:02 INFO  [INFO] Resolving artifact: org.apache.tomcat.embed:tomcat-embed-websocket:jar:10.1.19:compile (sources = true)
2026.04.01 14:35:02 INFO  Downloading from central: https://repo.maven.apache.org/maven2/org/apache/tomcat/embed/tomcat-embed-websocket/10.1.19/tomcat-embed-websocket-10.1.19-sources.jar
2026.04.01 14:35:02 INFO  Progress (1): 7.7/246 kB
2026.04.01 14:35:02 INFO  Progress (1): 16/246 kB 
2026.04.01 14:35:02 INFO  Progress (1): 32/246 kB
2026.04.01 14:35:02 INFO  Progress (1): 49/246 kB
2026.04.01 14:35:02 INFO  Progress (1): 65/246 kB
2026.04.01 14:35:02 INFO  Progress (1): 81/246 kB
2026.04.01 14:35:02 INFO  Progress (1): 98/246 kB
2026.04.01 14:35:02 INFO  Progress (1): 114/246 kB
2026.04.01 14:35:02 INFO  Progress (1): 131/246 kB
2026.04.01 14:35:02 INFO  Progress (1): 147/246 kB
2026.04.01 14:35:02 INFO  Progress (1): 163/246 kB
2026.04.01 14:35:02 INFO  Progress (1): 180/246 kB
2026.04.01 14:35:02 INFO  Progress (1): 196/246 kB
2026.04.01 14:35:02 INFO  Progress (1): 212/246 kB
2026.04.01 14:35:02 INFO  Progress (1): 229/246 kB
2026.04.01 14:35:02 INFO  Progress (1): 245/246 kB
2026.04.01 14:35:02 INFO  Progress (1): 246 kB    
2026.04.01 14:35:02 INFO                      
2026.04.01 14:35:02 INFO  Downloaded from central: https://repo.maven.apache.org/maven2/org/apache/tomcat/embed/tomcat-embed-websocket/10.1.19/tomcat-embed-websocket-10.1.19-sources.jar (246 kB at 3.3 MB/s)
2026.04.01 14:35:02 INFO  [INFO] SUCCESS: org.apache.tomcat.embed:tomcat-embed-websocket:jar:10.1.19:compile (sources = true)
2026.04.01 14:35:02 INFO  [INFO] Resolving artifact: org.springframework.boot:spring-boot-starter-aop:jar:3.2.4:compile (sources = false)
2026.04.01 14:35:02 INFO  [INFO] SUCCESS: org.springframework.boot:spring-boot-starter-aop:jar:3.2.4:compile (sources = false)
2026.04.01 14:35:02 INFO  [INFO] Resolving artifact: org.springframework.boot:spring-boot-starter-aop:jar:3.2.4:compile (sources = true)
2026.04.01 14:35:02 INFO  Downloading from central: https://repo.maven.apache.org/maven2/org/springframework/boot/spring-boot-starter-aop/3.2.4/spring-boot-starter-aop-3.2.4-sources.jar
2026.04.01 14:35:02 INFO  Progress (1): 4.7 kB
2026.04.01 14:35:02 INFO                      
2026.04.01 14:35:02 INFO  Downloaded from central: https://repo.maven.apache.org/maven2/org/springframework/boot/spring-boot-starter-aop/3.2.4/spring-boot-starter-aop-3.2.4-sources.jar (4.7 kB at 110 kB/s)
2026.04.01 14:35:02 INFO  [INFO] SUCCESS: org.springframework.boot:spring-boot-starter-aop:jar:3.2.4:compile (sources = true)
2026.04.01 14:35:02 INFO  [INFO] Resolving artifact: com.fasterxml.jackson.core:jackson-core:jar:2.15.4:compile (sources = false)
2026.04.01 14:35:02 INFO  [INFO] SUCCESS: com.fasterxml.jackson.core:jackson-core:jar:2.15.4:compile (sources = false)
2026.04.01 14:35:02 INFO  [INFO] Resolving artifact: com.fasterxml.jackson.core:jackson-core:jar:2.15.4:compile (sources = true)
2026.04.01 14:35:02 INFO  Downloading from central: https://repo.maven.apache.org/maven2/com/fasterxml/jackson/core/jackson-core/2.15.4/jackson-core-2.15.4-sources.jar
2026.04.01 14:35:02 INFO  Progress (1): 7.7/466 kB
2026.04.01 14:35:02 INFO  Progress (1): 16/466 kB 
2026.04.01 14:35:02 INFO  Progress (1): 32/466 kB
2026.04.01 14:35:02 INFO  Progress (1): 49/466 kB
2026.04.01 14:35:02 INFO  Progress (1): 57/466 kB
2026.04.01 14:35:02 INFO  Progress (1): 74/466 kB
2026.04.01 14:35:02 INFO  Progress (1): 90/466 kB
2026.04.01 14:35:02 INFO  Progress (1): 106/466 kB
2026.04.01 14:35:02 INFO  Progress (1): 123/466 kB
2026.04.01 14:35:02 INFO  Progress (1): 139/466 kB
2026.04.01 14:35:02 INFO  Progress (1): 156/466 kB
2026.04.01 14:35:02 INFO  Progress (1): 172/466 kB
2026.04.01 14:35:02 INFO  Progress (1): 188/466 kB
2026.04.01 14:35:02 INFO  Progress (1): 205/466 kB
2026.04.01 14:35:02 INFO  Progress (1): 221/466 kB
2026.04.01 14:35:02 INFO  Progress (1): 238/466 kB
2026.04.01 14:35:02 INFO  Progress (1): 254/466 kB
2026.04.01 14:35:02 INFO  Progress (1): 270/466 kB
2026.04.01 14:35:02 INFO  Progress (1): 287/466 kB
2026.04.01 14:35:02 INFO  Progress (1): 303/466 kB
2026.04.01 14:35:02 INFO  Progress (1): 319/466 kB
2026.04.01 14:35:02 INFO  Progress (1): 336/466 kB
2026.04.01 14:35:02 INFO  Progress (1): 352/466 kB
2026.04.01 14:35:02 INFO  Progress (1): 369/466 kB
2026.04.01 14:35:02 INFO  Progress (1): 385/466 kB
2026.04.01 14:35:02 INFO  Progress (1): 401/466 kB
2026.04.01 14:35:02 INFO  Progress (1): 418/466 kB
2026.04.01 14:35:02 INFO  Progress (1): 434/466 kB
2026.04.01 14:35:02 INFO  Progress (1): 451/466 kB
2026.04.01 14:35:02 INFO  Progress (1): 466 kB    
2026.04.01 14:35:02 INFO                      
2026.04.01 14:35:02 INFO  Downloaded from central: https://repo.maven.apache.org/maven2/com/fasterxml/jackson/core/jackson-core/2.15.4/jackson-core-2.15.4-sources.jar (466 kB at 4.1 MB/s)
2026.04.01 14:35:02 INFO  [INFO] SUCCESS: com.fasterxml.jackson.core:jackson-core:jar:2.15.4:compile (sources = true)
2026.04.01 14:35:02 INFO  [INFO] Resolving artifact: io.jsonwebtoken:jjwt-api:jar:0.11.5:compile (sources = false)
2026.04.01 14:35:02 INFO  [INFO] SUCCESS: io.jsonwebtoken:jjwt-api:jar:0.11.5:compile (sources = false)
2026.04.01 14:35:02 INFO  [INFO] Resolving artifact: io.jsonwebtoken:jjwt-api:jar:0.11.5:compile (sources = true)
2026.04.01 14:35:02 INFO  [INFO] SUCCESS: io.jsonwebtoken:jjwt-api:jar:0.11.5:compile (sources = true)
2026.04.01 14:35:02 INFO  [INFO] Resolving artifact: com.sun.istack:istack-commons-runtime:jar:4.1.2:runtime (sources = false)
2026.04.01 14:35:02 INFO  [INFO] SUCCESS: com.sun.istack:istack-commons-runtime:jar:4.1.2:runtime (sources = false)
2026.04.01 14:35:02 INFO  [INFO] Resolving artifact: com.sun.istack:istack-commons-runtime:jar:4.1.2:runtime (sources = true)
2026.04.01 14:35:02 INFO  [INFO] SUCCESS: com.sun.istack:istack-commons-runtime:jar:4.1.2:runtime (sources = true)
2026.04.01 14:35:02 INFO  [INFO] Resolving artifact: com.fasterxml.jackson.datatype:jackson-datatype-jdk8:jar:2.15.4:compile (sources = false)
2026.04.01 14:35:02 INFO  [INFO] SUCCESS: com.fasterxml.jackson.datatype:jackson-datatype-jdk8:jar:2.15.4:compile (sources = false)
2026.04.01 14:35:02 INFO  [INFO] Resolving artifact: com.fasterxml.jackson.datatype:jackson-datatype-jdk8:jar:2.15.4:compile (sources = true)
2026.04.01 14:35:02 INFO  Downloading from central: https://repo.maven.apache.org/maven2/com/fasterxml/jackson/datatype/jackson-datatype-jdk8/2.15.4/jackson-datatype-jdk8-2.15.4-sources.jar
2026.04.01 14:35:02 INFO  Progress (1): 7.7/24 kB
2026.04.01 14:35:02 INFO  Progress (1): 16/24 kB 
2026.04.01 14:35:02 INFO  Progress (1): 24 kB   
2026.04.01 14:35:02 INFO                     
2026.04.01 14:35:02 INFO  Downloaded from central: https://repo.maven.apache.org/maven2/com/fasterxml/jackson/datatype/jackson-datatype-jdk8/2.15.4/jackson-datatype-jdk8-2.15.4-sources.jar (24 kB at 577 kB/s)
2026.04.01 14:35:02 INFO  [INFO] SUCCESS: com.fasterxml.jackson.datatype:jackson-datatype-jdk8:jar:2.15.4:compile (sources = true)
2026.04.01 14:35:02 INFO  [INFO] Resolving artifact: org.apache.logging.log4j:log4j-to-slf4j:jar:2.21.1:compile (sources = false)
2026.04.01 14:35:02 INFO  [INFO] SUCCESS: org.apache.logging.log4j:log4j-to-slf4j:jar:2.21.1:compile (sources = false)
2026.04.01 14:35:02 INFO  [INFO] Resolving artifact: org.apache.logging.log4j:log4j-to-slf4j:jar:2.21.1:compile (sources = true)
2026.04.01 14:35:02 INFO  Downloading from central: https://repo.maven.apache.org/maven2/org/apache/logging/log4j/log4j-to-slf4j/2.21.1/log4j-to-slf4j-2.21.1-sources.jar
2026.04.01 14:35:02 INFO  Progress (1): 7.7/18 kB
2026.04.01 14:35:02 INFO  Progress (1): 16/18 kB 
2026.04.01 14:35:02 INFO  Progress (1): 18 kB   
2026.04.01 14:35:02 INFO                     
2026.04.01 14:35:02 INFO  Downloaded from central: https://repo.maven.apache.org/maven2/org/apache/logging/log4j/log4j-to-slf4j/2.21.1/log4j-to-slf4j-2.21.1-sources.jar (18 kB at 435 kB/s)
2026.04.01 14:35:02 INFO  [INFO] SUCCESS: org.apache.logging.log4j:log4j-to-slf4j:jar:2.21.1:compile (sources = true)
2026.04.01 14:35:02 INFO  [INFO] Resolving artifact: com.fasterxml.jackson.core:jackson-annotations:jar:2.15.4:compile (sources = false)
2026.04.01 14:35:02 INFO  [INFO] SUCCESS: com.fasterxml.jackson.core:jackson-annotations:jar:2.15.4:compile (sources = false)
2026.04.01 14:35:02 INFO  [INFO] Resolving artifact: com.fasterxml.jackson.core:jackson-annotations:jar:2.15.4:compile (sources = true)
2026.04.01 14:35:02 INFO  Downloading from central: https://repo.maven.apache.org/maven2/com/fasterxml/jackson/core/jackson-annotations/2.15.4/jackson-annotations-2.15.4-sources.jar
2026.04.01 14:35:02 INFO  Progress (1): 7.7/82 kB
2026.04.01 14:35:02 INFO  Progress (1): 16/82 kB 
2026.04.01 14:35:02 INFO  Progress (1): 29/82 kB
2026.04.01 14:35:02 INFO  Progress (1): 45/82 kB
2026.04.01 14:35:02 INFO  Progress (1): 61/82 kB
2026.04.01 14:35:02 INFO  Progress (1): 78/82 kB
2026.04.01 14:35:02 INFO  Progress (1): 82 kB   
2026.04.01 14:35:02 INFO                     
2026.04.01 14:35:02 INFO  Downloaded from central: https://repo.maven.apache.org/maven2/com/fasterxml/jackson/core/jackson-annotations/2.15.4/jackson-annotations-2.15.4-sources.jar (82 kB at 1.8 MB/s)
2026.04.01 14:35:02 INFO  [INFO] SUCCESS: com.fasterxml.jackson.core:jackson-annotations:jar:2.15.4:compile (sources = true)
2026.04.01 14:35:02 INFO  [INFO] Resolving artifact: org.springframework:spring-webmvc:jar:6.1.5:compile (sources = false)
2026.04.01 14:35:02 INFO  [INFO] SUCCESS: org.springframework:spring-webmvc:jar:6.1.5:compile (sources = false)
2026.04.01 14:35:02 INFO  [INFO] Resolving artifact: org.springframework:spring-webmvc:jar:6.1.5:compile (sources = true)
2026.04.01 14:35:02 INFO  Downloading from central: https://repo.maven.apache.org/maven2/org/springframework/spring-webmvc/6.1.5/spring-webmvc-6.1.5-sources.jar
2026.04.01 14:35:02 INFO  Progress (1): 7.7/832 kB
2026.04.01 14:35:02 INFO  Progress (1): 16/832 kB 
2026.04.01 14:35:02 INFO  Progress (1): 32/832 kB
2026.04.01 14:35:02 INFO  Progress (1): 49/832 kB
2026.04.01 14:35:02 INFO  Progress (1): 57/832 kB
2026.04.01 14:35:02 INFO  Progress (1): 74/832 kB
2026.04.01 14:35:02 INFO  Progress (1): 90/832 kB
2026.04.01 14:35:02 INFO  Progress (1): 106/832 kB
2026.04.01 14:35:02 INFO  Progress (1): 123/832 kB
2026.04.01 14:35:02 INFO  Progress (1): 139/832 kB
2026.04.01 14:35:02 INFO  Progress (1): 156/832 kB
2026.04.01 14:35:02 INFO  Progress (1): 172/832 kB
2026.04.01 14:35:02 INFO  Progress (1): 188/832 kB
2026.04.01 14:35:02 INFO  Progress (1): 205/832 kB
2026.04.01 14:35:02 INFO  Progress (1): 221/832 kB
2026.04.01 14:35:02 INFO  Progress (1): 238/832 kB
2026.04.01 14:35:02 INFO  Progress (1): 254/832 kB
2026.04.01 14:35:02 INFO  Progress (1): 270/832 kB
2026.04.01 14:35:02 INFO  Progress (1): 287/832 kB
2026.04.01 14:35:02 INFO  Progress (1): 303/832 kB
2026.04.01 14:35:02 INFO  Progress (1): 319/832 kB
2026.04.01 14:35:02 INFO  Progress (1): 336/832 kB
2026.04.01 14:35:02 INFO  Progress (1): 352/832 kB
2026.04.01 14:35:02 INFO  Progress (1): 369/832 kB
2026.04.01 14:35:02 INFO  Progress (1): 385/832 kB
2026.04.01 14:35:02 INFO  Progress (1): 401/832 kB
2026.04.01 14:35:02 INFO  Progress (1): 418/832 kB
2026.04.01 14:35:02 INFO  Progress (1): 434/832 kB
2026.04.01 14:35:02 INFO  Progress (1): 451/832 kB
2026.04.01 14:35:02 INFO  Progress (1): 467/832 kB
2026.04.01 14:35:02 INFO  Progress (1): 483/832 kB
2026.04.01 14:35:02 INFO  Progress (1): 500/832 kB
2026.04.01 14:35:02 INFO  Progress (1): 516/832 kB
2026.04.01 14:35:02 INFO  Progress (1): 532/832 kB
2026.04.01 14:35:02 INFO  Progress (1): 549/832 kB
2026.04.01 14:35:02 INFO  Progress (1): 565/832 kB
2026.04.01 14:35:02 INFO  Progress (1): 582/832 kB
2026.04.01 14:35:02 INFO  Progress (1): 598/832 kB
2026.04.01 14:35:02 INFO  Progress (1): 614/832 kB
2026.04.01 14:35:02 INFO  Progress (1): 631/832 kB
2026.04.01 14:35:02 INFO  Progress (1): 647/832 kB
2026.04.01 14:35:02 INFO  Progress (1): 664/832 kB
2026.04.01 14:35:02 INFO  Progress (1): 680/832 kB
2026.04.01 14:35:02 INFO  Progress (1): 696/832 kB
2026.04.01 14:35:02 INFO  Progress (1): 713/832 kB
2026.04.01 14:35:02 INFO  Progress (1): 729/832 kB
2026.04.01 14:35:02 INFO  Progress (1): 745/832 kB
2026.04.01 14:35:02 INFO  Progress (1): 762/832 kB
2026.04.01 14:35:02 INFO  Progress (1): 778/832 kB
2026.04.01 14:35:02 INFO  Progress (1): 795/832 kB
2026.04.01 14:35:02 INFO  Progress (1): 811/832 kB
2026.04.01 14:35:02 INFO  Progress (1): 827/832 kB
2026.04.01 14:35:02 INFO  Progress (1): 832 kB    
2026.04.01 14:35:02 INFO                      
2026.04.01 14:35:02 INFO  Downloaded from central: https://repo.maven.apache.org/maven2/org/springframework/spring-webmvc/6.1.5/spring-webmvc-6.1.5-sources.jar (832 kB at 5.3 MB/s)
2026.04.01 14:35:02 INFO  [INFO] SUCCESS: org.springframework:spring-webmvc:jar:6.1.5:compile (sources = true)
2026.04.01 14:35:02 INFO  [INFO] Resolving artifact: org.springframework:spring-context:jar:6.1.5:compile (sources = false)
2026.04.01 14:35:02 INFO  [INFO] SUCCESS: org.springframework:spring-context:jar:6.1.5:compile (sources = false)
2026.04.01 14:35:02 INFO  [INFO] Resolving artifact: org.springframework:spring-context:jar:6.1.5:compile (sources = true)
2026.04.01 14:35:02 INFO  Downloading from central: https://repo.maven.apache.org/maven2/org/springframework/spring-context/6.1.5/spring-context-6.1.5-sources.jar
2026.04.01 14:35:02 INFO  Progress (1): 0/1.1 MB
2026.04.01 14:35:02 INFO  Progress (1): 0/1.1 MB
2026.04.01 14:35:02 INFO  Progress (1): 0/1.1 MB
2026.04.01 14:35:02 INFO  Progress (1): 0/1.1 MB
2026.04.01 14:35:02 INFO  Progress (1): 0.1/1.1 MB
2026.04.01 14:35:02 INFO  Progress (1): 0.1/1.1 MB
2026.04.01 14:35:02 INFO  Progress (1): 0.1/1.1 MB
2026.04.01 14:35:02 INFO  Progress (1): 0.1/1.1 MB
2026.04.01 14:35:02 INFO  Progress (1): 0.1/1.1 MB
2026.04.01 14:35:02 INFO  Progress (1): 0.1/1.1 MB
2026.04.01 14:35:02 INFO  Progress (1): 0.2/1.1 MB
2026.04.01 14:35:02 INFO  Progress (1): 0.2/1.1 MB
2026.04.01 14:35:02 INFO  Progress (1): 0.2/1.1 MB
2026.04.01 14:35:02 INFO  Progress (1): 0.2/1.1 MB
2026.04.01 14:35:02 INFO  Progress (1): 0.2/1.1 MB
2026.04.01 14:35:02 INFO  Progress (1): 0.2/1.1 MB
2026.04.01 14:35:02 INFO  Progress (1): 0.3/1.1 MB
2026.04.01 14:35:02 INFO  Progress (1): 0.3/1.1 MB
2026.04.01 14:35:02 INFO  Progress (1): 0.3/1.1 MB
2026.04.01 14:35:02 INFO  Progress (1): 0.3/1.1 MB
2026.04.01 14:35:02 INFO  Progress (1): 0.3/1.1 MB
2026.04.01 14:35:02 INFO  Progress (1): 0.3/1.1 MB
2026.04.01 14:35:02 INFO  Progress (1): 0.4/1.1 MB
2026.04.01 14:35:02 INFO  Progress (1): 0.4/1.1 MB
2026.04.01 14:35:02 INFO  Progress (1): 0.4/1.1 MB
2026.04.01 14:35:02 INFO  Progress (1): 0.4/1.1 MB
2026.04.01 14:35:02 INFO  Progress (1): 0.4/1.1 MB
2026.04.01 14:35:02 INFO  Progress (1): 0.4/1.1 MB
2026.04.01 14:35:02 INFO  Progress (1): 0.5/1.1 MB
2026.04.01 14:35:02 INFO  Progress (1): 0.5/1.1 MB
2026.04.01 14:35:02 INFO  Progress (1): 0.5/1.1 MB
2026.04.01 14:35:02 INFO  Progress (1): 0.5/1.1 MB
2026.04.01 14:35:02 INFO  Progress (1): 0.5/1.1 MB
2026.04.01 14:35:02 INFO  Progress (1): 0.5/1.1 MB
2026.04.01 14:35:02 INFO  Progress (1): 0.6/1.1 MB
2026.04.01 14:35:02 INFO  Progress (1): 0.6/1.1 MB
2026.04.01 14:35:02 INFO  Progress (1): 0.6/1.1 MB
2026.04.01 14:35:02 INFO  Progress (1): 0.6/1.1 MB
2026.04.01 14:35:02 INFO  Progress (1): 0.6/1.1 MB
2026.04.01 14:35:02 INFO  Progress (1): 0.6/1.1 MB
2026.04.01 14:35:02 INFO  Progress (1): 0.7/1.1 MB
2026.04.01 14:35:02 INFO  Progress (1): 0.7/1.1 MB
2026.04.01 14:35:02 INFO  Progress (1): 0.7/1.1 MB
2026.04.01 14:35:02 INFO  Progress (1): 0.7/1.1 MB
2026.04.01 14:35:02 INFO  Progress (1): 0.7/1.1 MB
2026.04.01 14:35:02 INFO  Progress (1): 0.7/1.1 MB
2026.04.01 14:35:02 INFO  Progress (1): 0.8/1.1 MB
2026.04.01 14:35:02 INFO  Progress (1): 0.8/1.1 MB
2026.04.01 14:35:02 INFO  Progress (1): 0.8/1.1 MB
2026.04.01 14:35:02 INFO  Progress (1): 0.8/1.1 MB
2026.04.01 14:35:02 INFO  Progress (1): 0.8/1.1 MB
2026.04.01 14:35:02 INFO  Progress (1): 0.8/1.1 MB
2026.04.01 14:35:02 INFO  Progress (1): 0.9/1.1 MB
2026.04.01 14:35:02 INFO  Progress (1): 0.9/1.1 MB
2026.04.01 14:35:02 INFO  Progress (1): 0.9/1.1 MB
2026.04.01 14:35:02 INFO  Progress (1): 0.9/1.1 MB
2026.04.01 14:35:02 INFO  Progress (1): 0.9/1.1 MB
2026.04.01 14:35:02 INFO  Progress (1): 0.9/1.1 MB
2026.04.01 14:35:02 INFO  Progress (1): 0.9/1.1 MB
2026.04.01 14:35:02 INFO  Progress (1): 1.0/1.1 MB
2026.04.01 14:35:02 INFO  Progress (1): 1.0/1.1 MB
2026.04.01 14:35:02 INFO  Progress (1): 1.0/1.1 MB
2026.04.01 14:35:02 INFO  Progress (1): 1.0/1.1 MB
2026.04.01 14:35:02 INFO  Progress (1): 1.0/1.1 MB
2026.04.01 14:35:02 INFO  Progress (1): 1.0/1.1 MB
2026.04.01 14:35:02 INFO  Progress (1): 1.1/1.1 MB
2026.04.01 14:35:02 INFO  Progress (1): 1.1 MB    
2026.04.01 14:35:02 INFO                      
2026.04.01 14:35:02 INFO  Downloaded from central: https://repo.maven.apache.org/maven2/org/springframework/spring-context/6.1.5/spring-context-6.1.5-sources.jar (1.1 MB at 6.2 MB/s)
2026.04.01 14:35:02 INFO  [INFO] SUCCESS: org.springframework:spring-context:jar:6.1.5:compile (sources = true)
2026.04.01 14:35:02 INFO  [INFO] Resolving artifact: org.springframework:spring-test:jar:6.1.5:test (sources = false)
2026.04.01 14:35:02 INFO  [INFO] SUCCESS: org.springframework:spring-test:jar:6.1.5:test (sources = false)
2026.04.01 14:35:02 INFO  [INFO] Resolving artifact: org.springframework:spring-test:jar:6.1.5:test (sources = true)
2026.04.01 14:35:02 INFO  Downloading from central: https://repo.maven.apache.org/maven2/org/springframework/spring-test/6.1.5/spring-test-6.1.5-sources.jar
2026.04.01 14:35:02 INFO  Progress (1): 7.7/680 kB
2026.04.01 14:35:02 INFO  Progress (1): 16/680 kB 
2026.04.01 14:35:02 INFO  Progress (1): 32/680 kB
2026.04.01 14:35:02 INFO  Progress (1): 48/680 kB
2026.04.01 14:35:02 INFO  Progress (1): 65/680 kB
2026.04.01 14:35:02 INFO  Progress (1): 81/680 kB
2026.04.01 14:35:02 INFO  Progress (1): 98/680 kB
2026.04.01 14:35:02 INFO  Progress (1): 114/680 kB
2026.04.01 14:35:02 INFO  Progress (1): 130/680 kB
2026.04.01 14:35:02 INFO  Progress (1): 147/680 kB
2026.04.01 14:35:02 INFO  Progress (1): 163/680 kB
2026.04.01 14:35:02 INFO  Progress (1): 179/680 kB
2026.04.01 14:35:02 INFO  Progress (1): 196/680 kB
2026.04.01 14:35:02 INFO  Progress (1): 212/680 kB
2026.04.01 14:35:02 INFO  Progress (1): 229/680 kB
2026.04.01 14:35:02 INFO  Progress (1): 245/680 kB
2026.04.01 14:35:02 INFO  Progress (1): 261/680 kB
2026.04.01 14:35:02 INFO  Progress (1): 278/680 kB
2026.04.01 14:35:02 INFO  Progress (1): 294/680 kB
2026.04.01 14:35:02 INFO  Progress (1): 311/680 kB
2026.04.01 14:35:02 INFO  Progress (1): 327/680 kB
2026.04.01 14:35:02 INFO  Progress (1): 343/680 kB
2026.04.01 14:35:02 INFO  Progress (1): 360/680 kB
2026.04.01 14:35:02 INFO  Progress (1): 376/680 kB
2026.04.01 14:35:02 INFO  Progress (1): 392/680 kB
2026.04.01 14:35:02 INFO  Progress (1): 409/680 kB
2026.04.01 14:35:02 INFO  Progress (1): 425/680 kB
2026.04.01 14:35:02 INFO  Progress (1): 442/680 kB
2026.04.01 14:35:02 INFO  Progress (1): 458/680 kB
2026.04.01 14:35:02 INFO  Progress (1): 474/680 kB
2026.04.01 14:35:02 INFO  Progress (1): 491/680 kB
2026.04.01 14:35:02 INFO  Progress (1): 507/680 kB
2026.04.01 14:35:02 INFO  Progress (1): 524/680 kB
2026.04.01 14:35:02 INFO  Progress (1): 540/680 kB
2026.04.01 14:35:02 INFO  Progress (1): 556/680 kB
2026.04.01 14:35:02 INFO  Progress (1): 573/680 kB
2026.04.01 14:35:02 INFO  Progress (1): 589/680 kB
2026.04.01 14:35:02 INFO  Progress (1): 605/680 kB
2026.04.01 14:35:02 INFO  Progress (1): 622/680 kB
2026.04.01 14:35:02 INFO  Progress (1): 638/680 kB
2026.04.01 14:35:02 INFO  Progress (1): 655/680 kB
2026.04.01 14:35:02 INFO  Progress (1): 671/680 kB
2026.04.01 14:35:02 INFO  Progress (1): 680 kB    
2026.04.01 14:35:02 INFO                      
2026.04.01 14:35:02 INFO  Downloaded from central: https://repo.maven.apache.org/maven2/org/springframework/spring-test/6.1.5/spring-test-6.1.5-sources.jar (680 kB at 5.8 MB/s)
2026.04.01 14:35:02 INFO  [INFO] SUCCESS: org.springframework:spring-test:jar:6.1.5:test (sources = true)
2026.04.01 14:35:02 INFO  [INFO] Resolving artifact: org.springframework.security:spring-security-crypto:jar:6.2.3:compile (sources = false)
2026.04.01 14:35:02 INFO  [INFO] SUCCESS: org.springframework.security:spring-security-crypto:jar:6.2.3:compile (sources = false)
2026.04.01 14:35:02 INFO  [INFO] Resolving artifact: org.springframework.security:spring-security-crypto:jar:6.2.3:compile (sources = true)
2026.04.01 14:35:02 INFO  Downloading from central: https://repo.maven.apache.org/maven2/org/springframework/security/spring-security-crypto/6.2.3/spring-security-crypto-6.2.3-sources.jar
2026.04.01 14:35:02 INFO  Progress (1): 7.7/77 kB
2026.04.01 14:35:02 INFO  Progress (1): 16/77 kB 
2026.04.01 14:35:02 INFO  Progress (1): 32/77 kB
2026.04.01 14:35:02 INFO  Progress (1): 49/77 kB
2026.04.01 14:35:02 INFO  Progress (1): 61/77 kB
2026.04.01 14:35:02 INFO  Progress (1): 77 kB   
2026.04.01 14:35:02 INFO                     
2026.04.01 14:35:02 INFO  Downloaded from central: https://repo.maven.apache.org/maven2/org/springframework/security/spring-security-crypto/6.2.3/spring-security-crypto-6.2.3-sources.jar (77 kB at 1.7 MB/s)
2026.04.01 14:35:02 INFO  [INFO] SUCCESS: org.springframework.security:spring-security-crypto:jar:6.2.3:compile (sources = true)
2026.04.01 14:35:02 INFO  [INFO] Resolving artifact: org.springframework.boot:spring-boot-starter-test:jar:3.2.4:test (sources = false)
2026.04.01 14:35:02 INFO  [INFO] SUCCESS: org.springframework.boot:spring-boot-starter-test:jar:3.2.4:test (sources = false)
2026.04.01 14:35:02 INFO  [INFO] Resolving artifact: org.springframework.boot:spring-boot-starter-test:jar:3.2.4:test (sources = true)
2026.04.01 14:35:02 INFO  Downloading from central: https://repo.maven.apache.org/maven2/org/springframework/boot/spring-boot-starter-test/3.2.4/spring-boot-starter-test-3.2.4-sources.jar
2026.04.01 14:35:03 INFO  Progress (1): 4.7 kB
2026.04.01 14:35:03 INFO                      
2026.04.01 14:35:03 INFO  Downloaded from central: https://repo.maven.apache.org/maven2/org/springframework/boot/spring-boot-starter-test/3.2.4/spring-boot-starter-test-3.2.4-sources.jar (4.7 kB at 122 kB/s)
2026.04.01 14:35:03 INFO  [INFO] SUCCESS: org.springframework.boot:spring-boot-starter-test:jar:3.2.4:test (sources = true)
2026.04.01 14:35:03 INFO  [INFO] Resolving artifact: org.opentest4j:opentest4j:jar:1.3.0:test (sources = false)
2026.04.01 14:35:03 INFO  [INFO] SUCCESS: org.opentest4j:opentest4j:jar:1.3.0:test (sources = false)
2026.04.01 14:35:03 INFO  [INFO] Resolving artifact: org.opentest4j:opentest4j:jar:1.3.0:test (sources = true)
2026.04.01 14:35:03 INFO  [INFO] SUCCESS: org.opentest4j:opentest4j:jar:1.3.0:test (sources = true)
2026.04.01 14:35:03 INFO  [INFO] Resolving artifact: org.xmlunit:xmlunit-core:jar:2.9.1:test (sources = false)
2026.04.01 14:35:03 INFO  [INFO] SUCCESS: org.xmlunit:xmlunit-core:jar:2.9.1:test (sources = false)
2026.04.01 14:35:03 INFO  [INFO] Resolving artifact: org.xmlunit:xmlunit-core:jar:2.9.1:test (sources = true)
2026.04.01 14:35:03 INFO  Downloading from central: https://repo.maven.apache.org/maven2/org/xmlunit/xmlunit-core/2.9.1/xmlunit-core-2.9.1-sources.jar
2026.04.01 14:35:03 INFO  Progress (1): 7.7/109 kB
2026.04.01 14:35:03 INFO  Progress (1): 16/109 kB 
2026.04.01 14:35:03 INFO  Progress (1): 24/109 kB
2026.04.01 14:35:03 INFO  Progress (1): 40/109 kB
2026.04.01 14:35:03 INFO  Progress (1): 57/109 kB
2026.04.01 14:35:03 INFO  Progress (1): 73/109 kB
2026.04.01 14:35:03 INFO  Progress (1): 90/109 kB
2026.04.01 14:35:03 INFO  Progress (1): 106/109 kB
2026.04.01 14:35:03 INFO  Progress (1): 109 kB    
2026.04.01 14:35:03 INFO                      
2026.04.01 14:35:03 INFO  Downloaded from central: https://repo.maven.apache.org/maven2/org/xmlunit/xmlunit-core/2.9.1/xmlunit-core-2.9.1-sources.jar (109 kB at 2.3 MB/s)
2026.04.01 14:35:03 INFO  [INFO] SUCCESS: org.xmlunit:xmlunit-core:jar:2.9.1:test (sources = true)
2026.04.01 14:35:03 INFO  [INFO] Resolving artifact: org.springframework:spring-orm:jar:6.1.5:compile (sources = false)
2026.04.01 14:35:03 INFO  [INFO] SUCCESS: org.springframework:spring-orm:jar:6.1.5:compile (sources = false)
2026.04.01 14:35:03 INFO  [INFO] Resolving artifact: org.springframework:spring-orm:jar:6.1.5:compile (sources = true)
2026.04.01 14:35:03 INFO  Downloading from central: https://repo.maven.apache.org/maven2/org/springframework/spring-orm/6.1.5/spring-orm-6.1.5-sources.jar
2026.04.01 14:35:03 INFO  Progress (1): 7.7/193 kB
2026.04.01 14:35:03 INFO  Progress (1): 16/193 kB 
2026.04.01 14:35:03 INFO  Progress (1): 25/193 kB
2026.04.01 14:35:03 INFO  Progress (1): 41/193 kB
2026.04.01 14:35:03 INFO  Progress (1): 57/193 kB
2026.04.01 14:35:03 INFO  Progress (1): 74/193 kB
2026.04.01 14:35:03 INFO  Progress (1): 90/193 kB
2026.04.01 14:35:03 INFO  Progress (1): 106/193 kB
2026.04.01 14:35:03 INFO  Progress (1): 123/193 kB
2026.04.01 14:35:03 INFO  Progress (1): 139/193 kB
2026.04.01 14:35:03 INFO  Progress (1): 156/193 kB
2026.04.01 14:35:03 INFO  Progress (1): 172/193 kB
2026.04.01 14:35:03 INFO  Progress (1): 188/193 kB
2026.04.01 14:35:03 INFO  Progress (1): 193 kB    
2026.04.01 14:35:03 INFO                      
2026.04.01 14:35:03 INFO  Downloaded from central: https://repo.maven.apache.org/maven2/org/springframework/spring-orm/6.1.5/spring-orm-6.1.5-sources.jar (193 kB at 3.4 MB/s)
2026.04.01 14:35:03 INFO  [INFO] SUCCESS: org.springframework:spring-orm:jar:6.1.5:compile (sources = true)
2026.04.01 14:35:03 INFO  [INFO] Resolving artifact: org.postgresql:postgresql:jar:42.6.2:runtime (sources = false)
2026.04.01 14:35:03 INFO  [INFO] SUCCESS: org.postgresql:postgresql:jar:42.6.2:runtime (sources = false)
2026.04.01 14:35:03 INFO  [INFO] Resolving artifact: org.postgresql:postgresql:jar:42.6.2:runtime (sources = true)
2026.04.01 14:35:03 INFO  Downloading from central: https://repo.maven.apache.org/maven2/org/postgresql/postgresql/42.6.2/postgresql-42.6.2-sources.jar
2026.04.01 14:35:03 INFO  Progress (1): 7.7/870 kB
2026.04.01 14:35:03 INFO  Progress (1): 16/870 kB 
2026.04.01 14:35:03 INFO  Progress (1): 25/870 kB
2026.04.01 14:35:03 INFO  Progress (1): 41/870 kB
2026.04.01 14:35:03 INFO  Progress (1): 57/870 kB
2026.04.01 14:35:03 INFO  Progress (1): 74/870 kB
2026.04.01 14:35:03 INFO  Progress (1): 90/870 kB
2026.04.01 14:35:03 INFO  Progress (1): 106/870 kB
2026.04.01 14:35:03 INFO  Progress (1): 123/870 kB
2026.04.01 14:35:03 INFO  Progress (1): 139/870 kB
2026.04.01 14:35:03 INFO  Progress (1): 156/870 kB
2026.04.01 14:35:03 INFO  Progress (1): 172/870 kB
2026.04.01 14:35:03 INFO  Progress (1): 188/870 kB
2026.04.01 14:35:03 INFO  Progress (1): 205/870 kB
2026.04.01 14:35:03 INFO  Progress (1): 221/870 kB
2026.04.01 14:35:03 INFO  Progress (1): 238/870 kB
2026.04.01 14:35:03 INFO  Progress (1): 254/870 kB
2026.04.01 14:35:03 INFO  Progress (1): 270/870 kB
2026.04.01 14:35:03 INFO  Progress (1): 287/870 kB
2026.04.01 14:35:03 INFO  Progress (1): 303/870 kB
2026.04.01 14:35:03 INFO  Progress (1): 319/870 kB
2026.04.01 14:35:03 INFO  Progress (1): 336/870 kB
2026.04.01 14:35:03 INFO  Progress (1): 352/870 kB
2026.04.01 14:35:03 INFO  Progress (1): 369/870 kB
2026.04.01 14:35:03 INFO  Progress (1): 385/870 kB
2026.04.01 14:35:03 INFO  Progress (1): 401/870 kB
2026.04.01 14:35:03 INFO  Progress (1): 418/870 kB
2026.04.01 14:35:03 INFO  Progress (1): 434/870 kB
2026.04.01 14:35:03 INFO  Progress (1): 451/870 kB
2026.04.01 14:35:03 INFO  Progress (1): 467/870 kB
2026.04.01 14:35:03 INFO  Progress (1): 483/870 kB
2026.04.01 14:35:03 INFO  Progress (1): 500/870 kB
2026.04.01 14:35:03 INFO  Progress (1): 516/870 kB
2026.04.01 14:35:03 INFO  Progress (1): 532/870 kB
2026.04.01 14:35:03 INFO  Progress (1): 549/870 kB
2026.04.01 14:35:03 INFO  Progress (1): 565/870 kB
2026.04.01 14:35:03 INFO  Progress (1): 582/870 kB
2026.04.01 14:35:03 INFO  Progress (1): 598/870 kB
2026.04.01 14:35:03 INFO  Progress (1): 614/870 kB
2026.04.01 14:35:03 INFO  Progress (1): 631/870 kB
2026.04.01 14:35:03 INFO  Progress (1): 647/870 kB
2026.04.01 14:35:03 INFO  Progress (1): 664/870 kB
2026.04.01 14:35:03 INFO  Progress (1): 680/870 kB
2026.04.01 14:35:03 INFO  Progress (1): 696/870 kB
2026.04.01 14:35:03 INFO  Progress (1): 713/870 kB
2026.04.01 14:35:03 INFO  Progress (1): 729/870 kB
2026.04.01 14:35:03 INFO  Progress (1): 745/870 kB
2026.04.01 14:35:03 INFO  Progress (1): 762/870 kB
2026.04.01 14:35:03 INFO  Progress (1): 778/870 kB
2026.04.01 14:35:03 INFO  Progress (1): 795/870 kB
2026.04.01 14:35:03 INFO  Progress (1): 811/870 kB
2026.04.01 14:35:03 INFO  Progress (1): 827/870 kB
2026.04.01 14:35:03 INFO  Progress (1): 844/870 kB
2026.04.01 14:35:03 INFO  Progress (1): 860/870 kB
2026.04.01 14:35:03 INFO  Progress (1): 870 kB    
2026.04.01 14:35:03 INFO                      
2026.04.01 14:35:03 INFO  Downloaded from central: https://repo.maven.apache.org/maven2/org/postgresql/postgresql/42.6.2/postgresql-42.6.2-sources.jar (870 kB at 6.0 MB/s)
2026.04.01 14:35:03 INFO  [INFO] SUCCESS: org.postgresql:postgresql:jar:42.6.2:runtime (sources = true)
2026.04.01 14:35:03 INFO  [INFO] Resolving artifact: org.junit.platform:junit-platform-commons:jar:1.10.2:test (sources = false)
2026.04.01 14:35:03 INFO  [INFO] SUCCESS: org.junit.platform:junit-platform-commons:jar:1.10.2:test (sources = false)
2026.04.01 14:35:03 INFO  [INFO] Resolving artifact: org.junit.platform:junit-platform-commons:jar:1.10.2:test (sources = true)
2026.04.01 14:35:03 INFO  Downloading from central: https://repo.maven.apache.org/maven2/org/junit/platform/junit-platform-commons/1.10.2/junit-platform-commons-1.10.2-sources.jar
2026.04.01 14:35:03 INFO  Progress (1): 7.7/78 kB
2026.04.01 14:35:03 INFO  Progress (1): 16/78 kB 
2026.04.01 14:35:03 INFO  Progress (1): 24/78 kB
2026.04.01 14:35:03 INFO  Progress (1): 40/78 kB
2026.04.01 14:35:03 INFO  Progress (1): 57/78 kB
2026.04.01 14:35:03 INFO  Progress (1): 73/78 kB
2026.04.01 14:35:03 INFO  Progress (1): 78 kB   
2026.04.01 14:35:03 INFO                     
2026.04.01 14:35:03 INFO  Downloaded from central: https://repo.maven.apache.org/maven2/org/junit/platform/junit-platform-commons/1.10.2/junit-platform-commons-1.10.2-sources.jar (78 kB at 1.7 MB/s)
2026.04.01 14:35:03 INFO  [INFO] SUCCESS: org.junit.platform:junit-platform-commons:jar:1.10.2:test (sources = true)
2026.04.01 14:35:03 INFO  [INFO] Resolving artifact: jakarta.transaction:jakarta.transaction-api:jar:2.0.1:compile (sources = false)
2026.04.01 14:35:03 INFO  [INFO] SUCCESS: jakarta.transaction:jakarta.transaction-api:jar:2.0.1:compile (sources = false)
2026.04.01 14:35:03 INFO  [INFO] Resolving artifact: jakarta.transaction:jakarta.transaction-api:jar:2.0.1:compile (sources = true)
2026.04.01 14:35:03 INFO  [INFO] SUCCESS: jakarta.transaction:jakarta.transaction-api:jar:2.0.1:compile (sources = true)
2026.04.01 14:35:03 INFO  [INFO] Resolving artifact: com.fasterxml:classmate:jar:1.6.0:compile (sources = false)
2026.04.01 14:35:03 INFO  [INFO] SUCCESS: com.fasterxml:classmate:jar:1.6.0:compile (sources = false)
2026.04.01 14:35:03 INFO  [INFO] Resolving artifact: com.fasterxml:classmate:jar:1.6.0:compile (sources = true)
2026.04.01 14:35:03 INFO  Downloading from central: https://repo.maven.apache.org/maven2/com/fasterxml/classmate/1.6.0/classmate-1.6.0-sources.jar
2026.04.01 14:35:03 INFO  Progress (1): 7.7/53 kB
2026.04.01 14:35:03 INFO  Progress (1): 16/53 kB 
2026.04.01 14:35:03 INFO  Progress (1): 32/53 kB
2026.04.01 14:35:03 INFO  Progress (1): 49/53 kB
2026.04.01 14:35:03 INFO  Progress (1): 53 kB   
2026.04.01 14:35:03 INFO                     
2026.04.01 14:35:03 INFO  Downloaded from central: https://repo.maven.apache.org/maven2/com/fasterxml/classmate/1.6.0/classmate-1.6.0-sources.jar (53 kB at 1.1 MB/s)
2026.04.01 14:35:03 INFO  [INFO] SUCCESS: com.fasterxml:classmate:jar:1.6.0:compile (sources = true)
2026.04.01 14:35:03 INFO  [INFO] Resolving artifact: org.springframework.boot:spring-boot-test:jar:3.2.4:test (sources = false)
2026.04.01 14:35:03 INFO  [INFO] SUCCESS: org.springframework.boot:spring-boot-test:jar:3.2.4:test (sources = false)
2026.04.01 14:35:03 INFO  [INFO] Resolving artifact: org.springframework.boot:spring-boot-test:jar:3.2.4:test (sources = true)
2026.04.01 14:35:03 INFO  Downloading from central: https://repo.maven.apache.org/maven2/org/springframework/boot/spring-boot-test/3.2.4/spring-boot-test-3.2.4-sources.jar
2026.04.01 14:35:03 INFO  Progress (1): 7.7/169 kB
2026.04.01 14:35:03 INFO  Progress (1): 12/169 kB 
2026.04.01 14:35:03 INFO  Progress (1): 29/169 kB
2026.04.01 14:35:03 INFO  Progress (1): 45/169 kB
2026.04.01 14:35:03 INFO  Progress (1): 61/169 kB
2026.04.01 14:35:03 INFO  Progress (1): 78/169 kB
2026.04.01 14:35:03 INFO  Progress (1): 94/169 kB
2026.04.01 14:35:03 INFO  Progress (1): 111/169 kB
2026.04.01 14:35:03 INFO  Progress (1): 127/169 kB
2026.04.01 14:35:03 INFO  Progress (1): 143/169 kB
2026.04.01 14:35:03 INFO  Progress (1): 160/169 kB
2026.04.01 14:35:03 INFO  Progress (1): 169 kB    
2026.04.01 14:35:03 INFO                      
2026.04.01 14:35:03 INFO  Downloaded from central: https://repo.maven.apache.org/maven2/org/springframework/boot/spring-boot-test/3.2.4/spring-boot-test-3.2.4-sources.jar (169 kB at 3.1 MB/s)
2026.04.01 14:35:03 INFO  [INFO] SUCCESS: org.springframework.boot:spring-boot-test:jar:3.2.4:test (sources = true)
2026.04.01 14:35:03 INFO  [INFO] Resolving artifact: org.springframework.boot:spring-boot-starter-tomcat:jar:3.2.4:compile (sources = false)
2026.04.01 14:35:03 INFO  [INFO] SUCCESS: org.springframework.boot:spring-boot-starter-tomcat:jar:3.2.4:compile (sources = false)
2026.04.01 14:35:03 INFO  [INFO] Resolving artifact: org.springframework.boot:spring-boot-starter-tomcat:jar:3.2.4:compile (sources = true)
2026.04.01 14:35:03 INFO  Downloading from central: https://repo.maven.apache.org/maven2/org/springframework/boot/spring-boot-starter-tomcat/3.2.4/spring-boot-starter-tomcat-3.2.4-sources.jar
2026.04.01 14:35:03 INFO  Progress (1): 4.7 kB
2026.04.01 14:35:03 INFO                      
2026.04.01 14:35:03 INFO  Downloaded from central: https://repo.maven.apache.org/maven2/org/springframework/boot/spring-boot-starter-tomcat/3.2.4/spring-boot-starter-tomcat-3.2.4-sources.jar (4.7 kB at 113 kB/s)
2026.04.01 14:35:03 INFO  [INFO] SUCCESS: org.springframework.boot:spring-boot-starter-tomcat:jar:3.2.4:compile (sources = true)
2026.04.01 14:35:03 INFO  [INFO] Resolving artifact: org.springframework:spring-jdbc:jar:6.1.5:compile (sources = false)
2026.04.01 14:35:03 INFO  [INFO] SUCCESS: org.springframework:spring-jdbc:jar:6.1.5:compile (sources = false)
2026.04.01 14:35:03 INFO  [INFO] Resolving artifact: org.springframework:spring-jdbc:jar:6.1.5:compile (sources = true)
2026.04.01 14:35:03 INFO  Downloading from central: https://repo.maven.apache.org/maven2/org/springframework/spring-jdbc/6.1.5/spring-jdbc-6.1.5-sources.jar
2026.04.01 14:35:03 INFO  Progress (1): 7.7/452 kB
2026.04.01 14:35:03 INFO  Progress (1): 16/452 kB 
2026.04.01 14:35:03 INFO  Progress (1): 24/452 kB
2026.04.01 14:35:03 INFO  Progress (1): 40/452 kB
2026.04.01 14:35:03 INFO  Progress (1): 57/452 kB
2026.04.01 14:35:03 INFO  Progress (1): 73/452 kB
2026.04.01 14:35:03 INFO  Progress (1): 90/452 kB
2026.04.01 14:35:03 INFO  Progress (1): 106/452 kB
2026.04.01 14:35:03 INFO  Progress (1): 122/452 kB
2026.04.01 14:35:03 INFO  Progress (1): 139/452 kB
2026.04.01 14:35:03 INFO  Progress (1): 155/452 kB
2026.04.01 14:35:03 INFO  Progress (1): 172/452 kB
2026.04.01 14:35:03 INFO  Progress (1): 188/452 kB
2026.04.01 14:35:03 INFO  Progress (1): 204/452 kB
2026.04.01 14:35:03 INFO  Progress (1): 221/452 kB
2026.04.01 14:35:03 INFO  Progress (1): 237/452 kB
2026.04.01 14:35:03 INFO  Progress (1): 253/452 kB
2026.04.01 14:35:03 INFO  Progress (1): 270/452 kB
2026.04.01 14:35:03 INFO  Progress (1): 286/452 kB
2026.04.01 14:35:03 INFO  Progress (1): 303/452 kB
2026.04.01 14:35:03 INFO  Progress (1): 319/452 kB
2026.04.01 14:35:03 INFO  Progress (1): 335/452 kB
2026.04.01 14:35:03 INFO  Progress (1): 352/452 kB
2026.04.01 14:35:03 INFO  Progress (1): 368/452 kB
2026.04.01 14:35:03 INFO  Progress (1): 385/452 kB
2026.04.01 14:35:03 INFO  Progress (1): 401/452 kB
2026.04.01 14:35:03 INFO  Progress (1): 417/452 kB
2026.04.01 14:35:03 INFO  Progress (1): 434/452 kB
2026.04.01 14:35:03 INFO  Progress (1): 450/452 kB
2026.04.01 14:35:03 INFO  Progress (1): 452 kB    
2026.04.01 14:35:03 INFO                      
2026.04.01 14:35:03 INFO  Downloaded from central: https://repo.maven.apache.org/maven2/org/springframework/spring-jdbc/6.1.5/spring-jdbc-6.1.5-sources.jar (452 kB at 5.4 MB/s)
2026.04.01 14:35:03 INFO  [INFO] SUCCESS: org.springframework:spring-jdbc:jar:6.1.5:compile (sources = true)
2026.04.01 14:35:03 INFO  [INFO] Resolving artifact: org.glassfish.jaxb:jaxb-runtime:jar:4.0.5:runtime (sources = false)
2026.04.01 14:35:03 INFO  [INFO] SUCCESS: org.glassfish.jaxb:jaxb-runtime:jar:4.0.5:runtime (sources = false)
2026.04.01 14:35:03 INFO  [INFO] Resolving artifact: org.glassfish.jaxb:jaxb-runtime:jar:4.0.5:runtime (sources = true)
2026.04.01 14:35:03 INFO  [INFO] SUCCESS: org.glassfish.jaxb:jaxb-runtime:jar:4.0.5:runtime (sources = true)
2026.04.01 14:35:03 INFO  [INFO] Resolving artifact: com.zaxxer:HikariCP:jar:5.0.1:compile (sources = false)
2026.04.01 14:35:03 INFO  [INFO] SUCCESS: com.zaxxer:HikariCP:jar:5.0.1:compile (sources = false)
2026.04.01 14:35:03 INFO  [INFO] Resolving artifact: com.zaxxer:HikariCP:jar:5.0.1:compile (sources = true)
2026.04.01 14:35:03 INFO  Downloading from central: https://repo.maven.apache.org/maven2/com/zaxxer/HikariCP/5.0.1/HikariCP-5.0.1-sources.jar
2026.04.01 14:35:03 INFO  Progress (1): 7.7/240 kB
2026.04.01 14:35:03 INFO  Progress (1): 8.2/240 kB
2026.04.01 14:35:03 INFO  Progress (1): 25/240 kB 
2026.04.01 14:35:03 INFO  Progress (1): 33/240 kB
2026.04.01 14:35:03 INFO  Progress (1): 49/240 kB
2026.04.01 14:35:03 INFO  Progress (1): 66/240 kB
2026.04.01 14:35:03 INFO  Progress (1): 82/240 kB
2026.04.01 14:35:03 INFO  Progress (1): 90/240 kB
2026.04.01 14:35:03 INFO  Progress (1): 106/240 kB
2026.04.01 14:35:03 INFO  Progress (1): 115/240 kB
2026.04.01 14:35:03 INFO  Progress (1): 131/240 kB
2026.04.01 14:35:03 INFO  Progress (1): 147/240 kB
2026.04.01 14:35:03 INFO  Progress (1): 164/240 kB
2026.04.01 14:35:03 INFO  Progress (1): 180/240 kB
2026.04.01 14:35:03 INFO  Progress (1): 197/240 kB
2026.04.01 14:35:03 INFO  Progress (1): 213/240 kB
2026.04.01 14:35:03 INFO  Progress (1): 229/240 kB
2026.04.01 14:35:03 INFO  Progress (1): 240 kB    
2026.04.01 14:35:03 INFO                      
2026.04.01 14:35:03 INFO  Downloaded from central: https://repo.maven.apache.org/maven2/com/zaxxer/HikariCP/5.0.1/HikariCP-5.0.1-sources.jar (240 kB at 4.0 MB/s)
2026.04.01 14:35:03 INFO  [INFO] SUCCESS: com.zaxxer:HikariCP:jar:5.0.1:compile (sources = true)
2026.04.01 14:35:03 INFO  [INFO] Resolving artifact: org.yaml:snakeyaml:jar:2.2:compile (sources = false)
2026.04.01 14:35:03 INFO  [INFO] SUCCESS: org.yaml:snakeyaml:jar:2.2:compile (sources = false)
2026.04.01 14:35:03 INFO  [INFO] Resolving artifact: org.yaml:snakeyaml:jar:2.2:compile (sources = true)
2026.04.01 14:35:03 INFO  Downloading from central: https://repo.maven.apache.org/maven2/org/yaml/snakeyaml/2.2/snakeyaml-2.2-sources.jar
2026.04.01 14:35:03 INFO  Progress (1): 7.7/207 kB
2026.04.01 14:35:03 INFO  Progress (1): 16/207 kB 
2026.04.01 14:35:03 INFO  Progress (1): 24/207 kB
2026.04.01 14:35:03 INFO  Progress (1): 40/207 kB
2026.04.01 14:35:03 INFO  Progress (1): 57/207 kB
2026.04.01 14:35:03 INFO  Progress (1): 73/207 kB
2026.04.01 14:35:03 INFO  Progress (1): 90/207 kB
2026.04.01 14:35:03 INFO  Progress (1): 106/207 kB
2026.04.01 14:35:03 INFO  Progress (1): 122/207 kB
2026.04.01 14:35:03 INFO  Progress (1): 139/207 kB
2026.04.01 14:35:03 INFO  Progress (1): 139/207 kB
2026.04.01 14:35:03 INFO  Progress (1): 156/207 kB
2026.04.01 14:35:03 INFO  Progress (1): 172/207 kB
2026.04.01 14:35:03 INFO  Progress (1): 188/207 kB
2026.04.01 14:35:03 INFO  Progress (1): 204/207 kB
2026.04.01 14:35:03 INFO  Progress (1): 207 kB    
2026.04.01 14:35:03 INFO                      
2026.04.01 14:35:03 INFO  Downloaded from central: https://repo.maven.apache.org/maven2/org/yaml/snakeyaml/2.2/snakeyaml-2.2-sources.jar (207 kB at 3.6 MB/s)
2026.04.01 14:35:03 INFO  [INFO] SUCCESS: org.yaml:snakeyaml:jar:2.2:compile (sources = true)
2026.04.01 14:35:03 INFO  [INFO] Resolving artifact: org.mockito:mockito-core:jar:5.7.0:test (sources = false)
2026.04.01 14:35:03 INFO  [INFO] SUCCESS: org.mockito:mockito-core:jar:5.7.0:test (sources = false)
2026.04.01 14:35:03 INFO  [INFO] Resolving artifact: org.mockito:mockito-core:jar:5.7.0:test (sources = true)
2026.04.01 14:35:03 INFO  Downloading from central: https://repo.maven.apache.org/maven2/org/mockito/mockito-core/5.7.0/mockito-core-5.7.0-sources.jar
2026.04.01 14:35:03 INFO  Progress (1): 16/536 kB
2026.04.01 14:35:03 INFO  Progress (1): 33/536 kB
2026.04.01 14:35:03 INFO  Progress (1): 49/536 kB
2026.04.01 14:35:03 INFO  Progress (1): 66/536 kB
2026.04.01 14:35:03 INFO  Progress (1): 82/536 kB
2026.04.01 14:35:03 INFO  Progress (1): 98/536 kB
2026.04.01 14:35:03 INFO  Progress (1): 115/536 kB
2026.04.01 14:35:03 INFO  Progress (1): 131/536 kB
2026.04.01 14:35:03 INFO  Progress (1): 147/536 kB
2026.04.01 14:35:03 INFO  Progress (1): 164/536 kB
2026.04.01 14:35:03 INFO  Progress (1): 180/536 kB
2026.04.01 14:35:03 INFO  Progress (1): 197/536 kB
2026.04.01 14:35:03 INFO  Progress (1): 213/536 kB
2026.04.01 14:35:03 INFO  Progress (1): 229/536 kB
2026.04.01 14:35:03 INFO  Progress (1): 246/536 kB
2026.04.01 14:35:03 INFO  Progress (1): 262/536 kB
2026.04.01 14:35:03 INFO  Progress (1): 279/536 kB
2026.04.01 14:35:03 INFO  Progress (1): 295/536 kB
2026.04.01 14:35:03 INFO  Progress (1): 311/536 kB
2026.04.01 14:35:03 INFO  Progress (1): 328/536 kB
2026.04.01 14:35:03 INFO  Progress (1): 344/536 kB
2026.04.01 14:35:03 INFO  Progress (1): 360/536 kB
2026.04.01 14:35:03 INFO  Progress (1): 377/536 kB
2026.04.01 14:35:03 INFO  Progress (1): 393/536 kB
2026.04.01 14:35:03 INFO  Progress (1): 410/536 kB
2026.04.01 14:35:03 INFO  Progress (1): 426/536 kB
2026.04.01 14:35:03 INFO  Progress (1): 442/536 kB
2026.04.01 14:35:03 INFO  Progress (1): 459/536 kB
2026.04.01 14:35:03 INFO  Progress (1): 475/536 kB
2026.04.01 14:35:03 INFO  Progress (1): 492/536 kB
2026.04.01 14:35:03 INFO  Progress (1): 508/536 kB
2026.04.01 14:35:03 INFO  Progress (1): 524/536 kB
2026.04.01 14:35:03 INFO  Progress (1): 536 kB    
2026.04.01 14:35:03 INFO                      
2026.04.01 14:35:03 INFO  Downloaded from central: https://repo.maven.apache.org/maven2/org/mockito/mockito-core/5.7.0/mockito-core-5.7.0-sources.jar (536 kB at 5.5 MB/s)
2026.04.01 14:35:03 INFO  [INFO] SUCCESS: org.mockito:mockito-core:jar:5.7.0:test (sources = true)
2026.04.01 14:35:03 INFO  [INFO] Resolving artifact: net.minidev:json-smart:jar:2.5.0:test (sources = false)
2026.04.01 14:35:03 INFO  [INFO] SUCCESS: net.minidev:json-smart:jar:2.5.0:test (sources = false)
2026.04.01 14:35:03 INFO  [INFO] Resolving artifact: net.minidev:json-smart:jar:2.5.0:test (sources = true)
2026.04.01 14:35:03 INFO  Downloading from central: https://repo.maven.apache.org/maven2/net/minidev/json-smart/2.5.0/json-smart-2.5.0-sources.jar
2026.04.01 14:35:03 INFO  Progress (1): 7.7/65 kB
2026.04.01 14:35:03 INFO  Progress (1): 16/65 kB 
2026.04.01 14:35:03 INFO  Progress (1): 32/65 kB
2026.04.01 14:35:03 INFO  Progress (1): 48/65 kB
2026.04.01 14:35:03 INFO  Progress (1): 65/65 kB
2026.04.01 14:35:03 INFO  Progress (1): 65 kB   
2026.04.01 14:35:03 INFO                     
2026.04.01 14:35:03 INFO  Downloaded from central: https://repo.maven.apache.org/maven2/net/minidev/json-smart/2.5.0/json-smart-2.5.0-sources.jar (65 kB at 1.3 MB/s)
2026.04.01 14:35:03 INFO  [INFO] SUCCESS: net.minidev:json-smart:jar:2.5.0:test (sources = true)
2026.04.01 14:35:03 INFO  [INFO] Resolving artifact: org.mockito:mockito-junit-jupiter:jar:5.7.0:test (sources = false)
2026.04.01 14:35:03 INFO  [INFO] SUCCESS: org.mockito:mockito-junit-jupiter:jar:5.7.0:test (sources = false)
2026.04.01 14:35:03 INFO  [INFO] Resolving artifact: org.mockito:mockito-junit-jupiter:jar:5.7.0:test (sources = true)
2026.04.01 14:35:03 INFO  Downloading from central: https://repo.maven.apache.org/maven2/org/mockito/mockito-junit-jupiter/5.7.0/mockito-junit-jupiter-5.7.0-sources.jar
2026.04.01 14:35:03 INFO  Progress (1): 6.3 kB
2026.04.01 14:35:03 INFO                      
2026.04.01 14:35:03 INFO  Downloaded from central: https://repo.maven.apache.org/maven2/org/mockito/mockito-junit-jupiter/5.7.0/mockito-junit-jupiter-5.7.0-sources.jar (6.3 kB at 143 kB/s)
2026.04.01 14:35:03 INFO  [INFO] SUCCESS: org.mockito:mockito-junit-jupiter:jar:5.7.0:test (sources = true)
2026.04.01 14:35:03 INFO  [INFO] Resolving artifact: org.jboss.logging:jboss-logging:jar:3.5.3.Final:compile (sources = false)
2026.04.01 14:35:03 INFO  [INFO] SUCCESS: org.jboss.logging:jboss-logging:jar:3.5.3.Final:compile (sources = false)
2026.04.01 14:35:03 INFO  [INFO] Resolving artifact: org.jboss.logging:jboss-logging:jar:3.5.3.Final:compile (sources = true)
2026.04.01 14:35:03 INFO  Downloading from central: https://repo.maven.apache.org/maven2/org/jboss/logging/jboss-logging/3.5.3.Final/jboss-logging-3.5.3.Final-sources.jar
2026.04.01 14:35:03 INFO  Progress (1): 7.7/46 kB
2026.04.01 14:35:03 INFO  Progress (1): 16/46 kB 
2026.04.01 14:35:03 INFO  Progress (1): 32/46 kB
2026.04.01 14:35:03 INFO  Progress (1): 46 kB   
2026.04.01 14:35:03 INFO                     
2026.04.01 14:35:03 INFO  Downloaded from central: https://repo.maven.apache.org/maven2/org/jboss/logging/jboss-logging/3.5.3.Final/jboss-logging-3.5.3.Final-sources.jar (46 kB at 1.0 MB/s)
2026.04.01 14:35:03 INFO  [INFO] SUCCESS: org.jboss.logging:jboss-logging:jar:3.5.3.Final:compile (sources = true)
2026.04.01 14:35:03 INFO  [INFO] Resolving artifact: org.springframework:spring-beans:jar:6.1.5:compile (sources = false)
2026.04.01 14:35:03 INFO  [INFO] SUCCESS: org.springframework:spring-beans:jar:6.1.5:compile (sources = false)
2026.04.01 14:35:03 INFO  [INFO] Resolving artifact: org.springframework:spring-beans:jar:6.1.5:compile (sources = true)
2026.04.01 14:35:03 INFO  Downloading from central: https://repo.maven.apache.org/maven2/org/springframework/spring-beans/6.1.5/spring-beans-6.1.5-sources.jar
2026.04.01 14:35:03 INFO  Progress (1): 7.7/722 kB
2026.04.01 14:35:03 INFO  Progress (1): 7.7/722 kB
2026.04.01 14:35:03 INFO  Progress (1): 24/722 kB 
2026.04.01 14:35:03 INFO  Progress (1): 40/722 kB
2026.04.01 14:35:03 INFO  Progress (1): 57/722 kB
2026.04.01 14:35:03 INFO  Progress (1): 73/722 kB
2026.04.01 14:35:03 INFO  Progress (1): 90/722 kB
2026.04.01 14:35:03 INFO  Progress (1): 106/722 kB
2026.04.01 14:35:03 INFO  Progress (1): 122/722 kB
2026.04.01 14:35:03 INFO  Progress (1): 139/722 kB
2026.04.01 14:35:03 INFO  Progress (1): 155/722 kB
2026.04.01 14:35:03 INFO  Progress (1): 172/722 kB
2026.04.01 14:35:03 INFO  Progress (1): 188/722 kB
2026.04.01 14:35:03 INFO  Progress (1): 204/722 kB
2026.04.01 14:35:03 INFO  Progress (1): 221/722 kB
2026.04.01 14:35:03 INFO  Progress (1): 237/722 kB
2026.04.01 14:35:03 INFO  Progress (1): 253/722 kB
2026.04.01 14:35:03 INFO  Progress (1): 270/722 kB
2026.04.01 14:35:03 INFO  Progress (1): 286/722 kB
2026.04.01 14:35:03 INFO  Progress (1): 303/722 kB
2026.04.01 14:35:03 INFO  Progress (1): 319/722 kB
2026.04.01 14:35:03 INFO  Progress (1): 335/722 kB
2026.04.01 14:35:03 INFO  Progress (1): 352/722 kB
2026.04.01 14:35:03 INFO  Progress (1): 368/722 kB
2026.04.01 14:35:03 INFO  Progress (1): 385/722 kB
2026.04.01 14:35:03 INFO  Progress (1): 401/722 kB
2026.04.01 14:35:03 INFO  Progress (1): 417/722 kB
2026.04.01 14:35:03 INFO  Progress (1): 434/722 kB
2026.04.01 14:35:03 INFO  Progress (1): 450/722 kB
2026.04.01 14:35:03 INFO  Progress (1): 466/722 kB
2026.04.01 14:35:03 INFO  Progress (1): 483/722 kB
2026.04.01 14:35:04 INFO  Progress (1): 499/722 kB
2026.04.01 14:35:04 INFO  Progress (1): 516/722 kB
2026.04.01 14:35:04 INFO  Progress (1): 532/722 kB
2026.04.01 14:35:04 INFO  Progress (1): 548/722 kB
2026.04.01 14:35:04 INFO  Progress (1): 565/722 kB
2026.04.01 14:35:04 INFO  Progress (1): 581/722 kB
2026.04.01 14:35:04 INFO  Progress (1): 598/722 kB
2026.04.01 14:35:04 INFO  Progress (1): 614/722 kB
2026.04.01 14:35:04 INFO  Progress (1): 630/722 kB
2026.04.01 14:35:04 INFO  Progress (1): 647/722 kB
2026.04.01 14:35:04 INFO  Progress (1): 663/722 kB
2026.04.01 14:35:04 INFO  Progress (1): 679/722 kB
2026.04.01 14:35:04 INFO  Progress (1): 696/722 kB
2026.04.01 14:35:04 INFO  Progress (1): 712/722 kB
2026.04.01 14:35:04 INFO  Progress (1): 722 kB    
2026.04.01 14:35:04 INFO                      
2026.04.01 14:35:04 INFO  Downloaded from central: https://repo.maven.apache.org/maven2/org/springframework/spring-beans/6.1.5/spring-beans-6.1.5-sources.jar (722 kB at 6.0 MB/s)
2026.04.01 14:35:04 INFO  [INFO] SUCCESS: org.springframework:spring-beans:jar:6.1.5:compile (sources = true)
2026.04.01 14:35:04 INFO  [INFO] Resolving artifact: org.springframework.security:spring-security-core:jar:6.2.3:compile (sources = false)
2026.04.01 14:35:04 INFO  [INFO] SUCCESS: org.springframework.security:spring-security-core:jar:6.2.3:compile (sources = false)
2026.04.01 14:35:04 INFO  [INFO] Resolving artifact: org.springframework.security:spring-security-core:jar:6.2.3:compile (sources = true)
2026.04.01 14:35:04 INFO  Downloading from central: https://repo.maven.apache.org/maven2/org/springframework/security/spring-security-core/6.2.3/spring-security-core-6.2.3-sources.jar
2026.04.01 14:35:04 INFO  Progress (1): 7.7/505 kB
2026.04.01 14:35:04 INFO  Progress (1): 16/505 kB 
2026.04.01 14:35:04 INFO  Progress (1): 29/505 kB
2026.04.01 14:35:04 INFO  Progress (1): 45/505 kB
2026.04.01 14:35:04 INFO  Progress (1): 61/505 kB
2026.04.01 14:35:04 INFO  Progress (1): 78/505 kB
2026.04.01 14:35:04 INFO  Progress (1): 94/505 kB
2026.04.01 14:35:04 INFO  Progress (1): 111/505 kB
2026.04.01 14:35:04 INFO  Progress (1): 127/505 kB
2026.04.01 14:35:04 INFO  Progress (1): 143/505 kB
2026.04.01 14:35:04 INFO  Progress (1): 160/505 kB
2026.04.01 14:35:04 INFO  Progress (1): 176/505 kB
2026.04.01 14:35:04 INFO  Progress (1): 193/505 kB
2026.04.01 14:35:04 INFO  Progress (1): 209/505 kB
2026.04.01 14:35:04 INFO  Progress (1): 225/505 kB
2026.04.01 14:35:04 INFO  Progress (1): 242/505 kB
2026.04.01 14:35:04 INFO  Progress (1): 258/505 kB
2026.04.01 14:35:04 INFO  Progress (1): 274/505 kB
2026.04.01 14:35:04 INFO  Progress (1): 291/505 kB
2026.04.01 14:35:04 INFO  Progress (1): 307/505 kB
2026.04.01 14:35:04 INFO  Progress (1): 324/505 kB
2026.04.01 14:35:04 INFO  Progress (1): 340/505 kB
2026.04.01 14:35:04 INFO  Progress (1): 356/505 kB
2026.04.01 14:35:04 INFO  Progress (1): 373/505 kB
2026.04.01 14:35:04 INFO  Progress (1): 389/505 kB
2026.04.01 14:35:04 INFO  Progress (1): 406/505 kB
2026.04.01 14:35:04 INFO  Progress (1): 422/505 kB
2026.04.01 14:35:04 INFO  Progress (1): 438/505 kB
2026.04.01 14:35:04 INFO  Progress (1): 455/505 kB
2026.04.01 14:35:04 INFO  Progress (1): 471/505 kB
2026.04.01 14:35:04 INFO  Progress (1): 487/505 kB
2026.04.01 14:35:04 INFO  Progress (1): 504/505 kB
2026.04.01 14:35:04 INFO  Progress (1): 505 kB    
2026.04.01 14:35:04 INFO                      
2026.04.01 14:35:04 INFO  Downloaded from central: https://repo.maven.apache.org/maven2/org/springframework/security/spring-security-core/6.2.3/spring-security-core-6.2.3-sources.jar (505 kB at 5.7 MB/s)
2026.04.01 14:35:04 INFO  [INFO] SUCCESS: org.springframework.security:spring-security-core:jar:6.2.3:compile (sources = true)
2026.04.01 14:35:04 INFO  [INFO] Resolving artifact: net.minidev:accessors-smart:jar:2.5.0:test (sources = false)
2026.04.01 14:35:04 INFO  [INFO] SUCCESS: net.minidev:accessors-smart:jar:2.5.0:test (sources = false)
2026.04.01 14:35:04 INFO  [INFO] Resolving artifact: net.minidev:accessors-smart:jar:2.5.0:test (sources = true)
2026.04.01 14:35:04 INFO  Downloading from central: https://repo.maven.apache.org/maven2/net/minidev/accessors-smart/2.5.0/accessors-smart-2.5.0-sources.jar
2026.04.01 14:35:04 INFO  Progress (1): 7.7/20 kB
2026.04.01 14:35:04 INFO  Progress (1): 16/20 kB 
2026.04.01 14:35:04 INFO  Progress (1): 20 kB   
2026.04.01 14:35:04 INFO                     
2026.04.01 14:35:04 INFO  Downloaded from central: https://repo.maven.apache.org/maven2/net/minidev/accessors-smart/2.5.0/accessors-smart-2.5.0-sources.jar (20 kB at 617 kB/s)
2026.04.01 14:35:04 INFO  [INFO] SUCCESS: net.minidev:accessors-smart:jar:2.5.0:test (sources = true)
2026.04.01 14:35:04 INFO  [INFO] Resolving artifact: org.assertj:assertj-core:jar:3.24.2:test (sources = false)
2026.04.01 14:35:04 INFO  [INFO] SUCCESS: org.assertj:assertj-core:jar:3.24.2:test (sources = false)
2026.04.01 14:35:04 INFO  [INFO] Resolving artifact: org.assertj:assertj-core:jar:3.24.2:test (sources = true)
2026.04.01 14:35:04 INFO  Downloading from central: https://repo.maven.apache.org/maven2/org/assertj/assertj-core/3.24.2/assertj-core-3.24.2-sources.jar
2026.04.01 14:35:04 INFO  Progress (1): 0/1.4 MB
2026.04.01 14:35:04 INFO  Progress (1): 0/1.4 MB
2026.04.01 14:35:04 INFO  Progress (1): 0/1.4 MB
2026.04.01 14:35:04 INFO  Progress (1): 0/1.4 MB
2026.04.01 14:35:04 INFO  Progress (1): 0.1/1.4 MB
2026.04.01 14:35:04 INFO  Progress (1): 0.1/1.4 MB
2026.04.01 14:35:04 INFO  Progress (1): 0.1/1.4 MB
2026.04.01 14:35:04 INFO  Progress (1): 0.1/1.4 MB
2026.04.01 14:35:04 INFO  Progress (1): 0.1/1.4 MB
2026.04.01 14:35:04 INFO  Progress (1): 0.1/1.4 MB
2026.04.01 14:35:04 INFO  Progress (1): 0.2/1.4 MB
2026.04.01 14:35:04 INFO  Progress (1): 0.2/1.4 MB
2026.04.01 14:35:04 INFO  Progress (1): 0.2/1.4 MB
2026.04.01 14:35:04 INFO  Progress (1): 0.2/1.4 MB
2026.04.01 14:35:04 INFO  Progress (1): 0.2/1.4 MB
2026.04.01 14:35:04 INFO  Progress (1): 0.2/1.4 MB
2026.04.01 14:35:04 INFO  Progress (1): 0.3/1.4 MB
2026.04.01 14:35:04 INFO  Progress (1): 0.3/1.4 MB
2026.04.01 14:35:04 INFO  Progress (1): 0.3/1.4 MB
2026.04.01 14:35:04 INFO  Progress (1): 0.3/1.4 MB
2026.04.01 14:35:04 INFO  Progress (1): 0.3/1.4 MB
2026.04.01 14:35:04 INFO  Progress (1): 0.3/1.4 MB
2026.04.01 14:35:04 INFO  Progress (1): 0.4/1.4 MB
2026.04.01 14:35:04 INFO  Progress (1): 0.4/1.4 MB
2026.04.01 14:35:04 INFO  Progress (1): 0.4/1.4 MB
2026.04.01 14:35:04 INFO  Progress (1): 0.4/1.4 MB
2026.04.01 14:35:04 INFO  Progress (1): 0.4/1.4 MB
2026.04.01 14:35:04 INFO  Progress (1): 0.4/1.4 MB
2026.04.01 14:35:04 INFO  Progress (1): 0.5/1.4 MB
2026.04.01 14:35:04 INFO  Progress (1): 0.5/1.4 MB
2026.04.01 14:35:04 INFO  Progress (1): 0.5/1.4 MB
2026.04.01 14:35:04 INFO  Progress (1): 0.5/1.4 MB
2026.04.01 14:35:04 INFO  Progress (1): 0.5/1.4 MB
2026.04.01 14:35:04 INFO  Progress (1): 0.5/1.4 MB
2026.04.01 14:35:04 INFO  Progress (1): 0.6/1.4 MB
2026.04.01 14:35:04 INFO  Progress (1): 0.6/1.4 MB
2026.04.01 14:35:04 INFO  Progress (1): 0.6/1.4 MB
2026.04.01 14:35:04 INFO  Progress (1): 0.6/1.4 MB
2026.04.01 14:35:04 INFO  Progress (1): 0.6/1.4 MB
2026.04.01 14:35:04 INFO  Progress (1): 0.6/1.4 MB
2026.04.01 14:35:04 INFO  Progress (1): 0.7/1.4 MB
2026.04.01 14:35:04 INFO  Progress (1): 0.7/1.4 MB
2026.04.01 14:35:04 INFO  Progress (1): 0.7/1.4 MB
2026.04.01 14:35:04 INFO  Progress (1): 0.7/1.4 MB
2026.04.01 14:35:04 INFO  Progress (1): 0.7/1.4 MB
2026.04.01 14:35:04 INFO  Progress (1): 0.7/1.4 MB
2026.04.01 14:35:04 INFO  Progress (1): 0.7/1.4 MB
2026.04.01 14:35:04 INFO  Progress (1): 0.8/1.4 MB
2026.04.01 14:35:04 INFO  Progress (1): 0.8/1.4 MB
2026.04.01 14:35:04 INFO  Progress (1): 0.8/1.4 MB
2026.04.01 14:35:04 INFO  Progress (1): 0.8/1.4 MB
2026.04.01 14:35:04 INFO  Progress (1): 0.8/1.4 MB
2026.04.01 14:35:04 INFO  Progress (1): 0.8/1.4 MB
2026.04.01 14:35:04 INFO  Progress (1): 0.9/1.4 MB
2026.04.01 14:35:04 INFO  Progress (1): 0.9/1.4 MB
2026.04.01 14:35:04 INFO  Progress (1): 0.9/1.4 MB
2026.04.01 14:35:04 INFO  Progress (1): 0.9/1.4 MB
2026.04.01 14:35:04 INFO  Progress (1): 0.9/1.4 MB
2026.04.01 14:35:04 INFO  Progress (1): 0.9/1.4 MB
2026.04.01 14:35:04 INFO  Progress (1): 0.9/1.4 MB
2026.04.01 14:35:04 INFO  Progress (1): 1.0/1.4 MB
2026.04.01 14:35:04 INFO  Progress (1): 1.0/1.4 MB
2026.04.01 14:35:04 INFO  Progress (1): 1.0/1.4 MB
2026.04.01 14:35:04 INFO  Progress (1): 1.0/1.4 MB
2026.04.01 14:35:04 INFO  Progress (1): 1.0/1.4 MB
2026.04.01 14:35:04 INFO  Progress (1): 1.0/1.4 MB
2026.04.01 14:35:04 INFO  Progress (1): 1.1/1.4 MB
2026.04.01 14:35:04 INFO  Progress (1): 1.1/1.4 MB
2026.04.01 14:35:04 INFO  Progress (1): 1.1/1.4 MB
2026.04.01 14:35:04 INFO  Progress (1): 1.1/1.4 MB
2026.04.01 14:35:04 INFO  Progress (1): 1.1/1.4 MB
2026.04.01 14:35:04 INFO  Progress (1): 1.1/1.4 MB
2026.04.01 14:35:04 INFO  Progress (1): 1.2/1.4 MB
2026.04.01 14:35:04 INFO  Progress (1): 1.2/1.4 MB
2026.04.01 14:35:04 INFO  Progress (1): 1.2/1.4 MB
2026.04.01 14:35:04 INFO  Progress (1): 1.2/1.4 MB
2026.04.01 14:35:04 INFO  Progress (1): 1.2/1.4 MB
2026.04.01 14:35:04 INFO  Progress (1): 1.2/1.4 MB
2026.04.01 14:35:04 INFO  Progress (1): 1.3/1.4 MB
2026.04.01 14:35:04 INFO  Progress (1): 1.3/1.4 MB
2026.04.01 14:35:04 INFO  Progress (1): 1.3/1.4 MB
2026.04.01 14:35:04 INFO  Progress (1): 1.3/1.4 MB
2026.04.01 14:35:04 INFO  Progress (1): 1.3/1.4 MB
2026.04.01 14:35:04 INFO  Progress (1): 1.3/1.4 MB
2026.04.01 14:35:04 INFO  Progress (1): 1.3/1.4 MB
2026.04.01 14:35:04 INFO  Progress (1): 1.4/1.4 MB
2026.04.01 14:35:04 INFO  Progress (1): 1.4/1.4 MB
2026.04.01 14:35:04 INFO  Progress (1): 1.4/1.4 MB
2026.04.01 14:35:04 INFO  Progress (1): 1.4 MB    
2026.04.01 14:35:04 INFO                      
2026.04.01 14:35:04 INFO  Downloaded from central: https://repo.maven.apache.org/maven2/org/assertj/assertj-core/3.24.2/assertj-core-3.24.2-sources.jar (1.4 MB at 6.4 MB/s)
2026.04.01 14:35:04 INFO  [INFO] SUCCESS: org.assertj:assertj-core:jar:3.24.2:test (sources = true)
2026.04.01 14:35:04 INFO  [INFO] Resolving artifact: org.checkerframework:checker-qual:jar:3.31.0:runtime (sources = false)
2026.04.01 14:35:04 INFO  [INFO] SUCCESS: org.checkerframework:checker-qual:jar:3.31.0:runtime (sources = false)
2026.04.01 14:35:04 INFO  [INFO] Resolving artifact: org.checkerframework:checker-qual:jar:3.31.0:runtime (sources = true)
2026.04.01 14:35:04 INFO  Downloading from central: https://repo.maven.apache.org/maven2/org/checkerframework/checker-qual/3.31.0/checker-qual-3.31.0-sources.jar
2026.04.01 14:35:04 INFO  Progress (1): 7.7/255 kB
2026.04.01 14:35:04 INFO  Progress (1): 12/255 kB 
2026.04.01 14:35:04 INFO  Progress (1): 29/255 kB
2026.04.01 14:35:04 INFO  Progress (1): 45/255 kB
2026.04.01 14:35:04 INFO  Progress (1): 61/255 kB
2026.04.01 14:35:04 INFO  Progress (1): 78/255 kB
2026.04.01 14:35:04 INFO  Progress (1): 94/255 kB
2026.04.01 14:35:04 INFO  Progress (1): 111/255 kB
2026.04.01 14:35:04 INFO  Progress (1): 127/255 kB
2026.04.01 14:35:04 INFO  Progress (1): 143/255 kB
2026.04.01 14:35:04 INFO  Progress (1): 160/255 kB
2026.04.01 14:35:04 INFO  Progress (1): 176/255 kB
2026.04.01 14:35:04 INFO  Progress (1): 193/255 kB
2026.04.01 14:35:04 INFO  Progress (1): 209/255 kB
2026.04.01 14:35:04 INFO  Progress (1): 225/255 kB
2026.04.01 14:35:04 INFO  Progress (1): 242/255 kB
2026.04.01 14:35:04 INFO  Progress (1): 255 kB    
2026.04.01 14:35:04 INFO                      
2026.04.01 14:35:04 INFO  Downloaded from central: https://repo.maven.apache.org/maven2/org/checkerframework/checker-qual/3.31.0/checker-qual-3.31.0-sources.jar (255 kB at 4.4 MB/s)
2026.04.01 14:35:04 INFO  [INFO] SUCCESS: org.checkerframework:checker-qual:jar:3.31.0:runtime (sources = true)
2026.04.01 14:35:04 INFO  [INFO] Resolving artifact: org.slf4j:slf4j-api:jar:2.0.12:compile (sources = false)
2026.04.01 14:35:04 INFO  [INFO] SUCCESS: org.slf4j:slf4j-api:jar:2.0.12:compile (sources = false)
2026.04.01 14:35:04 INFO  [INFO] Resolving artifact: org.slf4j:slf4j-api:jar:2.0.12:compile (sources = true)
2026.04.01 14:35:04 INFO  Downloading from central: https://repo.maven.apache.org/maven2/org/slf4j/slf4j-api/2.0.12/slf4j-api-2.0.12-sources.jar
2026.04.01 14:35:04 INFO  Progress (1): 7.7/75 kB
2026.04.01 14:35:04 INFO  Progress (1): 16/75 kB 
2026.04.01 14:35:04 INFO  Progress (1): 32/75 kB
2026.04.01 14:35:04 INFO  Progress (1): 49/75 kB
2026.04.01 14:35:04 INFO  Progress (1): 65/75 kB
2026.04.01 14:35:04 INFO  Progress (1): 75 kB   
2026.04.01 14:35:04 INFO                     
2026.04.01 14:35:04 INFO  Downloaded from central: https://repo.maven.apache.org/maven2/org/slf4j/slf4j-api/2.0.12/slf4j-api-2.0.12-sources.jar (75 kB at 1.6 MB/s)
2026.04.01 14:35:04 INFO  [INFO] SUCCESS: org.slf4j:slf4j-api:jar:2.0.12:compile (sources = true)
2026.04.01 14:35:04 INFO  [INFO] Resolving artifact: io.jsonwebtoken:jjwt-jackson:jar:0.11.5:runtime (sources = false)
2026.04.01 14:35:04 INFO  [INFO] SUCCESS: io.jsonwebtoken:jjwt-jackson:jar:0.11.5:runtime (sources = false)
2026.04.01 14:35:04 INFO  [INFO] Resolving artifact: io.jsonwebtoken:jjwt-jackson:jar:0.11.5:runtime (sources = true)
2026.04.01 14:35:04 INFO  Downloading from central: https://repo.maven.apache.org/maven2/io/jsonwebtoken/jjwt-jackson/0.11.5/jjwt-jackson-0.11.5-sources.jar
2026.04.01 14:35:04 INFO  Progress (1): 6.7 kB
2026.04.01 14:35:04 INFO                      
2026.04.01 14:35:04 INFO  Downloaded from central: https://repo.maven.apache.org/maven2/io/jsonwebtoken/jjwt-jackson/0.11.5/jjwt-jackson-0.11.5-sources.jar (6.7 kB at 163 kB/s)
2026.04.01 14:35:04 INFO  [INFO] SUCCESS: io.jsonwebtoken:jjwt-jackson:jar:0.11.5:runtime (sources = true)
2026.04.01 14:35:04 INFO  [INFO] Resolving artifact: com.fasterxml.jackson.datatype:jackson-datatype-jsr310:jar:2.15.4:compile (sources = false)
2026.04.01 14:35:04 INFO  [INFO] SUCCESS: com.fasterxml.jackson.datatype:jackson-datatype-jsr310:jar:2.15.4:compile (sources = false)
2026.04.01 14:35:04 INFO  [INFO] Resolving artifact: com.fasterxml.jackson.datatype:jackson-datatype-jsr310:jar:2.15.4:compile (sources = true)
2026.04.01 14:35:04 INFO  Downloading from central: https://repo.maven.apache.org/maven2/com/fasterxml/jackson/datatype/jackson-datatype-jsr310/2.15.4/jackson-datatype-jsr310-2.15.4-sources.jar
2026.04.01 14:35:04 INFO  Progress (1): 7.7/84 kB
2026.04.01 14:35:04 INFO  Progress (1): 16/84 kB 
2026.04.01 14:35:04 INFO  Progress (1): 32/84 kB
2026.04.01 14:35:04 INFO  Progress (1): 49/84 kB
2026.04.01 14:35:04 INFO  Progress (1): 65/84 kB
2026.04.01 14:35:04 INFO  Progress (1): 81/84 kB
2026.04.01 14:35:04 INFO  Progress (1): 84 kB   
2026.04.01 14:35:04 INFO                     
2026.04.01 14:35:04 INFO  Downloaded from central: https://repo.maven.apache.org/maven2/com/fasterxml/jackson/datatype/jackson-datatype-jsr310/2.15.4/jackson-datatype-jsr310-2.15.4-sources.jar (84 kB at 1.1 MB/s)
2026.04.01 14:35:04 INFO  [INFO] SUCCESS: com.fasterxml.jackson.datatype:jackson-datatype-jsr310:jar:2.15.4:compile (sources = true)
2026.04.01 14:35:04 INFO  [INFO] Resolving artifact: org.springframework.security:spring-security-test:jar:6.2.3:test (sources = false)
2026.04.01 14:35:04 INFO  [INFO] SUCCESS: org.springframework.security:spring-security-test:jar:6.2.3:test (sources = false)
2026.04.01 14:35:04 INFO  [INFO] Resolving artifact: org.springframework.security:spring-security-test:jar:6.2.3:test (sources = true)
2026.04.01 14:35:04 INFO  Downloading from central: https://repo.maven.apache.org/maven2/org/springframework/security/spring-security-test/6.2.3/spring-security-test-6.2.3-sources.jar
2026.04.01 14:35:04 INFO  Progress (1): 7.7/56 kB
2026.04.01 14:35:04 INFO  Progress (1): 12/56 kB 
2026.04.01 14:35:04 INFO  Progress (1): 29/56 kB
2026.04.01 14:35:04 INFO  Progress (1): 45/56 kB
2026.04.01 14:35:04 INFO  Progress (1): 56 kB   
2026.04.01 14:35:04 INFO                     
2026.04.01 14:35:04 INFO  Downloaded from central: https://repo.maven.apache.org/maven2/org/springframework/security/spring-security-test/6.2.3/spring-security-test-6.2.3-sources.jar (56 kB at 715 kB/s)
2026.04.01 14:35:04 INFO  [INFO] SUCCESS: org.springframework.security:spring-security-test:jar:6.2.3:test (sources = true)
2026.04.01 14:35:04 INFO  [INFO] Resolving artifact: org.springframework.boot:spring-boot-autoconfigure:jar:3.2.4:compile (sources = false)
2026.04.01 14:35:04 INFO  [INFO] SUCCESS: org.springframework.boot:spring-boot-autoconfigure:jar:3.2.4:compile (sources = false)
2026.04.01 14:35:04 INFO  [INFO] Resolving artifact: org.springframework.boot:spring-boot-autoconfigure:jar:3.2.4:compile (sources = true)
2026.04.01 14:35:04 INFO  Downloading from central: https://repo.maven.apache.org/maven2/org/springframework/boot/spring-boot-autoconfigure/3.2.4/spring-boot-autoconfigure-3.2.4-sources.jar
2026.04.01 14:35:04 INFO  Progress (1): 0/1.1 MB
2026.04.01 14:35:04 INFO  Progress (1): 0/1.1 MB
2026.04.01 14:35:04 INFO  Progress (1): 0/1.1 MB
2026.04.01 14:35:04 INFO  Progress (1): 0.1/1.1 MB
2026.04.01 14:35:04 INFO  Progress (1): 0.1/1.1 MB
2026.04.01 14:35:04 INFO  Progress (1): 0.1/1.1 MB
2026.04.01 14:35:04 INFO  Progress (1): 0.1/1.1 MB
2026.04.01 14:35:04 INFO  Progress (1): 0.1/1.1 MB
2026.04.01 14:35:04 INFO  Progress (1): 0.1/1.1 MB
2026.04.01 14:35:04 INFO  Progress (1): 0.1/1.1 MB
2026.04.01 14:35:04 INFO  Progress (1): 0.2/1.1 MB
2026.04.01 14:35:04 INFO  Progress (1): 0.2/1.1 MB
2026.04.01 14:35:04 INFO  Progress (1): 0.2/1.1 MB
2026.04.01 14:35:04 INFO  Progress (1): 0.2/1.1 MB
2026.04.01 14:35:04 INFO  Progress (1): 0.2/1.1 MB
2026.04.01 14:35:04 INFO  Progress (1): 0.2/1.1 MB
2026.04.01 14:35:04 INFO  Progress (1): 0.3/1.1 MB
2026.04.01 14:35:04 INFO  Progress (1): 0.3/1.1 MB
2026.04.01 14:35:04 INFO  Progress (1): 0.3/1.1 MB
2026.04.01 14:35:04 INFO  Progress (1): 0.3/1.1 MB
2026.04.01 14:35:04 INFO  Progress (1): 0.3/1.1 MB
2026.04.01 14:35:04 INFO  Progress (1): 0.3/1.1 MB
2026.04.01 14:35:04 INFO  Progress (1): 0.4/1.1 MB
2026.04.01 14:35:04 INFO  Progress (1): 0.4/1.1 MB
2026.04.01 14:35:04 INFO  Progress (1): 0.4/1.1 MB
2026.04.01 14:35:04 INFO  Progress (1): 0.4/1.1 MB
2026.04.01 14:35:04 INFO  Progress (1): 0.4/1.1 MB
2026.04.01 14:35:04 INFO  Progress (1): 0.4/1.1 MB
2026.04.01 14:35:04 INFO  Progress (1): 0.5/1.1 MB
2026.04.01 14:35:04 INFO  Progress (1): 0.5/1.1 MB
2026.04.01 14:35:04 INFO  Progress (1): 0.5/1.1 MB
2026.04.01 14:35:04 INFO  Progress (1): 0.5/1.1 MB
2026.04.01 14:35:04 INFO  Progress (1): 0.5/1.1 MB
2026.04.01 14:35:04 INFO  Progress (1): 0.5/1.1 MB
2026.04.01 14:35:04 INFO  Progress (1): 0.6/1.1 MB
2026.04.01 14:35:04 INFO  Progress (1): 0.6/1.1 MB
2026.04.01 14:35:04 INFO  Progress (1): 0.6/1.1 MB
2026.04.01 14:35:04 INFO  Progress (1): 0.6/1.1 MB
2026.04.01 14:35:04 INFO  Progress (1): 0.6/1.1 MB
2026.04.01 14:35:04 INFO  Progress (1): 0.6/1.1 MB
2026.04.01 14:35:04 INFO  Progress (1): 0.7/1.1 MB
2026.04.01 14:35:04 INFO  Progress (1): 0.7/1.1 MB
2026.04.01 14:35:04 INFO  Progress (1): 0.7/1.1 MB
2026.04.01 14:35:04 INFO  Progress (1): 0.7/1.1 MB
2026.04.01 14:35:04 INFO  Progress (1): 0.7/1.1 MB
2026.04.01 14:35:04 INFO  Progress (1): 0.7/1.1 MB
2026.04.01 14:35:04 INFO  Progress (1): 0.7/1.1 MB
2026.04.01 14:35:04 INFO  Progress (1): 0.8/1.1 MB
2026.04.01 14:35:04 INFO  Progress (1): 0.8/1.1 MB
2026.04.01 14:35:04 INFO  Progress (1): 0.8/1.1 MB
2026.04.01 14:35:04 INFO  Progress (1): 0.8/1.1 MB
2026.04.01 14:35:04 INFO  Progress (1): 0.8/1.1 MB
2026.04.01 14:35:04 INFO  Progress (1): 0.8/1.1 MB
2026.04.01 14:35:04 INFO  Progress (1): 0.9/1.1 MB
2026.04.01 14:35:04 INFO  Progress (1): 0.9/1.1 MB
2026.04.01 14:35:04 INFO  Progress (1): 0.9/1.1 MB
2026.04.01 14:35:04 INFO  Progress (1): 0.9/1.1 MB
2026.04.01 14:35:04 INFO  Progress (1): 0.9/1.1 MB
2026.04.01 14:35:04 INFO  Progress (1): 0.9/1.1 MB
2026.04.01 14:35:04 INFO  Progress (1): 1.0/1.1 MB
2026.04.01 14:35:04 INFO  Progress (1): 1.0/1.1 MB
2026.04.01 14:35:04 INFO  Progress (1): 1.0/1.1 MB
2026.04.01 14:35:04 INFO  Progress (1): 1.0/1.1 MB
2026.04.01 14:35:04 INFO  Progress (1): 1.0/1.1 MB
2026.04.01 14:35:04 INFO  Progress (1): 1.0/1.1 MB
2026.04.01 14:35:04 INFO  Progress (1): 1.1/1.1 MB
2026.04.01 14:35:04 INFO  Progress (1): 1.1/1.1 MB
2026.04.01 14:35:04 INFO  Progress (1): 1.1/1.1 MB
2026.04.01 14:35:04 INFO  Progress (1): 1.1/1.1 MB
2026.04.01 14:35:04 INFO  Progress (1): 1.1 MB    
2026.04.01 14:35:04 INFO                      
2026.04.01 14:35:04 INFO  Downloaded from central: https://repo.maven.apache.org/maven2/org/springframework/boot/spring-boot-autoconfigure/3.2.4/spring-boot-autoconfigure-3.2.4-sources.jar (1.1 MB at 6.4 MB/s)
2026.04.01 14:35:04 INFO  [INFO] SUCCESS: org.springframework.boot:spring-boot-autoconfigure:jar:3.2.4:compile (sources = true)
2026.04.01 14:35:04 INFO  [INFO] Resolving artifact: net.bytebuddy:byte-buddy-agent:jar:1.14.12:test (sources = false)
2026.04.01 14:35:04 INFO  [INFO] SUCCESS: net.bytebuddy:byte-buddy-agent:jar:1.14.12:test (sources = false)
2026.04.01 14:35:04 INFO  [INFO] Resolving artifact: net.bytebuddy:byte-buddy-agent:jar:1.14.12:test (sources = true)
2026.04.01 14:35:04 INFO  Downloading from central: https://repo.maven.apache.org/maven2/net/bytebuddy/byte-buddy-agent/1.14.12/byte-buddy-agent-1.14.12-sources.jar
2026.04.01 14:35:04 INFO  Progress (1): 7.7/204 kB
2026.04.01 14:35:04 INFO  Progress (1): 16/204 kB 
2026.04.01 14:35:04 INFO  Progress (1): 32/204 kB
2026.04.01 14:35:04 INFO  Progress (1): 49/204 kB
2026.04.01 14:35:04 INFO  Progress (1): 57/204 kB
2026.04.01 14:35:04 INFO  Progress (1): 73/204 kB
2026.04.01 14:35:04 INFO  Progress (1): 90/204 kB
2026.04.01 14:35:04 INFO  Progress (1): 106/204 kB
2026.04.01 14:35:04 INFO  Progress (1): 122/204 kB
2026.04.01 14:35:04 INFO  Progress (1): 139/204 kB
2026.04.01 14:35:04 INFO  Progress (1): 155/204 kB
2026.04.01 14:35:04 INFO  Progress (1): 172/204 kB
2026.04.01 14:35:04 INFO  Progress (1): 188/204 kB
2026.04.01 14:35:04 INFO  Progress (1): 204/204 kB
2026.04.01 14:35:04 INFO  Progress (1): 204 kB    
2026.04.01 14:35:04 INFO                      
2026.04.01 14:35:04 INFO  Downloaded from central: https://repo.maven.apache.org/maven2/net/bytebuddy/byte-buddy-agent/1.14.12/byte-buddy-agent-1.14.12-sources.jar (204 kB at 3.7 MB/s)
2026.04.01 14:35:04 INFO  [INFO] SUCCESS: net.bytebuddy:byte-buddy-agent:jar:1.14.12:test (sources = true)
2026.04.01 14:35:04 INFO  [INFO] Resolving artifact: io.micrometer:micrometer-commons:jar:1.12.4:compile (sources = false)
2026.04.01 14:35:04 INFO  [INFO] SUCCESS: io.micrometer:micrometer-commons:jar:1.12.4:compile (sources = false)
2026.04.01 14:35:04 INFO  [INFO] Resolving artifact: io.micrometer:micrometer-commons:jar:1.12.4:compile (sources = true)
2026.04.01 14:35:04 INFO  Downloading from central: https://repo.maven.apache.org/maven2/io/micrometer/micrometer-commons/1.12.4/micrometer-commons-1.12.4-sources.jar
2026.04.01 14:35:04 INFO  Progress (1): 7.7/46 kB
2026.04.01 14:35:04 INFO  Progress (1): 16/46 kB 
2026.04.01 14:35:04 INFO  Progress (1): 29/46 kB
2026.04.01 14:35:04 INFO  Progress (1): 45/46 kB
2026.04.01 14:35:04 INFO  Progress (1): 46 kB   
2026.04.01 14:35:04 INFO                     
2026.04.01 14:35:04 INFO  Downloaded from central: https://repo.maven.apache.org/maven2/io/micrometer/micrometer-commons/1.12.4/micrometer-commons-1.12.4-sources.jar (46 kB at 1.1 MB/s)
2026.04.01 14:35:04 INFO  [INFO] SUCCESS: io.micrometer:micrometer-commons:jar:1.12.4:compile (sources = true)
2026.04.01 14:35:04 INFO  [INFO] Resolving artifact: org.hamcrest:hamcrest:jar:2.2:test (sources = false)
2026.04.01 14:35:04 INFO  [INFO] SUCCESS: org.hamcrest:hamcrest:jar:2.2:test (sources = false)
2026.04.01 14:35:04 INFO  [INFO] Resolving artifact: org.hamcrest:hamcrest:jar:2.2:test (sources = true)
2026.04.01 14:35:04 INFO  Downloading from central: https://repo.maven.apache.org/maven2/org/hamcrest/hamcrest/2.2/hamcrest-2.2-sources.jar
2026.04.01 14:35:04 INFO  Progress (1): 7.7/83 kB
2026.04.01 14:35:04 INFO  Progress (1): 12/83 kB 
2026.04.01 14:35:05 INFO  Progress (1): 29/83 kB
2026.04.01 14:35:05 INFO  Progress (1): 45/83 kB
2026.04.01 14:35:05 INFO  Progress (1): 61/83 kB
2026.04.01 14:35:05 INFO  Progress (1): 78/83 kB
2026.04.01 14:35:05 INFO  Progress (1): 83 kB   
2026.04.01 14:35:05 INFO                     
2026.04.01 14:35:05 INFO  Downloaded from central: https://repo.maven.apache.org/maven2/org/hamcrest/hamcrest/2.2/hamcrest-2.2-sources.jar (83 kB at 1.9 MB/s)
2026.04.01 14:35:05 INFO  [INFO] SUCCESS: org.hamcrest:hamcrest:jar:2.2:test (sources = true)
2026.04.01 14:35:05 INFO  [INFO] Resolving artifact: org.springframework:spring-aop:jar:6.1.5:compile (sources = false)
2026.04.01 14:35:05 INFO  [INFO] SUCCESS: org.springframework:spring-aop:jar:6.1.5:compile (sources = false)
2026.04.01 14:35:05 INFO  [INFO] Resolving artifact: org.springframework:spring-aop:jar:6.1.5:compile (sources = true)
2026.04.01 14:35:05 INFO  Downloading from central: https://repo.maven.apache.org/maven2/org/springframework/spring-aop/6.1.5/spring-aop-6.1.5-sources.jar
2026.04.01 14:35:05 INFO  Progress (1): 7.7/371 kB
2026.04.01 14:35:05 INFO  Progress (1): 12/371 kB 
2026.04.01 14:35:05 INFO  Progress (1): 28/371 kB
2026.04.01 14:35:05 INFO  Progress (1): 44/371 kB
2026.04.01 14:35:05 INFO  Progress (1): 61/371 kB
2026.04.01 14:35:05 INFO  Progress (1): 77/371 kB
2026.04.01 14:35:05 INFO  Progress (1): 93/371 kB
2026.04.01 14:35:05 INFO  Progress (1): 110/371 kB
2026.04.01 14:35:05 INFO  Progress (1): 126/371 kB
2026.04.01 14:35:05 INFO  Progress (1): 143/371 kB
2026.04.01 14:35:05 INFO  Progress (1): 159/371 kB
2026.04.01 14:35:05 INFO  Progress (1): 175/371 kB
2026.04.01 14:35:05 INFO  Progress (1): 192/371 kB
2026.04.01 14:35:05 INFO  Progress (1): 208/371 kB
2026.04.01 14:35:05 INFO  Progress (1): 225/371 kB
2026.04.01 14:35:05 INFO  Progress (1): 241/371 kB
2026.04.01 14:35:05 INFO  Progress (1): 257/371 kB
2026.04.01 14:35:05 INFO  Progress (1): 274/371 kB
2026.04.01 14:35:05 INFO  Progress (1): 290/371 kB
2026.04.01 14:35:05 INFO  Progress (1): 306/371 kB
2026.04.01 14:35:05 INFO  Progress (1): 323/371 kB
2026.04.01 14:35:05 INFO  Progress (1): 339/371 kB
2026.04.01 14:35:05 INFO  Progress (1): 356/371 kB
2026.04.01 14:35:05 INFO  Progress (1): 371 kB    
2026.04.01 14:35:05 INFO                      
2026.04.01 14:35:05 INFO  Downloaded from central: https://repo.maven.apache.org/maven2/org/springframework/spring-aop/6.1.5/spring-aop-6.1.5-sources.jar (371 kB at 5.5 MB/s)
2026.04.01 14:35:05 INFO  [INFO] SUCCESS: org.springframework:spring-aop:jar:6.1.5:compile (sources = true)
2026.04.01 14:35:05 INFO  [INFO] Resolving artifact: org.springframework.security:spring-security-config:jar:6.2.3:compile (sources = false)
2026.04.01 14:35:05 INFO  [INFO] SUCCESS: org.springframework.security:spring-security-config:jar:6.2.3:compile (sources = false)
2026.04.01 14:35:05 INFO  [INFO] Resolving artifact: org.springframework.security:spring-security-config:jar:6.2.3:compile (sources = true)
2026.04.01 14:35:05 INFO  Downloading from central: https://repo.maven.apache.org/maven2/org/springframework/security/spring-security-config/6.2.3/spring-security-config-6.2.3-sources.jar
2026.04.01 14:35:05 INFO  Progress (1): 0/1.2 MB
2026.04.01 14:35:05 INFO  Progress (1): 0/1.2 MB
2026.04.01 14:35:05 INFO  Progress (1): 0/1.2 MB
2026.04.01 14:35:05 INFO  Progress (1): 0/1.2 MB
2026.04.01 14:35:05 INFO  Progress (1): 0.1/1.2 MB
2026.04.01 14:35:05 INFO  Progress (1): 0.1/1.2 MB
2026.04.01 14:35:05 INFO  Progress (1): 0.1/1.2 MB
2026.04.01 14:35:05 INFO  Progress (1): 0.1/1.2 MB
2026.04.01 14:35:05 INFO  Progress (1): 0.1/1.2 MB
2026.04.01 14:35:05 INFO  Progress (1): 0.1/1.2 MB
2026.04.01 14:35:05 INFO  Progress (1): 0.2/1.2 MB
2026.04.01 14:35:05 INFO  Progress (1): 0.2/1.2 MB
2026.04.01 14:35:05 INFO  Progress (1): 0.2/1.2 MB
2026.04.01 14:35:05 INFO  Progress (1): 0.2/1.2 MB
2026.04.01 14:35:05 INFO  Progress (1): 0.2/1.2 MB
2026.04.01 14:35:05 INFO  Progress (1): 0.2/1.2 MB
2026.04.01 14:35:05 INFO  Progress (1): 0.3/1.2 MB
2026.04.01 14:35:05 INFO  Progress (1): 0.3/1.2 MB
2026.04.01 14:35:05 INFO  Progress (1): 0.3/1.2 MB
2026.04.01 14:35:05 INFO  Progress (1): 0.3/1.2 MB
2026.04.01 14:35:05 INFO  Progress (1): 0.3/1.2 MB
2026.04.01 14:35:05 INFO  Progress (1): 0.3/1.2 MB
2026.04.01 14:35:05 INFO  Progress (1): 0.4/1.2 MB
2026.04.01 14:35:05 INFO  Progress (1): 0.4/1.2 MB
2026.04.01 14:35:05 INFO  Progress (1): 0.4/1.2 MB
2026.04.01 14:35:05 INFO  Progress (1): 0.4/1.2 MB
2026.04.01 14:35:05 INFO  Progress (1): 0.4/1.2 MB
2026.04.01 14:35:05 INFO  Progress (1): 0.4/1.2 MB
2026.04.01 14:35:05 INFO  Progress (1): 0.5/1.2 MB
2026.04.01 14:35:05 INFO  Progress (1): 0.5/1.2 MB
2026.04.01 14:35:05 INFO  Progress (1): 0.5/1.2 MB
2026.04.01 14:35:05 INFO  Progress (1): 0.5/1.2 MB
2026.04.01 14:35:05 INFO  Progress (1): 0.5/1.2 MB
2026.04.01 14:35:05 INFO  Progress (1): 0.5/1.2 MB
2026.04.01 14:35:05 INFO  Progress (1): 0.5/1.2 MB
2026.04.01 14:35:05 INFO  Progress (1): 0.6/1.2 MB
2026.04.01 14:35:05 INFO  Progress (1): 0.6/1.2 MB
2026.04.01 14:35:05 INFO  Progress (1): 0.6/1.2 MB
2026.04.01 14:35:05 INFO  Progress (1): 0.6/1.2 MB
2026.04.01 14:35:05 INFO  Progress (1): 0.6/1.2 MB
2026.04.01 14:35:05 INFO  Progress (1): 0.6/1.2 MB
2026.04.01 14:35:05 INFO  Progress (1): 0.7/1.2 MB
2026.04.01 14:35:05 INFO  Progress (1): 0.7/1.2 MB
2026.04.01 14:35:05 INFO  Progress (1): 0.7/1.2 MB
2026.04.01 14:35:05 INFO  Progress (1): 0.7/1.2 MB
2026.04.01 14:35:05 INFO  Progress (1): 0.7/1.2 MB
2026.04.01 14:35:05 INFO  Progress (1): 0.7/1.2 MB
2026.04.01 14:35:05 INFO  Progress (1): 0.8/1.2 MB
2026.04.01 14:35:05 INFO  Progress (1): 0.8/1.2 MB
2026.04.01 14:35:05 INFO  Progress (1): 0.8/1.2 MB
2026.04.01 14:35:05 INFO  Progress (1): 0.8/1.2 MB
2026.04.01 14:35:05 INFO  Progress (1): 0.8/1.2 MB
2026.04.01 14:35:05 INFO  Progress (1): 0.8/1.2 MB
2026.04.01 14:35:05 INFO  Progress (1): 0.9/1.2 MB
2026.04.01 14:35:05 INFO  Progress (1): 0.9/1.2 MB
2026.04.01 14:35:05 INFO  Progress (1): 0.9/1.2 MB
2026.04.01 14:35:05 INFO  Progress (1): 0.9/1.2 MB
2026.04.01 14:35:05 INFO  Progress (1): 0.9/1.2 MB
2026.04.01 14:35:05 INFO  Progress (1): 0.9/1.2 MB
2026.04.01 14:35:05 INFO  Progress (1): 1.0/1.2 MB
2026.04.01 14:35:05 INFO  Progress (1): 1.0/1.2 MB
2026.04.01 14:35:05 INFO  Progress (1): 1.0/1.2 MB
2026.04.01 14:35:05 INFO  Progress (1): 1.0/1.2 MB
2026.04.01 14:35:05 INFO  Progress (1): 1.0/1.2 MB
2026.04.01 14:35:05 INFO  Progress (1): 1.0/1.2 MB
2026.04.01 14:35:05 INFO  Progress (1): 1.1/1.2 MB
2026.04.01 14:35:05 INFO  Progress (1): 1.1/1.2 MB
2026.04.01 14:35:05 INFO  Progress (1): 1.1/1.2 MB
2026.04.01 14:35:05 INFO  Progress (1): 1.1/1.2 MB
2026.04.01 14:35:05 INFO  Progress (1): 1.1/1.2 MB
2026.04.01 14:35:05 INFO  Progress (1): 1.1/1.2 MB
2026.04.01 14:35:05 INFO  Progress (1): 1.2/1.2 MB
2026.04.01 14:35:05 INFO  Progress (1): 1.2/1.2 MB
2026.04.01 14:35:05 INFO  Progress (1): 1.2/1.2 MB
2026.04.01 14:35:05 INFO  Progress (1): 1.2/1.2 MB
2026.04.01 14:35:05 INFO  Progress (1): 1.2/1.2 MB
2026.04.01 14:35:05 INFO  Progress (1): 1.2/1.2 MB
2026.04.01 14:35:05 INFO  Progress (1): 1.2 MB    
2026.04.01 14:35:05 INFO                      
2026.04.01 14:35:05 INFO  Downloaded from central: https://repo.maven.apache.org/maven2/org/springframework/security/spring-security-config/6.2.3/spring-security-config-6.2.3-sources.jar (1.2 MB at 5.2 MB/s)
2026.04.01 14:35:05 INFO  [INFO] SUCCESS: org.springframework.security:spring-security-config:jar:6.2.3:compile (sources = true)
2026.04.01 14:35:05 INFO  [INFO] Resolving artifact: org.skyscreamer:jsonassert:jar:1.5.1:test (sources = false)
2026.04.01 14:35:05 INFO  [INFO] SUCCESS: org.skyscreamer:jsonassert:jar:1.5.1:test (sources = false)
2026.04.01 14:35:05 INFO  [INFO] Resolving artifact: org.skyscreamer:jsonassert:jar:1.5.1:test (sources = true)
2026.04.01 14:35:05 INFO  Downloading from central: https://repo.maven.apache.org/maven2/org/skyscreamer/jsonassert/1.5.1/jsonassert-1.5.1-sources.jar
2026.04.01 14:35:05 INFO  Progress (1): 7.4/30 kB
2026.04.01 14:35:05 INFO  Progress (1): 16/30 kB 
2026.04.01 14:35:05 INFO  Progress (1): 30 kB   
2026.04.01 14:35:05 INFO                     
2026.04.01 14:35:05 INFO  Downloaded from central: https://repo.maven.apache.org/maven2/org/skyscreamer/jsonassert/1.5.1/jsonassert-1.5.1-sources.jar (30 kB at 734 kB/s)
2026.04.01 14:35:05 INFO  [INFO] SUCCESS: org.skyscreamer:jsonassert:jar:1.5.1:test (sources = true)
2026.04.01 14:35:05 INFO  [INFO] Resolving artifact: org.springframework:spring-jcl:jar:6.1.5:compile (sources = false)
2026.04.01 14:35:05 INFO  [INFO] SUCCESS: org.springframework:spring-jcl:jar:6.1.5:compile (sources = false)
2026.04.01 14:35:05 INFO  [INFO] Resolving artifact: org.springframework:spring-jcl:jar:6.1.5:compile (sources = true)
2026.04.01 14:35:05 INFO  Downloading from central: https://repo.maven.apache.org/maven2/org/springframework/spring-jcl/6.1.5/spring-jcl-6.1.5-sources.jar
2026.04.01 14:35:05 INFO  Progress (1): 7.7/13 kB
2026.04.01 14:35:05 INFO  Progress (1): 13 kB    
2026.04.01 14:35:05 INFO                     
2026.04.01 14:35:05 INFO  Downloaded from central: https://repo.maven.apache.org/maven2/org/springframework/spring-jcl/6.1.5/spring-jcl-6.1.5-sources.jar (13 kB at 322 kB/s)
2026.04.01 14:35:05 INFO  [INFO] SUCCESS: org.springframework:spring-jcl:jar:6.1.5:compile (sources = true)
2026.04.01 14:35:05 INFO  [INFO] Resolving artifact: org.awaitility:awaitility:jar:4.2.0:test (sources = false)
2026.04.01 14:35:05 INFO  [INFO] SUCCESS: org.awaitility:awaitility:jar:4.2.0:test (sources = false)
2026.04.01 14:35:05 INFO  [INFO] Resolving artifact: org.awaitility:awaitility:jar:4.2.0:test (sources = true)
2026.04.01 14:35:05 INFO  Downloading from central: https://repo.maven.apache.org/maven2/org/awaitility/awaitility/4.2.0/awaitility-4.2.0-sources.jar
2026.04.01 14:35:05 INFO  Progress (1): 7.7/78 kB
2026.04.01 14:35:05 INFO  Progress (1): 16/78 kB 
2026.04.01 14:35:05 INFO  Progress (1): 24/78 kB
2026.04.01 14:35:05 INFO  Progress (1): 40/78 kB
2026.04.01 14:35:05 INFO  Progress (1): 57/78 kB
2026.04.01 14:35:05 INFO  Progress (1): 73/78 kB
2026.04.01 14:35:05 INFO  Progress (1): 78 kB   
2026.04.01 14:35:05 INFO                     
2026.04.01 14:35:05 INFO  Downloaded from central: https://repo.maven.apache.org/maven2/org/awaitility/awaitility/4.2.0/awaitility-4.2.0-sources.jar (78 kB at 1.8 MB/s)
2026.04.01 14:35:05 INFO  [INFO] SUCCESS: org.awaitility:awaitility:jar:4.2.0:test (sources = true)
2026.04.01 14:35:05 INFO  [INFO] Resolving artifact: org.springframework:spring-expression:jar:6.1.5:compile (sources = false)
2026.04.01 14:35:05 INFO  [INFO] SUCCESS: org.springframework:spring-expression:jar:6.1.5:compile (sources = false)
2026.04.01 14:35:05 INFO  [INFO] Resolving artifact: org.springframework:spring-expression:jar:6.1.5:compile (sources = true)
2026.04.01 14:35:05 INFO  Downloading from central: https://repo.maven.apache.org/maven2/org/springframework/spring-expression/6.1.5/spring-expression-6.1.5-sources.jar
2026.04.01 14:35:05 INFO  Progress (1): 7.7/224 kB
2026.04.01 14:35:05 INFO  Progress (1): 12/224 kB 
2026.04.01 14:35:05 INFO  Progress (1): 29/224 kB
2026.04.01 14:35:05 INFO  Progress (1): 45/224 kB
2026.04.01 14:35:05 INFO  Progress (1): 61/224 kB
2026.04.01 14:35:05 INFO  Progress (1): 78/224 kB
2026.04.01 14:35:05 INFO  Progress (1): 94/224 kB
2026.04.01 14:35:05 INFO  Progress (1): 111/224 kB
2026.04.01 14:35:05 INFO  Progress (1): 127/224 kB
2026.04.01 14:35:05 INFO  Progress (1): 143/224 kB
2026.04.01 14:35:05 INFO  Progress (1): 160/224 kB
2026.04.01 14:35:05 INFO  Progress (1): 164/224 kB
2026.04.01 14:35:05 INFO  Progress (1): 180/224 kB
2026.04.01 14:35:05 INFO  Progress (1): 196/224 kB
2026.04.01 14:35:05 INFO  Progress (1): 213/224 kB
2026.04.01 14:35:05 INFO  Progress (1): 224 kB    
2026.04.01 14:35:05 INFO                      
2026.04.01 14:35:05 INFO  Downloaded from central: https://repo.maven.apache.org/maven2/org/springframework/spring-expression/6.1.5/spring-expression-6.1.5-sources.jar (224 kB at 3.8 MB/s)
2026.04.01 14:35:05 INFO  [INFO] SUCCESS: org.springframework:spring-expression:jar:6.1.5:compile (sources = true)
2026.04.01 14:35:05 INFO  [INFO] Resolving artifact: org.apache.logging.log4j:log4j-api:jar:2.21.1:compile (sources = false)
2026.04.01 14:35:05 INFO  [INFO] SUCCESS: org.apache.logging.log4j:log4j-api:jar:2.21.1:compile (sources = false)
2026.04.01 14:35:05 INFO  [INFO] Resolving artifact: org.apache.logging.log4j:log4j-api:jar:2.21.1:compile (sources = true)
2026.04.01 14:35:05 INFO  Downloading from central: https://repo.maven.apache.org/maven2/org/apache/logging/log4j/log4j-api/2.21.1/log4j-api-2.21.1-sources.jar
2026.04.01 14:35:05 INFO  Progress (1): 7.7/272 kB
2026.04.01 14:35:05 INFO  Progress (1): 16/272 kB 
2026.04.01 14:35:05 INFO  Progress (1): 24/272 kB
2026.04.01 14:35:05 INFO  Progress (1): 40/272 kB
2026.04.01 14:35:05 INFO  Progress (1): 57/272 kB
2026.04.01 14:35:05 INFO  Progress (1): 73/272 kB
2026.04.01 14:35:05 INFO  Progress (1): 90/272 kB
2026.04.01 14:35:05 INFO  Progress (1): 106/272 kB
2026.04.01 14:35:05 INFO  Progress (1): 122/272 kB
2026.04.01 14:35:05 INFO  Progress (1): 139/272 kB
2026.04.01 14:35:05 INFO  Progress (1): 155/272 kB
2026.04.01 14:35:05 INFO  Progress (1): 172/272 kB
2026.04.01 14:35:05 INFO  Progress (1): 188/272 kB
2026.04.01 14:35:05 INFO  Progress (1): 204/272 kB
2026.04.01 14:35:05 INFO  Progress (1): 221/272 kB
2026.04.01 14:35:05 INFO  Progress (1): 237/272 kB
2026.04.01 14:35:05 INFO  Progress (1): 253/272 kB
2026.04.01 14:35:05 INFO  Progress (1): 270/272 kB
2026.04.01 14:35:05 INFO  Progress (1): 272 kB    
2026.04.01 14:35:05 INFO                      
2026.04.01 14:35:05 INFO  Downloaded from central: https://repo.maven.apache.org/maven2/org/apache/logging/log4j/log4j-api/2.21.1/log4j-api-2.21.1-sources.jar (272 kB at 4.3 MB/s)
2026.04.01 14:35:05 INFO  [INFO] SUCCESS: org.apache.logging.log4j:log4j-api:jar:2.21.1:compile (sources = true)
2026.04.01 14:35:05 INFO  [INFO] Resolving artifact: org.springframework.boot:spring-boot-starter-security:jar:3.2.4:compile (sources = false)
2026.04.01 14:35:05 INFO  [INFO] SUCCESS: org.springframework.boot:spring-boot-starter-security:jar:3.2.4:compile (sources = false)
2026.04.01 14:35:05 INFO  [INFO] Resolving artifact: org.springframework.boot:spring-boot-starter-security:jar:3.2.4:compile (sources = true)
2026.04.01 14:35:05 INFO  Downloading from central: https://repo.maven.apache.org/maven2/org/springframework/boot/spring-boot-starter-security/3.2.4/spring-boot-starter-security-3.2.4-sources.jar
2026.04.01 14:35:05 INFO  Progress (1): 4.7 kB
2026.04.01 14:35:05 INFO                      
2026.04.01 14:35:05 INFO  Downloaded from central: https://repo.maven.apache.org/maven2/org/springframework/boot/spring-boot-starter-security/3.2.4/spring-boot-starter-security-3.2.4-sources.jar (4.7 kB at 113 kB/s)
2026.04.01 14:35:05 INFO  [INFO] SUCCESS: org.springframework.boot:spring-boot-starter-security:jar:3.2.4:compile (sources = true)
2026.04.01 14:35:05 INFO  [INFO] Resolving artifact: org.junit.jupiter:junit-jupiter-engine:jar:5.10.2:test (sources = false)
2026.04.01 14:35:05 INFO  [INFO] SUCCESS: org.junit.jupiter:junit-jupiter-engine:jar:5.10.2:test (sources = false)
2026.04.01 14:35:05 INFO  [INFO] Resolving artifact: org.junit.jupiter:junit-jupiter-engine:jar:5.10.2:test (sources = true)
2026.04.01 14:35:05 INFO  Downloading from central: https://repo.maven.apache.org/maven2/org/junit/jupiter/junit-jupiter-engine/5.10.2/junit-jupiter-engine-5.10.2-sources.jar
2026.04.01 14:35:05 INFO  Progress (1): 7.7/131 kB
2026.04.01 14:35:05 INFO  Progress (1): 16/131 kB 
2026.04.01 14:35:05 INFO  Progress (1): 25/131 kB
2026.04.01 14:35:05 INFO  Progress (1): 41/131 kB
2026.04.01 14:35:05 INFO  Progress (1): 57/131 kB
2026.04.01 14:35:05 INFO  Progress (1): 74/131 kB
2026.04.01 14:35:05 INFO  Progress (1): 90/131 kB
2026.04.01 14:35:05 INFO  Progress (1): 106/131 kB
2026.04.01 14:35:05 INFO  Progress (1): 123/131 kB
2026.04.01 14:35:05 INFO  Progress (1): 131 kB    
2026.04.01 14:35:05 INFO                      
2026.04.01 14:35:05 INFO  Downloaded from central: https://repo.maven.apache.org/maven2/org/junit/jupiter/junit-jupiter-engine/5.10.2/junit-jupiter-engine-5.10.2-sources.jar (131 kB at 2.6 MB/s)
2026.04.01 14:35:05 INFO  [INFO] SUCCESS: org.junit.jupiter:junit-jupiter-engine:jar:5.10.2:test (sources = true)
2026.04.01 14:35:05 INFO  [INFO] Resolving artifact: org.springframework:spring-aspects:jar:6.1.5:compile (sources = false)
2026.04.01 14:35:05 INFO  [INFO] SUCCESS: org.springframework:spring-aspects:jar:6.1.5:compile (sources = false)
2026.04.01 14:35:05 INFO  [INFO] Resolving artifact: org.springframework:spring-aspects:jar:6.1.5:compile (sources = true)
2026.04.01 14:35:05 INFO  Downloading from central: https://repo.maven.apache.org/maven2/org/springframework/spring-aspects/6.1.5/spring-aspects-6.1.5-sources.jar
2026.04.01 14:35:05 INFO  Progress (1): 7.7/33 kB
2026.04.01 14:35:05 INFO  Progress (1): 16/33 kB 
2026.04.01 14:35:05 INFO  Progress (1): 32/33 kB
2026.04.01 14:35:05 INFO  Progress (1): 33 kB   
2026.04.01 14:35:05 INFO                     
2026.04.01 14:35:05 INFO  Downloaded from central: https://repo.maven.apache.org/maven2/org/springframework/spring-aspects/6.1.5/spring-aspects-6.1.5-sources.jar (33 kB at 856 kB/s)
2026.04.01 14:35:05 INFO  [INFO] SUCCESS: org.springframework:spring-aspects:jar:6.1.5:compile (sources = true)
2026.04.01 14:35:05 INFO  [INFO] Resolving artifact: org.hibernate.validator:hibernate-validator:jar:8.0.1.Final:compile (sources = false)
2026.04.01 14:35:05 INFO  [INFO] SUCCESS: org.hibernate.validator:hibernate-validator:jar:8.0.1.Final:compile (sources = false)
2026.04.01 14:35:05 INFO  [INFO] Resolving artifact: org.hibernate.validator:hibernate-validator:jar:8.0.1.Final:compile (sources = true)
2026.04.01 14:35:05 INFO  Downloading from central: https://repo.maven.apache.org/maven2/org/hibernate/validator/hibernate-validator/8.0.1.Final/hibernate-validator-8.0.1.Final-sources.jar
2026.04.01 14:35:05 INFO  Progress (1): 7.7/949 kB
2026.04.01 14:35:05 INFO  Progress (1): 12/949 kB 
2026.04.01 14:35:05 INFO  Progress (1): 29/949 kB
2026.04.01 14:35:05 INFO  Progress (1): 45/949 kB
2026.04.01 14:35:05 INFO  Progress (1): 61/949 kB
2026.04.01 14:35:05 INFO  Progress (1): 78/949 kB
2026.04.01 14:35:05 INFO  Progress (1): 94/949 kB
2026.04.01 14:35:05 INFO  Progress (1): 111/949 kB
2026.04.01 14:35:05 INFO  Progress (1): 127/949 kB
2026.04.01 14:35:05 INFO  Progress (1): 143/949 kB
2026.04.01 14:35:05 INFO  Progress (1): 160/949 kB
2026.04.01 14:35:05 INFO  Progress (1): 176/949 kB
2026.04.01 14:35:05 INFO  Progress (1): 193/949 kB
2026.04.01 14:35:05 INFO  Progress (1): 209/949 kB
2026.04.01 14:35:05 INFO  Progress (1): 225/949 kB
2026.04.01 14:35:05 INFO  Progress (1): 242/949 kB
2026.04.01 14:35:05 INFO  Progress (1): 258/949 kB
2026.04.01 14:35:05 INFO  Progress (1): 274/949 kB
2026.04.01 14:35:05 INFO  Progress (1): 291/949 kB
2026.04.01 14:35:05 INFO  Progress (1): 307/949 kB
2026.04.01 14:35:05 INFO  Progress (1): 324/949 kB
2026.04.01 14:35:05 INFO  Progress (1): 340/949 kB
2026.04.01 14:35:05 INFO  Progress (1): 356/949 kB
2026.04.01 14:35:05 INFO  Progress (1): 373/949 kB
2026.04.01 14:35:05 INFO  Progress (1): 389/949 kB
2026.04.01 14:35:05 INFO  Progress (1): 406/949 kB
2026.04.01 14:35:05 INFO  Progress (1): 422/949 kB
2026.04.01 14:35:05 INFO  Progress (1): 438/949 kB
2026.04.01 14:35:05 INFO  Progress (1): 455/949 kB
2026.04.01 14:35:05 INFO  Progress (1): 471/949 kB
2026.04.01 14:35:05 INFO  Progress (1): 487/949 kB
2026.04.01 14:35:05 INFO  Progress (1): 504/949 kB
2026.04.01 14:35:05 INFO  Progress (1): 520/949 kB
2026.04.01 14:35:05 INFO  Progress (1): 537/949 kB
2026.04.01 14:35:05 INFO  Progress (1): 553/949 kB
2026.04.01 14:35:05 INFO  Progress (1): 569/949 kB
2026.04.01 14:35:05 INFO  Progress (1): 586/949 kB
2026.04.01 14:35:05 INFO  Progress (1): 602/949 kB
2026.04.01 14:35:05 INFO  Progress (1): 618/949 kB
2026.04.01 14:35:05 INFO  Progress (1): 635/949 kB
2026.04.01 14:35:05 INFO  Progress (1): 651/949 kB
2026.04.01 14:35:05 INFO  Progress (1): 668/949 kB
2026.04.01 14:35:05 INFO  Progress (1): 684/949 kB
2026.04.01 14:35:05 INFO  Progress (1): 700/949 kB
2026.04.01 14:35:05 INFO  Progress (1): 717/949 kB
2026.04.01 14:35:05 INFO  Progress (1): 733/949 kB
2026.04.01 14:35:05 INFO  Progress (1): 750/949 kB
2026.04.01 14:35:05 INFO  Progress (1): 766/949 kB
2026.04.01 14:35:05 INFO  Progress (1): 782/949 kB
2026.04.01 14:35:05 INFO  Progress (1): 799/949 kB
2026.04.01 14:35:05 INFO  Progress (1): 815/949 kB
2026.04.01 14:35:05 INFO  Progress (1): 831/949 kB
2026.04.01 14:35:05 INFO  Progress (1): 848/949 kB
2026.04.01 14:35:05 INFO  Progress (1): 864/949 kB
2026.04.01 14:35:05 INFO  Progress (1): 881/949 kB
2026.04.01 14:35:05 INFO  Progress (1): 897/949 kB
2026.04.01 14:35:05 INFO  Progress (1): 913/949 kB
2026.04.01 14:35:05 INFO  Progress (1): 930/949 kB
2026.04.01 14:35:05 INFO  Progress (1): 946/949 kB
2026.04.01 14:35:05 INFO  Progress (1): 949 kB    
2026.04.01 14:35:05 INFO                      
2026.04.01 14:35:05 INFO  Downloaded from central: https://repo.maven.apache.org/maven2/org/hibernate/validator/hibernate-validator/8.0.1.Final/hibernate-validator-8.0.1.Final-sources.jar (949 kB at 6.1 MB/s)
2026.04.01 14:35:05 INFO  [INFO] SUCCESS: org.hibernate.validator:hibernate-validator:jar:8.0.1.Final:compile (sources = true)
2026.04.01 14:35:05 INFO  [INFO] Resolving artifact: org.glassfish.jaxb:jaxb-core:jar:4.0.5:runtime (sources = false)
2026.04.01 14:35:05 INFO  [INFO] SUCCESS: org.glassfish.jaxb:jaxb-core:jar:4.0.5:runtime (sources = false)
2026.04.01 14:35:05 INFO  [INFO] Resolving artifact: org.glassfish.jaxb:jaxb-core:jar:4.0.5:runtime (sources = true)
2026.04.01 14:35:05 INFO  [INFO] SUCCESS: org.glassfish.jaxb:jaxb-core:jar:4.0.5:runtime (sources = true)
2026.04.01 14:35:05 INFO  [INFO] Resolving artifact: org.springframework.boot:spring-boot-starter-jdbc:jar:3.2.4:compile (sources = false)
2026.04.01 14:35:05 INFO  [INFO] SUCCESS: org.springframework.boot:spring-boot-starter-jdbc:jar:3.2.4:compile (sources = false)
2026.04.01 14:35:05 INFO  [INFO] Resolving artifact: org.springframework.boot:spring-boot-starter-jdbc:jar:3.2.4:compile (sources = true)
2026.04.01 14:35:05 INFO  Downloading from central: https://repo.maven.apache.org/maven2/org/springframework/boot/spring-boot-starter-jdbc/3.2.4/spring-boot-starter-jdbc-3.2.4-sources.jar
2026.04.01 14:35:05 INFO  Progress (1): 4.7 kB
2026.04.01 14:35:05 INFO                      
2026.04.01 14:35:05 INFO  Downloaded from central: https://repo.maven.apache.org/maven2/org/springframework/boot/spring-boot-starter-jdbc/3.2.4/spring-boot-starter-jdbc-3.2.4-sources.jar (4.7 kB at 122 kB/s)
2026.04.01 14:35:05 INFO  [INFO] SUCCESS: org.springframework.boot:spring-boot-starter-jdbc:jar:3.2.4:compile (sources = true)
2026.04.01 14:35:05 INFO  [INFO] Resolving artifact: org.springframework.boot:spring-boot-starter-logging:jar:3.2.4:compile (sources = false)
2026.04.01 14:35:05 INFO  [INFO] SUCCESS: org.springframework.boot:spring-boot-starter-logging:jar:3.2.4:compile (sources = false)
2026.04.01 14:35:05 INFO  [INFO] Resolving artifact: org.springframework.boot:spring-boot-starter-logging:jar:3.2.4:compile (sources = true)
2026.04.01 14:35:05 INFO  Downloading from central: https://repo.maven.apache.org/maven2/org/springframework/boot/spring-boot-starter-logging/3.2.4/spring-boot-starter-logging-3.2.4-sources.jar
2026.04.01 14:35:05 INFO  Progress (1): 4.7 kB
2026.04.01 14:35:05 INFO                      
2026.04.01 14:35:05 INFO  Downloaded from central: https://repo.maven.apache.org/maven2/org/springframework/boot/spring-boot-starter-logging/3.2.4/spring-boot-starter-logging-3.2.4-sources.jar (4.7 kB at 119 kB/s)
2026.04.01 14:35:05 INFO  [INFO] SUCCESS: org.springframework.boot:spring-boot-starter-logging:jar:3.2.4:compile (sources = true)
2026.04.01 14:35:05 INFO  [INFO] Resolving artifact: net.bytebuddy:byte-buddy:jar:1.14.12:runtime (sources = false)
2026.04.01 14:35:05 INFO  [INFO] SUCCESS: net.bytebuddy:byte-buddy:jar:1.14.12:runtime (sources = false)
2026.04.01 14:35:05 INFO  [INFO] Resolving artifact: net.bytebuddy:byte-buddy:jar:1.14.12:runtime (sources = true)
2026.04.01 14:35:05 INFO  Downloading from central: https://repo.maven.apache.org/maven2/net/bytebuddy/byte-buddy/1.14.12/byte-buddy-1.14.12-sources.jar
2026.04.01 14:35:05 INFO  Progress (1): 0/1.4 MB
2026.04.01 14:35:05 INFO  Progress (1): 0/1.4 MB
2026.04.01 14:35:05 INFO  Progress (1): 0/1.4 MB
2026.04.01 14:35:05 INFO  Progress (1): 0/1.4 MB
2026.04.01 14:35:05 INFO  Progress (1): 0.1/1.4 MB
2026.04.01 14:35:05 INFO  Progress (1): 0.1/1.4 MB
2026.04.01 14:35:05 INFO  Progress (1): 0.1/1.4 MB
2026.04.01 14:35:05 INFO  Progress (1): 0.1/1.4 MB
2026.04.01 14:35:05 INFO  Progress (1): 0.1/1.4 MB
2026.04.01 14:35:05 INFO  Progress (1): 0.1/1.4 MB
2026.04.01 14:35:05 INFO  Progress (1): 0.2/1.4 MB
2026.04.01 14:35:06 INFO  Progress (1): 0.2/1.4 MB
2026.04.01 14:35:06 INFO  Progress (1): 0.2/1.4 MB
2026.04.01 14:35:06 INFO  Progress (1): 0.2/1.4 MB
2026.04.01 14:35:06 INFO  Progress (1): 0.2/1.4 MB
2026.04.01 14:35:06 INFO  Progress (1): 0.2/1.4 MB
2026.04.01 14:35:06 INFO  Progress (1): 0.3/1.4 MB
2026.04.01 14:35:06 INFO  Progress (1): 0.3/1.4 MB
2026.04.01 14:35:06 INFO  Progress (1): 0.3/1.4 MB
2026.04.01 14:35:06 INFO  Progress (1): 0.3/1.4 MB
2026.04.01 14:35:06 INFO  Progress (1): 0.3/1.4 MB
2026.04.01 14:35:06 INFO  Progress (1): 0.3/1.4 MB
2026.04.01 14:35:06 INFO  Progress (1): 0.4/1.4 MB
2026.04.01 14:35:06 INFO  Progress (1): 0.4/1.4 MB
2026.04.01 14:35:06 INFO  Progress (1): 0.4/1.4 MB
2026.04.01 14:35:06 INFO  Progress (1): 0.4/1.4 MB
2026.04.01 14:35:06 INFO  Progress (1): 0.4/1.4 MB
2026.04.01 14:35:06 INFO  Progress (1): 0.4/1.4 MB
2026.04.01 14:35:06 INFO  Progress (1): 0.5/1.4 MB
2026.04.01 14:35:06 INFO  Progress (1): 0.5/1.4 MB
2026.04.01 14:35:06 INFO  Progress (1): 0.5/1.4 MB
2026.04.01 14:35:06 INFO  Progress (1): 0.5/1.4 MB
2026.04.01 14:35:06 INFO  Progress (1): 0.5/1.4 MB
2026.04.01 14:35:06 INFO  Progress (1): 0.5/1.4 MB
2026.04.01 14:35:06 INFO  Progress (1): 0.6/1.4 MB
2026.04.01 14:35:06 INFO  Progress (1): 0.6/1.4 MB
2026.04.01 14:35:06 INFO  Progress (1): 0.6/1.4 MB
2026.04.01 14:35:06 INFO  Progress (1): 0.6/1.4 MB
2026.04.01 14:35:06 INFO  Progress (1): 0.6/1.4 MB
2026.04.01 14:35:06 INFO  Progress (1): 0.6/1.4 MB
2026.04.01 14:35:06 INFO  Progress (1): 0.7/1.4 MB
2026.04.01 14:35:06 INFO  Progress (1): 0.7/1.4 MB
2026.04.01 14:35:06 INFO  Progress (1): 0.7/1.4 MB
2026.04.01 14:35:06 INFO  Progress (1): 0.7/1.4 MB
2026.04.01 14:35:06 INFO  Progress (1): 0.7/1.4 MB
2026.04.01 14:35:06 INFO  Progress (1): 0.7/1.4 MB
2026.04.01 14:35:06 INFO  Progress (1): 0.8/1.4 MB
2026.04.01 14:35:06 INFO  Progress (1): 0.8/1.4 MB
2026.04.01 14:35:06 INFO  Progress (1): 0.8/1.4 MB
2026.04.01 14:35:06 INFO  Progress (1): 0.8/1.4 MB
2026.04.01 14:35:06 INFO  Progress (1): 0.8/1.4 MB
2026.04.01 14:35:06 INFO  Progress (1): 0.8/1.4 MB
2026.04.01 14:35:06 INFO  Progress (1): 0.9/1.4 MB
2026.04.01 14:35:06 INFO  Progress (1): 0.9/1.4 MB
2026.04.01 14:35:06 INFO  Progress (1): 0.9/1.4 MB
2026.04.01 14:35:06 INFO  Progress (1): 0.9/1.4 MB
2026.04.01 14:35:06 INFO  Progress (1): 0.9/1.4 MB
2026.04.01 14:35:06 INFO  Progress (1): 0.9/1.4 MB
2026.04.01 14:35:06 INFO  Progress (1): 0.9/1.4 MB
2026.04.01 14:35:06 INFO  Progress (1): 1.0/1.4 MB
2026.04.01 14:35:06 INFO  Progress (1): 1.0/1.4 MB
2026.04.01 14:35:06 INFO  Progress (1): 1.0/1.4 MB
2026.04.01 14:35:06 INFO  Progress (1): 1.0/1.4 MB
2026.04.01 14:35:06 INFO  Progress (1): 1.0/1.4 MB
2026.04.01 14:35:06 INFO  Progress (1): 1.0/1.4 MB
2026.04.01 14:35:06 INFO  Progress (1): 1.1/1.4 MB
2026.04.01 14:35:06 INFO  Progress (1): 1.1/1.4 MB
2026.04.01 14:35:06 INFO  Progress (1): 1.1/1.4 MB
2026.04.01 14:35:06 INFO  Progress (1): 1.1/1.4 MB
2026.04.01 14:35:06 INFO  Progress (1): 1.1/1.4 MB
2026.04.01 14:35:06 INFO  Progress (1): 1.1/1.4 MB
2026.04.01 14:35:06 INFO  Progress (1): 1.2/1.4 MB
2026.04.01 14:35:06 INFO  Progress (1): 1.2/1.4 MB
2026.04.01 14:35:06 INFO  Progress (1): 1.2/1.4 MB
2026.04.01 14:35:06 INFO  Progress (1): 1.2/1.4 MB
2026.04.01 14:35:06 INFO  Progress (1): 1.2/1.4 MB
2026.04.01 14:35:06 INFO  Progress (1): 1.2/1.4 MB
2026.04.01 14:35:06 INFO  Progress (1): 1.3/1.4 MB
2026.04.01 14:35:06 INFO  Progress (1): 1.3/1.4 MB
2026.04.01 14:35:06 INFO  Progress (1): 1.3/1.4 MB
2026.04.01 14:35:06 INFO  Progress (1): 1.3/1.4 MB
2026.04.01 14:35:06 INFO  Progress (1): 1.3/1.4 MB
2026.04.01 14:35:06 INFO  Progress (1): 1.3/1.4 MB
2026.04.01 14:35:06 INFO  Progress (1): 1.4/1.4 MB
2026.04.01 14:35:06 INFO  Progress (1): 1.4/1.4 MB
2026.04.01 14:35:06 INFO  Progress (1): 1.4/1.4 MB
2026.04.01 14:35:06 INFO  Progress (1): 1.4/1.4 MB
2026.04.01 14:35:06 INFO  Progress (1): 1.4 MB    
2026.04.01 14:35:06 INFO                      
2026.04.01 14:35:06 INFO  Downloaded from central: https://repo.maven.apache.org/maven2/net/bytebuddy/byte-buddy/1.14.12/byte-buddy-1.14.12-sources.jar (1.4 MB at 6.4 MB/s)
2026.04.01 14:35:06 INFO  [INFO] SUCCESS: net.bytebuddy:byte-buddy:jar:1.14.12:runtime (sources = true)
2026.04.01 14:35:06 INFO  [INFO] Resolving artifact: org.objenesis:objenesis:jar:3.3:test (sources = false)
2026.04.01 14:35:06 INFO  [INFO] SUCCESS: org.objenesis:objenesis:jar:3.3:test (sources = false)
2026.04.01 14:35:06 INFO  [INFO] Resolving artifact: org.objenesis:objenesis:jar:3.3:test (sources = true)
2026.04.01 14:35:06 INFO  [INFO] SUCCESS: org.objenesis:objenesis:jar:3.3:test (sources = true)
2026.04.01 14:35:06 INFO  [INFO] Resolving artifact: org.hibernate.common:hibernate-commons-annotations:jar:6.0.6.Final:runtime (sources = false)
2026.04.01 14:35:06 INFO  [INFO] SUCCESS: org.hibernate.common:hibernate-commons-annotations:jar:6.0.6.Final:runtime (sources = false)
2026.04.01 14:35:06 INFO  [INFO] Resolving artifact: org.hibernate.common:hibernate-commons-annotations:jar:6.0.6.Final:runtime (sources = true)
2026.04.01 14:35:06 INFO  Downloading from central: https://repo.maven.apache.org/maven2/org/hibernate/common/hibernate-commons-annotations/6.0.6.Final/hibernate-commons-annotations-6.0.6.Final-sources.jar
2026.04.01 14:35:06 INFO  Progress (1): 7.7/43 kB
2026.04.01 14:35:06 INFO  Progress (1): 16/43 kB 
2026.04.01 14:35:06 INFO  Progress (1): 32/43 kB
2026.04.01 14:35:06 INFO  Progress (1): 43 kB   
2026.04.01 14:35:06 INFO                     
2026.04.01 14:35:06 INFO  Downloaded from central: https://repo.maven.apache.org/maven2/org/hibernate/common/hibernate-commons-annotations/6.0.6.Final/hibernate-commons-annotations-6.0.6.Final-sources.jar (43 kB at 1.0 MB/s)
2026.04.01 14:35:06 INFO  [INFO] SUCCESS: org.hibernate.common:hibernate-commons-annotations:jar:6.0.6.Final:runtime (sources = true)
2026.04.01 14:35:06 INFO  [INFO] Resolving artifact: org.antlr:antlr4-runtime:jar:4.13.0:compile (sources = false)
2026.04.01 14:35:06 INFO  [INFO] SUCCESS: org.antlr:antlr4-runtime:jar:4.13.0:compile (sources = false)
2026.04.01 14:35:06 INFO  [INFO] Resolving artifact: org.antlr:antlr4-runtime:jar:4.13.0:compile (sources = true)
2026.04.01 14:35:06 INFO  [INFO] SUCCESS: org.antlr:antlr4-runtime:jar:4.13.0:compile (sources = true)
2026.04.01 14:35:06 INFO  [INFO] Resolving artifact: io.jsonwebtoken:jjwt-impl:jar:0.11.5:runtime (sources = false)
2026.04.01 14:35:06 INFO  [INFO] SUCCESS: io.jsonwebtoken:jjwt-impl:jar:0.11.5:runtime (sources = false)
2026.04.01 14:35:06 INFO  [INFO] Resolving artifact: io.jsonwebtoken:jjwt-impl:jar:0.11.5:runtime (sources = true)
2026.04.01 14:35:06 INFO  Downloading from central: https://repo.maven.apache.org/maven2/io/jsonwebtoken/jjwt-impl/0.11.5/jjwt-impl-0.11.5-sources.jar
2026.04.01 14:35:06 INFO  Progress (1): 7.7/63 kB
2026.04.01 14:35:06 INFO  Progress (1): 8.2/63 kB
2026.04.01 14:35:06 INFO  Progress (1): 25/63 kB 
2026.04.01 14:35:06 INFO  Progress (1): 41/63 kB
2026.04.01 14:35:06 INFO  Progress (1): 57/63 kB
2026.04.01 14:35:06 INFO  Progress (1): 63 kB   
2026.04.01 14:35:06 INFO                     
2026.04.01 14:35:06 INFO  Downloaded from central: https://repo.maven.apache.org/maven2/io/jsonwebtoken/jjwt-impl/0.11.5/jjwt-impl-0.11.5-sources.jar (63 kB at 1.2 MB/s)
2026.04.01 14:35:06 INFO  [INFO] SUCCESS: io.jsonwebtoken:jjwt-impl:jar:0.11.5:runtime (sources = true)
2026.04.01 14:35:06 INFO  [INFO] Resolving artifact: org.junit.platform:junit-platform-engine:jar:1.10.2:test (sources = false)
2026.04.01 14:35:06 INFO  [INFO] SUCCESS: org.junit.platform:junit-platform-engine:jar:1.10.2:test (sources = false)
2026.04.01 14:35:06 INFO  [INFO] Resolving artifact: org.junit.platform:junit-platform-engine:jar:1.10.2:test (sources = true)
2026.04.01 14:35:06 INFO  Downloading from central: https://repo.maven.apache.org/maven2/org/junit/platform/junit-platform-engine/1.10.2/junit-platform-engine-1.10.2-sources.jar
2026.04.01 14:35:06 INFO  Progress (1): 7.7/142 kB
2026.04.01 14:35:06 INFO  Progress (1): 7.7/142 kB
2026.04.01 14:35:06 INFO  Progress (1): 24/142 kB 
2026.04.01 14:35:06 INFO  Progress (1): 40/142 kB
2026.04.01 14:35:06 INFO  Progress (1): 57/142 kB
2026.04.01 14:35:06 INFO  Progress (1): 73/142 kB
2026.04.01 14:35:06 INFO  Progress (1): 90/142 kB
2026.04.01 14:35:06 INFO  Progress (1): 106/142 kB
2026.04.01 14:35:06 INFO  Progress (1): 122/142 kB
2026.04.01 14:35:06 INFO  Progress (1): 131/142 kB
2026.04.01 14:35:06 INFO  Progress (1): 142 kB    
2026.04.01 14:35:06 INFO                      
2026.04.01 14:35:06 INFO  Downloaded from central: https://repo.maven.apache.org/maven2/org/junit/platform/junit-platform-engine/1.10.2/junit-platform-engine-1.10.2-sources.jar (142 kB at 2.8 MB/s)
2026.04.01 14:35:06 INFO  [INFO] SUCCESS: org.junit.platform:junit-platform-engine:jar:1.10.2:test (sources = true)
2026.04.01 14:35:06 INFO  [INFO] Resolving artifact: org.ow2.asm:asm:jar:9.3:test (sources = false)
2026.04.01 14:35:06 INFO  [INFO] SUCCESS: org.ow2.asm:asm:jar:9.3:test (sources = false)
2026.04.01 14:35:06 INFO  [INFO] Resolving artifact: org.ow2.asm:asm:jar:9.3:test (sources = true)
2026.04.01 14:35:06 INFO  Downloading from central: https://repo.maven.apache.org/maven2/org/ow2/asm/asm/9.3/asm-9.3-sources.jar
2026.04.01 14:35:06 INFO  Progress (1): 7.7/181 kB
2026.04.01 14:35:06 INFO  Progress (1): 16/181 kB 
2026.04.01 14:35:06 INFO  Progress (1): 25/181 kB
2026.04.01 14:35:06 INFO  Progress (1): 41/181 kB
2026.04.01 14:35:06 INFO  Progress (1): 57/181 kB
2026.04.01 14:35:06 INFO  Progress (1): 74/181 kB
2026.04.01 14:35:06 INFO  Progress (1): 90/181 kB
2026.04.01 14:35:06 INFO  Progress (1): 106/181 kB
2026.04.01 14:35:06 INFO  Progress (1): 123/181 kB
2026.04.01 14:35:06 INFO  Progress (1): 139/181 kB
2026.04.01 14:35:06 INFO  Progress (1): 156/181 kB
2026.04.01 14:35:06 INFO  Progress (1): 172/181 kB
2026.04.01 14:35:06 INFO  Progress (1): 181 kB    
2026.04.01 14:35:06 INFO                      
2026.04.01 14:35:06 INFO  Downloaded from central: https://repo.maven.apache.org/maven2/org/ow2/asm/asm/9.3/asm-9.3-sources.jar (181 kB at 3.1 MB/s)
2026.04.01 14:35:06 INFO  [INFO] SUCCESS: org.ow2.asm:asm:jar:9.3:test (sources = true)
2026.04.01 14:35:06 INFO  [INFO] Resolving artifact: org.springframework.security:spring-security-web:jar:6.2.3:compile (sources = false)
2026.04.01 14:35:06 INFO  [INFO] SUCCESS: org.springframework.security:spring-security-web:jar:6.2.3:compile (sources = false)
2026.04.01 14:35:06 INFO  [INFO] Resolving artifact: org.springframework.security:spring-security-web:jar:6.2.3:compile (sources = true)
2026.04.01 14:35:06 INFO  Downloading from central: https://repo.maven.apache.org/maven2/org/springframework/security/spring-security-web/6.2.3/spring-security-web-6.2.3-sources.jar
2026.04.01 14:35:06 INFO  Progress (1): 7.7/645 kB
2026.04.01 14:35:06 INFO  Progress (1): 16/645 kB 
2026.04.01 14:35:06 INFO  Progress (1): 25/645 kB
2026.04.01 14:35:06 INFO  Progress (1): 41/645 kB
2026.04.01 14:35:06 INFO  Progress (1): 57/645 kB
2026.04.01 14:35:06 INFO  Progress (1): 66/645 kB
2026.04.01 14:35:06 INFO  Progress (1): 82/645 kB
2026.04.01 14:35:06 INFO  Progress (1): 98/645 kB
2026.04.01 14:35:06 INFO  Progress (1): 115/645 kB
2026.04.01 14:35:06 INFO  Progress (1): 131/645 kB
2026.04.01 14:35:06 INFO  Progress (1): 147/645 kB
2026.04.01 14:35:06 INFO  Progress (1): 164/645 kB
2026.04.01 14:35:06 INFO  Progress (1): 180/645 kB
2026.04.01 14:35:06 INFO  Progress (1): 197/645 kB
2026.04.01 14:35:06 INFO  Progress (1): 213/645 kB
2026.04.01 14:35:06 INFO  Progress (1): 229/645 kB
2026.04.01 14:35:06 INFO  Progress (1): 246/645 kB
2026.04.01 14:35:06 INFO  Progress (1): 262/645 kB
2026.04.01 14:35:06 INFO  Progress (1): 279/645 kB
2026.04.01 14:35:06 INFO  Progress (1): 295/645 kB
2026.04.01 14:35:06 INFO  Progress (1): 311/645 kB
2026.04.01 14:35:06 INFO  Progress (1): 328/645 kB
2026.04.01 14:35:06 INFO  Progress (1): 344/645 kB
2026.04.01 14:35:06 INFO  Progress (1): 360/645 kB
2026.04.01 14:35:06 INFO  Progress (1): 377/645 kB
2026.04.01 14:35:06 INFO  Progress (1): 393/645 kB
2026.04.01 14:35:06 INFO  Progress (1): 410/645 kB
2026.04.01 14:35:06 INFO  Progress (1): 426/645 kB
2026.04.01 14:35:06 INFO  Progress (1): 442/645 kB
2026.04.01 14:35:06 INFO  Progress (1): 459/645 kB
2026.04.01 14:35:06 INFO  Progress (1): 475/645 kB
2026.04.01 14:35:06 INFO  Progress (1): 492/645 kB
2026.04.01 14:35:06 INFO  Progress (1): 508/645 kB
2026.04.01 14:35:06 INFO  Progress (1): 524/645 kB
2026.04.01 14:35:06 INFO  Progress (1): 541/645 kB
2026.04.01 14:35:06 INFO  Progress (1): 557/645 kB
2026.04.01 14:35:06 INFO  Progress (1): 573/645 kB
2026.04.01 14:35:06 INFO  Progress (1): 590/645 kB
2026.04.01 14:35:06 INFO  Progress (1): 606/645 kB
2026.04.01 14:35:06 INFO  Progress (1): 623/645 kB
2026.04.01 14:35:06 INFO  Progress (1): 639/645 kB
2026.04.01 14:35:06 INFO  Progress (1): 645 kB    
2026.04.01 14:35:06 INFO                      
2026.04.01 14:35:06 INFO  Downloaded from central: https://repo.maven.apache.org/maven2/org/springframework/security/spring-security-web/6.2.3/spring-security-web-6.2.3-sources.jar (645 kB at 5.9 MB/s)
2026.04.01 14:35:06 INFO  [INFO] SUCCESS: org.springframework.security:spring-security-web:jar:6.2.3:compile (sources = true)
2026.04.01 14:35:06 INFO  [INFO] Resolving artifact: org.eclipse.angus:angus-activation:jar:2.0.2:runtime (sources = false)
2026.04.01 14:35:06 INFO  [INFO] SUCCESS: org.eclipse.angus:angus-activation:jar:2.0.2:runtime (sources = false)
2026.04.01 14:35:06 INFO  [INFO] Resolving artifact: org.eclipse.angus:angus-activation:jar:2.0.2:runtime (sources = true)
2026.04.01 14:35:06 INFO  [INFO] SUCCESS: org.eclipse.angus:angus-activation:jar:2.0.2:runtime (sources = true)
2026.04.01 14:35:06 INFO  [INFO] Resolving artifact: org.apache.tomcat.embed:tomcat-embed-el:jar:10.1.19:compile (sources = false)
2026.04.01 14:35:06 INFO  [INFO] SUCCESS: org.apache.tomcat.embed:tomcat-embed-el:jar:10.1.19:compile (sources = false)
2026.04.01 14:35:06 INFO  [INFO] Resolving artifact: org.apache.tomcat.embed:tomcat-embed-el:jar:10.1.19:compile (sources = true)
2026.04.01 14:35:06 INFO  Downloading from central: https://repo.maven.apache.org/maven2/org/apache/tomcat/embed/tomcat-embed-el/10.1.19/tomcat-embed-el-10.1.19-sources.jar
2026.04.01 14:35:06 INFO  Progress (1): 7.7/222 kB
2026.04.01 14:35:06 INFO  Progress (1): 16/222 kB 
2026.04.01 14:35:06 INFO  Progress (1): 32/222 kB
2026.04.01 14:35:06 INFO  Progress (1): 48/222 kB
2026.04.01 14:35:06 INFO  Progress (1): 65/222 kB
2026.04.01 14:35:06 INFO  Progress (1): 81/222 kB
2026.04.01 14:35:06 INFO  Progress (1): 98/222 kB
2026.04.01 14:35:06 INFO  Progress (1): 114/222 kB
2026.04.01 14:35:06 INFO  Progress (1): 130/222 kB
2026.04.01 14:35:06 INFO  Progress (1): 147/222 kB
2026.04.01 14:35:06 INFO  Progress (1): 163/222 kB
2026.04.01 14:35:06 INFO  Progress (1): 179/222 kB
2026.04.01 14:35:06 INFO  Progress (1): 196/222 kB
2026.04.01 14:35:06 INFO  Progress (1): 212/222 kB
2026.04.01 14:35:06 INFO  Progress (1): 222 kB    
2026.04.01 14:35:06 INFO                      
2026.04.01 14:35:06 INFO  Downloaded from central: https://repo.maven.apache.org/maven2/org/apache/tomcat/embed/tomcat-embed-el/10.1.19/tomcat-embed-el-10.1.19-sources.jar (222 kB at 3.6 MB/s)
2026.04.01 14:35:06 INFO  [INFO] SUCCESS: org.apache.tomcat.embed:tomcat-embed-el:jar:10.1.19:compile (sources = true)
2026.04.01 14:35:06 INFO  [INFO] Resolving artifact: org.slf4j:jul-to-slf4j:jar:2.0.12:compile (sources = false)
2026.04.01 14:35:06 INFO  [INFO] SUCCESS: org.slf4j:jul-to-slf4j:jar:2.0.12:compile (sources = false)
2026.04.01 14:35:06 INFO  [INFO] Resolving artifact: org.slf4j:jul-to-slf4j:jar:2.0.12:compile (sources = true)
2026.04.01 14:35:06 INFO  Downloading from central: https://repo.maven.apache.org/maven2/org/slf4j/jul-to-slf4j/2.0.12/jul-to-slf4j-2.0.12-sources.jar
2026.04.01 14:35:06 INFO  Progress (1): 7.1 kB
2026.04.01 14:35:06 INFO                      
2026.04.01 14:35:06 INFO  Downloaded from central: https://repo.maven.apache.org/maven2/org/slf4j/jul-to-slf4j/2.0.12/jul-to-slf4j-2.0.12-sources.jar (7.1 kB at 186 kB/s)
2026.04.01 14:35:06 INFO  [INFO] SUCCESS: org.slf4j:jul-to-slf4j:jar:2.0.12:compile (sources = true)
2026.04.01 14:35:06 INFO  [INFO] Resolving artifact: com.fasterxml.jackson.core:jackson-databind:jar:2.15.4:compile (sources = false)
2026.04.01 14:35:06 INFO  [INFO] SUCCESS: com.fasterxml.jackson.core:jackson-databind:jar:2.15.4:compile (sources = false)
2026.04.01 14:35:06 INFO  [INFO] Resolving artifact: com.fasterxml.jackson.core:jackson-databind:jar:2.15.4:compile (sources = true)
2026.04.01 14:35:06 INFO  Downloading from central: https://repo.maven.apache.org/maven2/com/fasterxml/jackson/core/jackson-databind/2.15.4/jackson-databind-2.15.4-sources.jar
2026.04.01 14:35:06 INFO  Progress (1): 0/1.2 MB
2026.04.01 14:35:06 INFO  Progress (1): 0/1.2 MB
2026.04.01 14:35:06 INFO  Progress (1): 0/1.2 MB
2026.04.01 14:35:06 INFO  Progress (1): 0/1.2 MB
2026.04.01 14:35:06 INFO  Progress (1): 0.1/1.2 MB
2026.04.01 14:35:06 INFO  Progress (1): 0.1/1.2 MB
2026.04.01 14:35:06 INFO  Progress (1): 0.1/1.2 MB
2026.04.01 14:35:06 INFO  Progress (1): 0.1/1.2 MB
2026.04.01 14:35:06 INFO  Progress (1): 0.1/1.2 MB
2026.04.01 14:35:06 INFO  Progress (1): 0.1/1.2 MB
2026.04.01 14:35:06 INFO  Progress (1): 0.2/1.2 MB
2026.04.01 14:35:06 INFO  Progress (1): 0.2/1.2 MB
2026.04.01 14:35:06 INFO  Progress (1): 0.2/1.2 MB
2026.04.01 14:35:06 INFO  Progress (1): 0.2/1.2 MB
2026.04.01 14:35:06 INFO  Progress (1): 0.2/1.2 MB
2026.04.01 14:35:06 INFO  Progress (1): 0.2/1.2 MB
2026.04.01 14:35:06 INFO  Progress (1): 0.3/1.2 MB
2026.04.01 14:35:06 INFO  Progress (1): 0.3/1.2 MB
2026.04.01 14:35:06 INFO  Progress (1): 0.3/1.2 MB
2026.04.01 14:35:06 INFO  Progress (1): 0.3/1.2 MB
2026.04.01 14:35:06 INFO  Progress (1): 0.3/1.2 MB
2026.04.01 14:35:06 INFO  Progress (1): 0.3/1.2 MB
2026.04.01 14:35:06 INFO  Progress (1): 0.3/1.2 MB
2026.04.01 14:35:06 INFO  Progress (1): 0.4/1.2 MB
2026.04.01 14:35:06 INFO  Progress (1): 0.4/1.2 MB
2026.04.01 14:35:06 INFO  Progress (1): 0.4/1.2 MB
2026.04.01 14:35:06 INFO  Progress (1): 0.4/1.2 MB
2026.04.01 14:35:06 INFO  Progress (1): 0.4/1.2 MB
2026.04.01 14:35:06 INFO  Progress (1): 0.4/1.2 MB
2026.04.01 14:35:06 INFO  Progress (1): 0.5/1.2 MB
2026.04.01 14:35:06 INFO  Progress (1): 0.5/1.2 MB
2026.04.01 14:35:06 INFO  Progress (1): 0.5/1.2 MB
2026.04.01 14:35:06 INFO  Progress (1): 0.5/1.2 MB
2026.04.01 14:35:06 INFO  Progress (1): 0.5/1.2 MB
2026.04.01 14:35:06 INFO  Progress (1): 0.5/1.2 MB
2026.04.01 14:35:06 INFO  Progress (1): 0.6/1.2 MB
2026.04.01 14:35:06 INFO  Progress (1): 0.6/1.2 MB
2026.04.01 14:35:06 INFO  Progress (1): 0.6/1.2 MB
2026.04.01 14:35:06 INFO  Progress (1): 0.6/1.2 MB
2026.04.01 14:35:06 INFO  Progress (1): 0.6/1.2 MB
2026.04.01 14:35:06 INFO  Progress (1): 0.6/1.2 MB
2026.04.01 14:35:06 INFO  Progress (1): 0.7/1.2 MB
2026.04.01 14:35:06 INFO  Progress (1): 0.7/1.2 MB
2026.04.01 14:35:06 INFO  Progress (1): 0.7/1.2 MB
2026.04.01 14:35:06 INFO  Progress (1): 0.7/1.2 MB
2026.04.01 14:35:06 INFO  Progress (1): 0.7/1.2 MB
2026.04.01 14:35:06 INFO  Progress (1): 0.7/1.2 MB
2026.04.01 14:35:06 INFO  Progress (1): 0.8/1.2 MB
2026.04.01 14:35:06 INFO  Progress (1): 0.8/1.2 MB
2026.04.01 14:35:06 INFO  Progress (1): 0.8/1.2 MB
2026.04.01 14:35:06 INFO  Progress (1): 0.8/1.2 MB
2026.04.01 14:35:06 INFO  Progress (1): 0.8/1.2 MB
2026.04.01 14:35:06 INFO  Progress (1): 0.8/1.2 MB
2026.04.01 14:35:06 INFO  Progress (1): 0.9/1.2 MB
2026.04.01 14:35:06 INFO  Progress (1): 0.9/1.2 MB
2026.04.01 14:35:06 INFO  Progress (1): 0.9/1.2 MB
2026.04.01 14:35:06 INFO  Progress (1): 0.9/1.2 MB
2026.04.01 14:35:06 INFO  Progress (1): 0.9/1.2 MB
2026.04.01 14:35:06 INFO  Progress (1): 0.9/1.2 MB
2026.04.01 14:35:06 INFO  Progress (1): 0.9/1.2 MB
2026.04.01 14:35:06 INFO  Progress (1): 1.0/1.2 MB
2026.04.01 14:35:06 INFO  Progress (1): 1.0/1.2 MB
2026.04.01 14:35:06 INFO  Progress (1): 1.0/1.2 MB
2026.04.01 14:35:06 INFO  Progress (1): 1.0/1.2 MB
2026.04.01 14:35:06 INFO  Progress (1): 1.0/1.2 MB
2026.04.01 14:35:06 INFO  Progress (1): 1.0/1.2 MB
2026.04.01 14:35:06 INFO  Progress (1): 1.1/1.2 MB
2026.04.01 14:35:06 INFO  Progress (1): 1.1/1.2 MB
2026.04.01 14:35:06 INFO  Progress (1): 1.1/1.2 MB
2026.04.01 14:35:06 INFO  Progress (1): 1.1/1.2 MB
2026.04.01 14:35:06 INFO  Progress (1): 1.1/1.2 MB
2026.04.01 14:35:06 INFO  Progress (1): 1.1/1.2 MB
2026.04.01 14:35:06 INFO  Progress (1): 1.2/1.2 MB
2026.04.01 14:35:06 INFO  Progress (1): 1.2/1.2 MB
2026.04.01 14:35:06 INFO  Progress (1): 1.2/1.2 MB
2026.04.01 14:35:06 INFO  Progress (1): 1.2 MB    
2026.04.01 14:35:06 INFO                      
2026.04.01 14:35:06 INFO  Downloaded from central: https://repo.maven.apache.org/maven2/com/fasterxml/jackson/core/jackson-databind/2.15.4/jackson-databind-2.15.4-sources.jar (1.2 MB at 6.3 MB/s)
2026.04.01 14:35:06 INFO  [INFO] SUCCESS: com.fasterxml.jackson.core:jackson-databind:jar:2.15.4:compile (sources = true)
2026.04.01 14:35:06 INFO  [INFO] Resolving artifact: ch.qos.logback:logback-classic:jar:1.4.14:compile (sources = false)
2026.04.01 14:35:06 INFO  [INFO] SUCCESS: ch.qos.logback:logback-classic:jar:1.4.14:compile (sources = false)
2026.04.01 14:35:06 INFO  [INFO] Resolving artifact: ch.qos.logback:logback-classic:jar:1.4.14:compile (sources = true)
2026.04.01 14:35:06 INFO  Downloading from central: https://repo.maven.apache.org/maven2/ch/qos/logback/logback-classic/1.4.14/logback-classic-1.4.14-sources.jar
2026.04.01 14:35:06 INFO  Progress (1): 7.7/233 kB
2026.04.01 14:35:06 INFO  Progress (1): 12/233 kB 
2026.04.01 14:35:06 INFO  Progress (1): 29/233 kB
2026.04.01 14:35:06 INFO  Progress (1): 45/233 kB
2026.04.01 14:35:06 INFO  Progress (1): 61/233 kB
2026.04.01 14:35:06 INFO  Progress (1): 78/233 kB
2026.04.01 14:35:06 INFO  Progress (1): 94/233 kB
2026.04.01 14:35:06 INFO  Progress (1): 111/233 kB
2026.04.01 14:35:06 INFO  Progress (1): 127/233 kB
2026.04.01 14:35:06 INFO  Progress (1): 143/233 kB
2026.04.01 14:35:06 INFO  Progress (1): 160/233 kB
2026.04.01 14:35:06 INFO  Progress (1): 176/233 kB
2026.04.01 14:35:06 INFO  Progress (1): 193/233 kB
2026.04.01 14:35:06 INFO  Progress (1): 209/233 kB
2026.04.01 14:35:06 INFO  Progress (1): 225/233 kB
2026.04.01 14:35:06 INFO  Progress (1): 233 kB    
2026.04.01 14:35:06 INFO                      
2026.04.01 14:35:06 INFO  Downloaded from central: https://repo.maven.apache.org/maven2/ch/qos/logback/logback-classic/1.4.14/logback-classic-1.4.14-sources.jar (233 kB at 4.2 MB/s)
2026.04.01 14:35:06 INFO  [INFO] SUCCESS: ch.qos.logback:logback-classic:jar:1.4.14:compile (sources = true)
2026.04.01 14:35:06 INFO  [INFO] Resolving artifact: org.springframework:spring-web:jar:6.1.5:compile (sources = false)
2026.04.01 14:35:06 INFO  [INFO] SUCCESS: org.springframework:spring-web:jar:6.1.5:compile (sources = false)
2026.04.01 14:35:06 INFO  [INFO] Resolving artifact: org.springframework:spring-web:jar:6.1.5:compile (sources = true)
2026.04.01 14:35:06 INFO  Downloading from central: https://repo.maven.apache.org/maven2/org/springframework/spring-web/6.1.5/spring-web-6.1.5-sources.jar
2026.04.01 14:35:06 INFO  Progress (1): 0/1.3 MB
2026.04.01 14:35:06 INFO  Progress (1): 0/1.3 MB
2026.04.01 14:35:06 INFO  Progress (1): 0/1.3 MB
2026.04.01 14:35:06 INFO  Progress (1): 0/1.3 MB
2026.04.01 14:35:06 INFO  Progress (1): 0.1/1.3 MB
2026.04.01 14:35:06 INFO  Progress (1): 0.1/1.3 MB
2026.04.01 14:35:06 INFO  Progress (1): 0.1/1.3 MB
2026.04.01 14:35:06 INFO  Progress (1): 0.1/1.3 MB
2026.04.01 14:35:06 INFO  Progress (1): 0.1/1.3 MB
2026.04.01 14:35:06 INFO  Progress (1): 0.1/1.3 MB
2026.04.01 14:35:06 INFO  Progress (1): 0.2/1.3 MB
2026.04.01 14:35:06 INFO  Progress (1): 0.2/1.3 MB
2026.04.01 14:35:06 INFO  Progress (1): 0.2/1.3 MB
2026.04.01 14:35:06 INFO  Progress (1): 0.2/1.3 MB
2026.04.01 14:35:06 INFO  Progress (1): 0.2/1.3 MB
2026.04.01 14:35:06 INFO  Progress (1): 0.2/1.3 MB
2026.04.01 14:35:06 INFO  Progress (1): 0.3/1.3 MB
2026.04.01 14:35:06 INFO  Progress (1): 0.3/1.3 MB
2026.04.01 14:35:06 INFO  Progress (1): 0.3/1.3 MB
2026.04.01 14:35:06 INFO  Progress (1): 0.3/1.3 MB
2026.04.01 14:35:06 INFO  Progress (1): 0.3/1.3 MB
2026.04.01 14:35:06 INFO  Progress (1): 0.3/1.3 MB
2026.04.01 14:35:06 INFO  Progress (1): 0.4/1.3 MB
2026.04.01 14:35:06 INFO  Progress (1): 0.4/1.3 MB
2026.04.01 14:35:06 INFO  Progress (1): 0.4/1.3 MB
2026.04.01 14:35:06 INFO  Progress (1): 0.4/1.3 MB
2026.04.01 14:35:06 INFO  Progress (1): 0.4/1.3 MB
2026.04.01 14:35:06 INFO  Progress (1): 0.4/1.3 MB
2026.04.01 14:35:06 INFO  Progress (1): 0.5/1.3 MB
2026.04.01 14:35:06 INFO  Progress (1): 0.5/1.3 MB
2026.04.01 14:35:06 INFO  Progress (1): 0.5/1.3 MB
2026.04.01 14:35:06 INFO  Progress (1): 0.5/1.3 MB
2026.04.01 14:35:06 INFO  Progress (1): 0.5/1.3 MB
2026.04.01 14:35:06 INFO  Progress (1): 0.5/1.3 MB
2026.04.01 14:35:06 INFO  Progress (1): 0.6/1.3 MB
2026.04.01 14:35:06 INFO  Progress (1): 0.6/1.3 MB
2026.04.01 14:35:06 INFO  Progress (1): 0.6/1.3 MB
2026.04.01 14:35:06 INFO  Progress (1): 0.6/1.3 MB
2026.04.01 14:35:06 INFO  Progress (1): 0.6/1.3 MB
2026.04.01 14:35:06 INFO  Progress (1): 0.6/1.3 MB
2026.04.01 14:35:06 INFO  Progress (1): 0.7/1.3 MB
2026.04.01 14:35:06 INFO  Progress (1): 0.7/1.3 MB
2026.04.01 14:35:06 INFO  Progress (1): 0.7/1.3 MB
2026.04.01 14:35:06 INFO  Progress (1): 0.7/1.3 MB
2026.04.01 14:35:06 INFO  Progress (1): 0.7/1.3 MB
2026.04.01 14:35:06 INFO  Progress (1): 0.7/1.3 MB
2026.04.01 14:35:06 INFO  Progress (1): 0.8/1.3 MB
2026.04.01 14:35:06 INFO  Progress (1): 0.8/1.3 MB
2026.04.01 14:35:06 INFO  Progress (1): 0.8/1.3 MB
2026.04.01 14:35:06 INFO  Progress (1): 0.8/1.3 MB
2026.04.01 14:35:06 INFO  Progress (1): 0.8/1.3 MB
2026.04.01 14:35:06 INFO  Progress (1): 0.8/1.3 MB
2026.04.01 14:35:06 INFO  Progress (1): 0.9/1.3 MB
2026.04.01 14:35:06 INFO  Progress (1): 0.9/1.3 MB
2026.04.01 14:35:06 INFO  Progress (1): 0.9/1.3 MB
2026.04.01 14:35:06 INFO  Progress (1): 0.9/1.3 MB
2026.04.01 14:35:06 INFO  Progress (1): 0.9/1.3 MB
2026.04.01 14:35:06 INFO  Progress (1): 0.9/1.3 MB
2026.04.01 14:35:06 INFO  Progress (1): 0.9/1.3 MB
2026.04.01 14:35:06 INFO  Progress (1): 1.0/1.3 MB
2026.04.01 14:35:06 INFO  Progress (1): 1.0/1.3 MB
2026.04.01 14:35:06 INFO  Progress (1): 1.0/1.3 MB
2026.04.01 14:35:06 INFO  Progress (1): 1.0/1.3 MB
2026.04.01 14:35:07 INFO  Progress (1): 1.0/1.3 MB
2026.04.01 14:35:07 INFO  Progress (1): 1.0/1.3 MB
2026.04.01 14:35:07 INFO  Progress (1): 1.1/1.3 MB
2026.04.01 14:35:07 INFO  Progress (1): 1.1/1.3 MB
2026.04.01 14:35:07 INFO  Progress (1): 1.1/1.3 MB
2026.04.01 14:35:07 INFO  Progress (1): 1.1/1.3 MB
2026.04.01 14:35:07 INFO  Progress (1): 1.1/1.3 MB
2026.04.01 14:35:07 INFO  Progress (1): 1.1/1.3 MB
2026.04.01 14:35:07 INFO  Progress (1): 1.2/1.3 MB
2026.04.01 14:35:07 INFO  Progress (1): 1.2/1.3 MB
2026.04.01 14:35:07 INFO  Progress (1): 1.2/1.3 MB
2026.04.01 14:35:07 INFO  Progress (1): 1.2/1.3 MB
2026.04.01 14:35:07 INFO  Progress (1): 1.2/1.3 MB
2026.04.01 14:35:07 INFO  Progress (1): 1.2/1.3 MB
2026.04.01 14:35:07 INFO  Progress (1): 1.3/1.3 MB
2026.04.01 14:35:07 INFO  Progress (1): 1.3/1.3 MB
2026.04.01 14:35:07 INFO  Progress (1): 1.3/1.3 MB
2026.04.01 14:35:07 INFO  Progress (1): 1.3/1.3 MB
2026.04.01 14:35:07 INFO  Progress (1): 1.3/1.3 MB
2026.04.01 14:35:07 INFO  Progress (1): 1.3/1.3 MB
2026.04.01 14:35:07 INFO  Progress (1): 1.3 MB    
2026.04.01 14:35:07 INFO                      
2026.04.01 14:35:07 INFO  Downloaded from central: https://repo.maven.apache.org/maven2/org/springframework/spring-web/6.1.5/spring-web-6.1.5-sources.jar (1.3 MB at 6.5 MB/s)
2026.04.01 14:35:07 INFO  [INFO] SUCCESS: org.springframework:spring-web:jar:6.1.5:compile (sources = true)
2026.04.01 14:35:07 INFO  [INFO] Resolving artifact: org.springframework.boot:spring-boot-test-autoconfigure:jar:3.2.4:test (sources = false)
2026.04.01 14:35:07 INFO  [INFO] SUCCESS: org.springframework.boot:spring-boot-test-autoconfigure:jar:3.2.4:test (sources = false)
2026.04.01 14:35:07 INFO  [INFO] Resolving artifact: org.springframework.boot:spring-boot-test-autoconfigure:jar:3.2.4:test (sources = true)
2026.04.01 14:35:07 INFO  Downloading from central: https://repo.maven.apache.org/maven2/org/springframework/boot/spring-boot-test-autoconfigure/3.2.4/spring-boot-test-autoconfigure-3.2.4-sources.jar
2026.04.01 14:35:07 INFO  Progress (1): 7.7/221 kB
2026.04.01 14:35:07 INFO  Progress (1): 12/221 kB 
2026.04.01 14:35:07 INFO  Progress (1): 29/221 kB
2026.04.01 14:35:07 INFO  Progress (1): 45/221 kB
2026.04.01 14:35:07 INFO  Progress (1): 61/221 kB
2026.04.01 14:35:07 INFO  Progress (1): 78/221 kB
2026.04.01 14:35:07 INFO  Progress (1): 94/221 kB
2026.04.01 14:35:07 INFO  Progress (1): 111/221 kB
2026.04.01 14:35:07 INFO  Progress (1): 127/221 kB
2026.04.01 14:35:07 INFO  Progress (1): 131/221 kB
2026.04.01 14:35:07 INFO  Progress (1): 147/221 kB
2026.04.01 14:35:07 INFO  Progress (1): 164/221 kB
2026.04.01 14:35:07 INFO  Progress (1): 180/221 kB
2026.04.01 14:35:07 INFO  Progress (1): 197/221 kB
2026.04.01 14:35:07 INFO  Progress (1): 213/221 kB
2026.04.01 14:35:07 INFO  Progress (1): 221 kB    
2026.04.01 14:35:07 INFO                      
2026.04.01 14:35:07 INFO  Downloaded from central: https://repo.maven.apache.org/maven2/org/springframework/boot/spring-boot-test-autoconfigure/3.2.4/spring-boot-test-autoconfigure-3.2.4-sources.jar (221 kB at 4.2 MB/s)
2026.04.01 14:35:07 INFO  [INFO] SUCCESS: org.springframework.boot:spring-boot-test-autoconfigure:jar:3.2.4:test (sources = true)
2026.04.01 14:35:07 INFO  [INFO] Resolving artifact: org.junit.jupiter:junit-jupiter:jar:5.10.2:test (sources = false)
2026.04.01 14:35:07 INFO  [INFO] SUCCESS: org.junit.jupiter:junit-jupiter:jar:5.10.2:test (sources = false)
2026.04.01 14:35:07 INFO  [INFO] Resolving artifact: org.junit.jupiter:junit-jupiter:jar:5.10.2:test (sources = true)
2026.04.01 14:35:07 INFO  Downloading from central: https://repo.maven.apache.org/maven2/org/junit/jupiter/junit-jupiter/5.10.2/junit-jupiter-5.10.2-sources.jar
2026.04.01 14:35:07 INFO  Progress (1): 6.1 kB
2026.04.01 14:35:07 INFO                      
2026.04.01 14:35:07 INFO  Downloaded from central: https://repo.maven.apache.org/maven2/org/junit/jupiter/junit-jupiter/5.10.2/junit-jupiter-5.10.2-sources.jar (6.1 kB at 156 kB/s)
2026.04.01 14:35:07 INFO  [INFO] SUCCESS: org.junit.jupiter:junit-jupiter:jar:5.10.2:test (sources = true)
2026.04.01 14:35:07 INFO  [INFO] Resolving artifact: jakarta.persistence:jakarta.persistence-api:jar:3.1.0:compile (sources = false)
2026.04.01 14:35:07 INFO  [INFO] SUCCESS: jakarta.persistence:jakarta.persistence-api:jar:3.1.0:compile (sources = false)
2026.04.01 14:35:07 INFO  [INFO] Resolving artifact: jakarta.persistence:jakarta.persistence-api:jar:3.1.0:compile (sources = true)
2026.04.01 14:35:07 INFO  [INFO] SUCCESS: jakarta.persistence:jakarta.persistence-api:jar:3.1.0:compile (sources = true)
2026.04.01 14:35:07 INFO  [INFO] Resolving artifact: jakarta.activation:jakarta.activation-api:jar:2.1.3:runtime (sources = false)
2026.04.01 14:35:07 INFO  [INFO] SUCCESS: jakarta.activation:jakarta.activation-api:jar:2.1.3:runtime (sources = false)
2026.04.01 14:35:07 INFO  [INFO] Resolving artifact: jakarta.activation:jakarta.activation-api:jar:2.1.3:runtime (sources = true)
2026.04.01 14:35:07 INFO  [INFO] SUCCESS: jakarta.activation:jakarta.activation-api:jar:2.1.3:runtime (sources = true)
2026.04.01 14:35:07 INFO  [INFO] Resolving artifact: org.springframework:spring-tx:jar:6.1.5:compile (sources = false)
2026.04.01 14:35:07 INFO  [INFO] SUCCESS: org.springframework:spring-tx:jar:6.1.5:compile (sources = false)
2026.04.01 14:35:07 INFO  [INFO] Resolving artifact: org.springframework:spring-tx:jar:6.1.5:compile (sources = true)
2026.04.01 14:35:07 INFO  Downloading from central: https://repo.maven.apache.org/maven2/org/springframework/spring-tx/6.1.5/spring-tx-6.1.5-sources.jar
2026.04.01 14:35:07 INFO  Progress (1): 7.7/292 kB
2026.04.01 14:35:07 INFO  Progress (1): 16/292 kB 
2026.04.01 14:35:07 INFO  Progress (1): 32/292 kB
2026.04.01 14:35:07 INFO  Progress (1): 49/292 kB
2026.04.01 14:35:07 INFO  Progress (1): 65/292 kB
2026.04.01 14:35:07 INFO  Progress (1): 81/292 kB
2026.04.01 14:35:07 INFO  Progress (1): 98/292 kB
2026.04.01 14:35:07 INFO  Progress (1): 114/292 kB
2026.04.01 14:35:07 INFO  Progress (1): 131/292 kB
2026.04.01 14:35:07 INFO  Progress (1): 147/292 kB
2026.04.01 14:35:07 INFO  Progress (1): 163/292 kB
2026.04.01 14:35:07 INFO  Progress (1): 164/292 kB
2026.04.01 14:35:07 INFO  Progress (1): 180/292 kB
2026.04.01 14:35:07 INFO  Progress (1): 197/292 kB
2026.04.01 14:35:07 INFO  Progress (1): 213/292 kB
2026.04.01 14:35:07 INFO  Progress (1): 229/292 kB
2026.04.01 14:35:07 INFO  Progress (1): 246/292 kB
2026.04.01 14:35:07 INFO  Progress (1): 262/292 kB
2026.04.01 14:35:07 INFO  Progress (1): 279/292 kB
2026.04.01 14:35:07 INFO  Progress (1): 292 kB    
2026.04.01 14:35:07 INFO                      
2026.04.01 14:35:07 INFO  Downloaded from central: https://repo.maven.apache.org/maven2/org/springframework/spring-tx/6.1.5/spring-tx-6.1.5-sources.jar (292 kB at 4.8 MB/s)
2026.04.01 14:35:07 INFO  [INFO] SUCCESS: org.springframework:spring-tx:jar:6.1.5:compile (sources = true)
2026.04.01 14:35:07 INFO  [INFO] Resolving artifact: org.springframework:spring-core:jar:6.1.5:compile (sources = false)
2026.04.01 14:35:07 INFO  [INFO] SUCCESS: org.springframework:spring-core:jar:6.1.5:compile (sources = false)
2026.04.01 14:35:07 INFO  [INFO] Resolving artifact: org.springframework:spring-core:jar:6.1.5:compile (sources = true)
2026.04.01 14:35:07 INFO  Downloading from central: https://repo.maven.apache.org/maven2/org/springframework/spring-core/6.1.5/spring-core-6.1.5-sources.jar
2026.04.01 14:35:07 INFO  Progress (1): 0/1.4 MB
2026.04.01 14:35:07 INFO  Progress (1): 0/1.4 MB
2026.04.01 14:35:07 INFO  Progress (1): 0/1.4 MB
2026.04.01 14:35:07 INFO  Progress (1): 0/1.4 MB
2026.04.01 14:35:07 INFO  Progress (1): 0.1/1.4 MB
2026.04.01 14:35:07 INFO  Progress (1): 0.1/1.4 MB
2026.04.01 14:35:07 INFO  Progress (1): 0.1/1.4 MB
2026.04.01 14:35:07 INFO  Progress (1): 0.1/1.4 MB
2026.04.01 14:35:07 INFO  Progress (1): 0.1/1.4 MB
2026.04.01 14:35:07 INFO  Progress (1): 0.1/1.4 MB
2026.04.01 14:35:07 INFO  Progress (1): 0.2/1.4 MB
2026.04.01 14:35:07 INFO  Progress (1): 0.2/1.4 MB
2026.04.01 14:35:07 INFO  Progress (1): 0.2/1.4 MB
2026.04.01 14:35:07 INFO  Progress (1): 0.2/1.4 MB
2026.04.01 14:35:07 INFO  Progress (1): 0.2/1.4 MB
2026.04.01 14:35:07 INFO  Progress (1): 0.2/1.4 MB
2026.04.01 14:35:07 INFO  Progress (1): 0.3/1.4 MB
2026.04.01 14:35:07 INFO  Progress (1): 0.3/1.4 MB
2026.04.01 14:35:07 INFO  Progress (1): 0.3/1.4 MB
2026.04.01 14:35:07 INFO  Progress (1): 0.3/1.4 MB
2026.04.01 14:35:07 INFO  Progress (1): 0.3/1.4 MB
2026.04.01 14:35:07 INFO  Progress (1): 0.3/1.4 MB
2026.04.01 14:35:07 INFO  Progress (1): 0.4/1.4 MB
2026.04.01 14:35:07 INFO  Progress (1): 0.4/1.4 MB
2026.04.01 14:35:07 INFO  Progress (1): 0.4/1.4 MB
2026.04.01 14:35:07 INFO  Progress (1): 0.4/1.4 MB
2026.04.01 14:35:07 INFO  Progress (1): 0.4/1.4 MB
2026.04.01 14:35:07 INFO  Progress (1): 0.4/1.4 MB
2026.04.01 14:35:07 INFO  Progress (1): 0.5/1.4 MB
2026.04.01 14:35:07 INFO  Progress (1): 0.5/1.4 MB
2026.04.01 14:35:07 INFO  Progress (1): 0.5/1.4 MB
2026.04.01 14:35:07 INFO  Progress (1): 0.5/1.4 MB
2026.04.01 14:35:07 INFO  Progress (1): 0.5/1.4 MB
2026.04.01 14:35:07 INFO  Progress (1): 0.5/1.4 MB
2026.04.01 14:35:07 INFO  Progress (1): 0.5/1.4 MB
2026.04.01 14:35:07 INFO  Progress (1): 0.6/1.4 MB
2026.04.01 14:35:07 INFO  Progress (1): 0.6/1.4 MB
2026.04.01 14:35:07 INFO  Progress (1): 0.6/1.4 MB
2026.04.01 14:35:07 INFO  Progress (1): 0.6/1.4 MB
2026.04.01 14:35:07 INFO  Progress (1): 0.6/1.4 MB
2026.04.01 14:35:07 INFO  Progress (1): 0.6/1.4 MB
2026.04.01 14:35:07 INFO  Progress (1): 0.7/1.4 MB
2026.04.01 14:35:07 INFO  Progress (1): 0.7/1.4 MB
2026.04.01 14:35:07 INFO  Progress (1): 0.7/1.4 MB
2026.04.01 14:35:07 INFO  Progress (1): 0.7/1.4 MB
2026.04.01 14:35:07 INFO  Progress (1): 0.7/1.4 MB
2026.04.01 14:35:07 INFO  Progress (1): 0.7/1.4 MB
2026.04.01 14:35:07 INFO  Progress (1): 0.8/1.4 MB
2026.04.01 14:35:07 INFO  Progress (1): 0.8/1.4 MB
2026.04.01 14:35:07 INFO  Progress (1): 0.8/1.4 MB
2026.04.01 14:35:07 INFO  Progress (1): 0.8/1.4 MB
2026.04.01 14:35:07 INFO  Progress (1): 0.8/1.4 MB
2026.04.01 14:35:07 INFO  Progress (1): 0.8/1.4 MB
2026.04.01 14:35:07 INFO  Progress (1): 0.9/1.4 MB
2026.04.01 14:35:07 INFO  Progress (1): 0.9/1.4 MB
2026.04.01 14:35:07 INFO  Progress (1): 0.9/1.4 MB
2026.04.01 14:35:07 INFO  Progress (1): 0.9/1.4 MB
2026.04.01 14:35:07 INFO  Progress (1): 0.9/1.4 MB
2026.04.01 14:35:07 INFO  Progress (1): 0.9/1.4 MB
2026.04.01 14:35:07 INFO  Progress (1): 1.0/1.4 MB
2026.04.01 14:35:07 INFO  Progress (1): 1.0/1.4 MB
2026.04.01 14:35:07 INFO  Progress (1): 1.0/1.4 MB
2026.04.01 14:35:07 INFO  Progress (1): 1.0/1.4 MB
2026.04.01 14:35:07 INFO  Progress (1): 1.0/1.4 MB
2026.04.01 14:35:07 INFO  Progress (1): 1.0/1.4 MB
2026.04.01 14:35:07 INFO  Progress (1): 1.1/1.4 MB
2026.04.01 14:35:07 INFO  Progress (1): 1.1/1.4 MB
2026.04.01 14:35:07 INFO  Progress (1): 1.1/1.4 MB
2026.04.01 14:35:07 INFO  Progress (1): 1.1/1.4 MB
2026.04.01 14:35:07 INFO  Progress (1): 1.1/1.4 MB
2026.04.01 14:35:07 INFO  Progress (1): 1.1/1.4 MB
2026.04.01 14:35:07 INFO  Progress (1): 1.2/1.4 MB
2026.04.01 14:35:07 INFO  Progress (1): 1.2/1.4 MB
2026.04.01 14:35:07 INFO  Progress (1): 1.2/1.4 MB
2026.04.01 14:35:07 INFO  Progress (1): 1.2/1.4 MB
2026.04.01 14:35:07 INFO  Progress (1): 1.2/1.4 MB
2026.04.01 14:35:07 INFO  Progress (1): 1.2/1.4 MB
2026.04.01 14:35:07 INFO  Progress (1): 1.3/1.4 MB
2026.04.01 14:35:07 INFO  Progress (1): 1.3/1.4 MB
2026.04.01 14:35:07 INFO  Progress (1): 1.3/1.4 MB
2026.04.01 14:35:07 INFO  Progress (1): 1.3/1.4 MB
2026.04.01 14:35:07 INFO  Progress (1): 1.3/1.4 MB
2026.04.01 14:35:07 INFO  Progress (1): 1.3/1.4 MB
2026.04.01 14:35:07 INFO  Progress (1): 1.4/1.4 MB
2026.04.01 14:35:07 INFO  Progress (1): 1.4/1.4 MB
2026.04.01 14:35:07 INFO  Progress (1): 1.4/1.4 MB
2026.04.01 14:35:07 INFO  Progress (1): 1.4/1.4 MB
2026.04.01 14:35:07 INFO  Progress (1): 1.4/1.4 MB
2026.04.01 14:35:07 INFO  Progress (1): 1.4 MB    
2026.04.01 14:35:07 INFO                      
2026.04.01 14:35:07 INFO  Downloaded from central: https://repo.maven.apache.org/maven2/org/springframework/spring-core/6.1.5/spring-core-6.1.5-sources.jar (1.4 MB at 6.6 MB/s)
2026.04.01 14:35:07 INFO  [INFO] SUCCESS: org.springframework:spring-core:jar:6.1.5:compile (sources = true)
2026.04.01 14:35:07 INFO  [INFO] Resolving artifact: com.fasterxml.jackson.module:jackson-module-parameter-names:jar:2.15.4:compile (sources = false)
2026.04.01 14:35:07 INFO  [INFO] SUCCESS: com.fasterxml.jackson.module:jackson-module-parameter-names:jar:2.15.4:compile (sources = false)
2026.04.01 14:35:07 INFO  [INFO] Resolving artifact: com.fasterxml.jackson.module:jackson-module-parameter-names:jar:2.15.4:compile (sources = true)
2026.04.01 14:35:07 INFO  Downloading from central: https://repo.maven.apache.org/maven2/com/fasterxml/jackson/module/jackson-module-parameter-names/2.15.4/jackson-module-parameter-names-2.15.4-sources.jar
2026.04.01 14:35:07 INFO  Progress (1): 7.4/7.8 kB
2026.04.01 14:35:07 INFO  Progress (1): 7.8 kB    
2026.04.01 14:35:07 INFO                      
2026.04.01 14:35:07 INFO  Downloaded from central: https://repo.maven.apache.org/maven2/com/fasterxml/jackson/module/jackson-module-parameter-names/2.15.4/jackson-module-parameter-names-2.15.4-sources.jar (7.8 kB at 212 kB/s)
2026.04.01 14:35:07 INFO  [INFO] SUCCESS: com.fasterxml.jackson.module:jackson-module-parameter-names:jar:2.15.4:compile (sources = true)
2026.04.01 14:35:07 INFO  [INFO] Resolving artifact: jakarta.validation:jakarta.validation-api:jar:3.0.2:compile (sources = false)
2026.04.01 14:35:07 INFO  [INFO] SUCCESS: jakarta.validation:jakarta.validation-api:jar:3.0.2:compile (sources = false)
2026.04.01 14:35:07 INFO  [INFO] Resolving artifact: jakarta.validation:jakarta.validation-api:jar:3.0.2:compile (sources = true)
2026.04.01 14:35:07 INFO  Downloading from central: https://repo.maven.apache.org/maven2/jakarta/validation/jakarta.validation-api/3.0.2/jakarta.validation-api-3.0.2-sources.jar
2026.04.01 14:35:07 INFO  Progress (1): 7.7/98 kB
2026.04.01 14:35:07 INFO  Progress (1): 12/98 kB 
2026.04.01 14:35:07 INFO  Progress (1): 29/98 kB
2026.04.01 14:35:07 INFO  Progress (1): 45/98 kB
2026.04.01 14:35:07 INFO  Progress (1): 61/98 kB
2026.04.01 14:35:07 INFO  Progress (1): 78/98 kB
2026.04.01 14:35:07 INFO  Progress (1): 94/98 kB
2026.04.01 14:35:07 INFO  Progress (1): 98 kB   
2026.04.01 14:35:07 INFO                     
2026.04.01 14:35:07 INFO  Downloaded from central: https://repo.maven.apache.org/maven2/jakarta/validation/jakarta.validation-api/3.0.2/jakarta.validation-api-3.0.2-sources.jar (98 kB at 2.2 MB/s)
2026.04.01 14:35:07 INFO  [INFO] SUCCESS: jakarta.validation:jakarta.validation-api:jar:3.0.2:compile (sources = true)
2026.04.01 14:35:07 INFO  [INFO] Resolving artifact: io.micrometer:micrometer-observation:jar:1.12.4:compile (sources = false)
2026.04.01 14:35:07 INFO  [INFO] SUCCESS: io.micrometer:micrometer-observation:jar:1.12.4:compile (sources = false)
2026.04.01 14:35:07 INFO  [INFO] Resolving artifact: io.micrometer:micrometer-observation:jar:1.12.4:compile (sources = true)
2026.04.01 14:35:07 INFO  Downloading from central: https://repo.maven.apache.org/maven2/io/micrometer/micrometer-observation/1.12.4/micrometer-observation-1.12.4-sources.jar
2026.04.01 14:35:07 INFO  Progress (1): 7.7/52 kB
2026.04.01 14:35:07 INFO  Progress (1): 12/52 kB 
2026.04.01 14:35:07 INFO  Progress (1): 28/52 kB
2026.04.01 14:35:07 INFO  Progress (1): 44/52 kB
2026.04.01 14:35:07 INFO  Progress (1): 52 kB   
2026.04.01 14:35:07 INFO                     
2026.04.01 14:35:07 INFO  Downloaded from central: https://repo.maven.apache.org/maven2/io/micrometer/micrometer-observation/1.12.4/micrometer-observation-1.12.4-sources.jar (52 kB at 1.2 MB/s)
2026.04.01 14:35:07 INFO  [INFO] SUCCESS: io.micrometer:micrometer-observation:jar:1.12.4:compile (sources = true)
2026.04.01 14:35:07 INFO  [INFO] Resolving artifact: jakarta.xml.bind:jakarta.xml.bind-api:jar:4.0.2:runtime (sources = false)
2026.04.01 14:35:07 INFO  [INFO] SUCCESS: jakarta.xml.bind:jakarta.xml.bind-api:jar:4.0.2:runtime (sources = false)
2026.04.01 14:35:07 INFO  [INFO] Resolving artifact: jakarta.xml.bind:jakarta.xml.bind-api:jar:4.0.2:runtime (sources = true)
2026.04.01 14:35:07 INFO  [INFO] SUCCESS: jakarta.xml.bind:jakarta.xml.bind-api:jar:4.0.2:runtime (sources = true)
2026.04.01 14:35:07 INFO  [INFO] Resolving artifact: org.springframework.boot:spring-boot:jar:3.2.4:compile (sources = false)
2026.04.01 14:35:07 INFO  [INFO] SUCCESS: org.springframework.boot:spring-boot:jar:3.2.4:compile (sources = false)
2026.04.01 14:35:07 INFO  [INFO] Resolving artifact: org.springframework.boot:spring-boot:jar:3.2.4:compile (sources = true)
2026.04.01 14:35:07 INFO  Downloading from central: https://repo.maven.apache.org/maven2/org/springframework/boot/spring-boot/3.2.4/spring-boot-3.2.4-sources.jar
2026.04.01 14:35:07 INFO  Progress (1): 0/1.1 MB
2026.04.01 14:35:07 INFO  Progress (1): 0/1.1 MB
2026.04.01 14:35:07 INFO  Progress (1): 0/1.1 MB
2026.04.01 14:35:07 INFO  Progress (1): 0/1.1 MB
2026.04.01 14:35:07 INFO  Progress (1): 0.1/1.1 MB
2026.04.01 14:35:07 INFO  Progress (1): 0.1/1.1 MB
2026.04.01 14:35:07 INFO  Progress (1): 0.1/1.1 MB
2026.04.01 14:35:07 INFO  Progress (1): 0.1/1.1 MB
2026.04.01 14:35:07 INFO  Progress (1): 0.1/1.1 MB
2026.04.01 14:35:07 INFO  Progress (1): 0.1/1.1 MB
2026.04.01 14:35:07 INFO  Progress (1): 0.2/1.1 MB
2026.04.01 14:35:07 INFO  Progress (1): 0.2/1.1 MB
2026.04.01 14:35:07 INFO  Progress (1): 0.2/1.1 MB
2026.04.01 14:35:07 INFO  Progress (1): 0.2/1.1 MB
2026.04.01 14:35:07 INFO  Progress (1): 0.2/1.1 MB
2026.04.01 14:35:07 INFO  Progress (1): 0.2/1.1 MB
2026.04.01 14:35:07 INFO  Progress (1): 0.3/1.1 MB
2026.04.01 14:35:07 INFO  Progress (1): 0.3/1.1 MB
2026.04.01 14:35:07 INFO  Progress (1): 0.3/1.1 MB
2026.04.01 14:35:07 INFO  Progress (1): 0.3/1.1 MB
2026.04.01 14:35:07 INFO  Progress (1): 0.3/1.1 MB
2026.04.01 14:35:07 INFO  Progress (1): 0.3/1.1 MB
2026.04.01 14:35:07 INFO  Progress (1): 0.4/1.1 MB
2026.04.01 14:35:07 INFO  Progress (1): 0.4/1.1 MB
2026.04.01 14:35:07 INFO  Progress (1): 0.4/1.1 MB
2026.04.01 14:35:07 INFO  Progress (1): 0.4/1.1 MB
2026.04.01 14:35:07 INFO  Progress (1): 0.4/1.1 MB
2026.04.01 14:35:07 INFO  Progress (1): 0.4/1.1 MB
2026.04.01 14:35:07 INFO  Progress (1): 0.5/1.1 MB
2026.04.01 14:35:07 INFO  Progress (1): 0.5/1.1 MB
2026.04.01 14:35:07 INFO  Progress (1): 0.5/1.1 MB
2026.04.01 14:35:07 INFO  Progress (1): 0.5/1.1 MB
2026.04.01 14:35:07 INFO  Progress (1): 0.5/1.1 MB
2026.04.01 14:35:07 INFO  Progress (1): 0.5/1.1 MB
2026.04.01 14:35:07 INFO  Progress (1): 0.6/1.1 MB
2026.04.01 14:35:07 INFO  Progress (1): 0.6/1.1 MB
2026.04.01 14:35:07 INFO  Progress (1): 0.6/1.1 MB
2026.04.01 14:35:07 INFO  Progress (1): 0.6/1.1 MB
2026.04.01 14:35:07 INFO  Progress (1): 0.6/1.1 MB
2026.04.01 14:35:07 INFO  Progress (1): 0.6/1.1 MB
2026.04.01 14:35:07 INFO  Progress (1): 0.7/1.1 MB
2026.04.01 14:35:07 INFO  Progress (1): 0.7/1.1 MB
2026.04.01 14:35:07 INFO  Progress (1): 0.7/1.1 MB
2026.04.01 14:35:07 INFO  Progress (1): 0.7/1.1 MB
2026.04.01 14:35:07 INFO  Progress (1): 0.7/1.1 MB
2026.04.01 14:35:07 INFO  Progress (1): 0.7/1.1 MB
2026.04.01 14:35:07 INFO  Progress (1): 0.8/1.1 MB
2026.04.01 14:35:07 INFO  Progress (1): 0.8/1.1 MB
2026.04.01 14:35:07 INFO  Progress (1): 0.8/1.1 MB
2026.04.01 14:35:07 INFO  Progress (1): 0.8/1.1 MB
2026.04.01 14:35:07 INFO  Progress (1): 0.8/1.1 MB
2026.04.01 14:35:07 INFO  Progress (1): 0.8/1.1 MB
2026.04.01 14:35:07 INFO  Progress (1): 0.9/1.1 MB
2026.04.01 14:35:07 INFO  Progress (1): 0.9/1.1 MB
2026.04.01 14:35:07 INFO  Progress (1): 0.9/1.1 MB
2026.04.01 14:35:07 INFO  Progress (1): 0.9/1.1 MB
2026.04.01 14:35:07 INFO  Progress (1): 0.9/1.1 MB
2026.04.01 14:35:07 INFO  Progress (1): 0.9/1.1 MB
2026.04.01 14:35:07 INFO  Progress (1): 0.9/1.1 MB
2026.04.01 14:35:07 INFO  Progress (1): 1.0/1.1 MB
2026.04.01 14:35:07 INFO  Progress (1): 1.0/1.1 MB
2026.04.01 14:35:07 INFO  Progress (1): 1.0/1.1 MB
2026.04.01 14:35:07 INFO  Progress (1): 1.0/1.1 MB
2026.04.01 14:35:07 INFO  Progress (1): 1.0/1.1 MB
2026.04.01 14:35:07 INFO  Progress (1): 1.0/1.1 MB
2026.04.01 14:35:07 INFO  Progress (1): 1.1/1.1 MB
2026.04.01 14:35:07 INFO  Progress (1): 1.1/1.1 MB
2026.04.01 14:35:07 INFO  Progress (1): 1.1/1.1 MB
2026.04.01 14:35:07 INFO  Progress (1): 1.1 MB    
2026.04.01 14:35:07 INFO                      
2026.04.01 14:35:07 INFO  Downloaded from central: https://repo.maven.apache.org/maven2/org/springframework/boot/spring-boot/3.2.4/spring-boot-3.2.4-sources.jar (1.1 MB at 6.2 MB/s)
2026.04.01 14:35:07 INFO  [INFO] SUCCESS: org.springframework.boot:spring-boot:jar:3.2.4:compile (sources = true)
2026.04.01 14:35:07 INFO  [INFO] Resolving artifact: org.apache.tomcat.embed:tomcat-embed-core:jar:10.1.19:compile (sources = false)
2026.04.01 14:35:07 INFO  [INFO] SUCCESS: org.apache.tomcat.embed:tomcat-embed-core:jar:10.1.19:compile (sources = false)
2026.04.01 14:35:07 INFO  [INFO] Resolving artifact: org.apache.tomcat.embed:tomcat-embed-core:jar:10.1.19:compile (sources = true)
2026.04.01 14:35:07 INFO  Downloading from central: https://repo.maven.apache.org/maven2/org/apache/tomcat/embed/tomcat-embed-core/10.1.19/tomcat-embed-core-10.1.19-sources.jar
2026.04.01 14:35:07 INFO  Progress (1): 0/3.6 MB
2026.04.01 14:35:07 INFO  Progress (1): 0/3.6 MB
2026.04.01 14:35:07 INFO  Progress (1): 0/3.6 MB
2026.04.01 14:35:07 INFO  Progress (1): 0.1/3.6 MB
2026.04.01 14:35:07 INFO  Progress (1): 0.1/3.6 MB
2026.04.01 14:35:07 INFO  Progress (1): 0.1/3.6 MB
2026.04.01 14:35:07 INFO  Progress (1): 0.1/3.6 MB
2026.04.01 14:35:07 INFO  Progress (1): 0.1/3.6 MB
2026.04.01 14:35:07 INFO  Progress (1): 0.1/3.6 MB
2026.04.01 14:35:07 INFO  Progress (1): 0.1/3.6 MB
2026.04.01 14:35:07 INFO  Progress (1): 0.2/3.6 MB
2026.04.01 14:35:07 INFO  Progress (1): 0.2/3.6 MB
2026.04.01 14:35:07 INFO  Progress (1): 0.2/3.6 MB
2026.04.01 14:35:07 INFO  Progress (1): 0.2/3.6 MB
2026.04.01 14:35:07 INFO  Progress (1): 0.2/3.6 MB
2026.04.01 14:35:07 INFO  Progress (1): 0.2/3.6 MB
2026.04.01 14:35:07 INFO  Progress (1): 0.3/3.6 MB
2026.04.01 14:35:07 INFO  Progress (1): 0.3/3.6 MB
2026.04.01 14:35:07 INFO  Progress (1): 0.3/3.6 MB
2026.04.01 14:35:07 INFO  Progress (1): 0.3/3.6 MB
2026.04.01 14:35:07 INFO  Progress (1): 0.3/3.6 MB
2026.04.01 14:35:07 INFO  Progress (1): 0.3/3.6 MB
2026.04.01 14:35:07 INFO  Progress (1): 0.4/3.6 MB
2026.04.01 14:35:07 INFO  Progress (1): 0.4/3.6 MB
2026.04.01 14:35:07 INFO  Progress (1): 0.4/3.6 MB
2026.04.01 14:35:07 INFO  Progress (1): 0.4/3.6 MB
2026.04.01 14:35:07 INFO  Progress (1): 0.4/3.6 MB
2026.04.01 14:35:07 INFO  Progress (1): 0.4/3.6 MB
2026.04.01 14:35:07 INFO  Progress (1): 0.5/3.6 MB
2026.04.01 14:35:07 INFO  Progress (1): 0.5/3.6 MB
2026.04.01 14:35:07 INFO  Progress (1): 0.5/3.6 MB
2026.04.01 14:35:07 INFO  Progress (1): 0.5/3.6 MB
2026.04.01 14:35:07 INFO  Progress (1): 0.5/3.6 MB
2026.04.01 14:35:07 INFO  Progress (1): 0.5/3.6 MB
2026.04.01 14:35:07 INFO  Progress (1): 0.6/3.6 MB
2026.04.01 14:35:07 INFO  Progress (1): 0.6/3.6 MB
2026.04.01 14:35:07 INFO  Progress (1): 0.6/3.6 MB
2026.04.01 14:35:07 INFO  Progress (1): 0.6/3.6 MB
2026.04.01 14:35:07 INFO  Progress (1): 0.6/3.6 MB
2026.04.01 14:35:07 INFO  Progress (1): 0.6/3.6 MB
2026.04.01 14:35:07 INFO  Progress (1): 0.7/3.6 MB
2026.04.01 14:35:07 INFO  Progress (1): 0.7/3.6 MB
2026.04.01 14:35:07 INFO  Progress (1): 0.7/3.6 MB
2026.04.01 14:35:07 INFO  Progress (1): 0.7/3.6 MB
2026.04.01 14:35:07 INFO  Progress (1): 0.7/3.6 MB
2026.04.01 14:35:07 INFO  Progress (1): 0.7/3.6 MB
2026.04.01 14:35:07 INFO  Progress (1): 0.8/3.6 MB
2026.04.01 14:35:07 INFO  Progress (1): 0.8/3.6 MB
2026.04.01 14:35:07 INFO  Progress (1): 0.8/3.6 MB
2026.04.01 14:35:07 INFO  Progress (1): 0.8/3.6 MB
2026.04.01 14:35:07 INFO  Progress (1): 0.8/3.6 MB
2026.04.01 14:35:07 INFO  Progress (1): 0.8/3.6 MB
2026.04.01 14:35:07 INFO  Progress (1): 0.9/3.6 MB
2026.04.01 14:35:07 INFO  Progress (1): 0.9/3.6 MB
2026.04.01 14:35:07 INFO  Progress (1): 0.9/3.6 MB
2026.04.01 14:35:07 INFO  Progress (1): 0.9/3.6 MB
2026.04.01 14:35:07 INFO  Progress (1): 0.9/3.6 MB
2026.04.01 14:35:07 INFO  Progress (1): 0.9/3.6 MB
2026.04.01 14:35:07 INFO  Progress (1): 1.0/3.6 MB
2026.04.01 14:35:07 INFO  Progress (1): 1.0/3.6 MB
2026.04.01 14:35:07 INFO  Progress (1): 1.0/3.6 MB
2026.04.01 14:35:07 INFO  Progress (1): 1.0/3.6 MB
2026.04.01 14:35:07 INFO  Progress (1): 1.0/3.6 MB
2026.04.01 14:35:07 INFO  Progress (1): 1.0/3.6 MB
2026.04.01 14:35:07 INFO  Progress (1): 1.0/3.6 MB
2026.04.01 14:35:07 INFO  Progress (1): 1.1/3.6 MB
2026.04.01 14:35:07 INFO  Progress (1): 1.1/3.6 MB
2026.04.01 14:35:07 INFO  Progress (1): 1.1/3.6 MB
2026.04.01 14:35:07 INFO  Progress (1): 1.1/3.6 MB
2026.04.01 14:35:07 INFO  Progress (1): 1.1/3.6 MB
2026.04.01 14:35:07 INFO  Progress (1): 1.1/3.6 MB
2026.04.01 14:35:07 INFO  Progress (1): 1.2/3.6 MB
2026.04.01 14:35:07 INFO  Progress (1): 1.2/3.6 MB
2026.04.01 14:35:07 INFO  Progress (1): 1.2/3.6 MB
2026.04.01 14:35:07 INFO  Progress (1): 1.2/3.6 MB
2026.04.01 14:35:07 INFO  Progress (1): 1.2/3.6 MB
2026.04.01 14:35:07 INFO  Progress (1): 1.2/3.6 MB
2026.04.01 14:35:07 INFO  Progress (1): 1.3/3.6 MB
2026.04.01 14:35:07 INFO  Progress (1): 1.3/3.6 MB
2026.04.01 14:35:07 INFO  Progress (1): 1.3/3.6 MB
2026.04.01 14:35:07 INFO  Progress (1): 1.3/3.6 MB
2026.04.01 14:35:07 INFO  Progress (1): 1.3/3.6 MB
2026.04.01 14:35:07 INFO  Progress (1): 1.3/3.6 MB
2026.04.01 14:35:07 INFO  Progress (1): 1.4/3.6 MB
2026.04.01 14:35:07 INFO  Progress (1): 1.4/3.6 MB
2026.04.01 14:35:07 INFO  Progress (1): 1.4/3.6 MB
2026.04.01 14:35:07 INFO  Progress (1): 1.4/3.6 MB
2026.04.01 14:35:07 INFO  Progress (1): 1.4/3.6 MB
2026.04.01 14:35:07 INFO  Progress (1): 1.4/3.6 MB
2026.04.01 14:35:07 INFO  Progress (1): 1.5/3.6 MB
2026.04.01 14:35:07 INFO  Progress (1): 1.5/3.6 MB
2026.04.01 14:35:07 INFO  Progress (1): 1.5/3.6 MB
2026.04.01 14:35:07 INFO  Progress (1): 1.5/3.6 MB
2026.04.01 14:35:07 INFO  Progress (1): 1.5/3.6 MB
2026.04.01 14:35:07 INFO  Progress (1): 1.5/3.6 MB
2026.04.01 14:35:07 INFO  Progress (1): 1.6/3.6 MB
2026.04.01 14:35:07 INFO  Progress (1): 1.6/3.6 MB
2026.04.01 14:35:07 INFO  Progress (1): 1.6/3.6 MB
2026.04.01 14:35:07 INFO  Progress (1): 1.6/3.6 MB
2026.04.01 14:35:07 INFO  Progress (1): 1.6/3.6 MB
2026.04.01 14:35:07 INFO  Progress (1): 1.6/3.6 MB
2026.04.01 14:35:07 INFO  Progress (1): 1.7/3.6 MB
2026.04.01 14:35:07 INFO  Progress (1): 1.7/3.6 MB
2026.04.01 14:35:07 INFO  Progress (1): 1.7/3.6 MB
2026.04.01 14:35:07 INFO  Progress (1): 1.7/3.6 MB
2026.04.01 14:35:07 INFO  Progress (1): 1.7/3.6 MB
2026.04.01 14:35:07 INFO  Progress (1): 1.7/3.6 MB
2026.04.01 14:35:07 INFO  Progress (1): 1.8/3.6 MB
2026.04.01 14:35:07 INFO  Progress (1): 1.8/3.6 MB
2026.04.01 14:35:07 INFO  Progress (1): 1.8/3.6 MB
2026.04.01 14:35:08 INFO  Progress (1): 1.8/3.6 MB
2026.04.01 14:35:08 INFO  Progress (1): 1.8/3.6 MB
2026.04.01 14:35:08 INFO  Progress (1): 1.8/3.6 MB
2026.04.01 14:35:08 INFO  Progress (1): 1.9/3.6 MB
2026.04.01 14:35:08 INFO  Progress (1): 1.9/3.6 MB
2026.04.01 14:35:08 INFO  Progress (1): 1.9/3.6 MB
2026.04.01 14:35:08 INFO  Progress (1): 1.9/3.6 MB
2026.04.01 14:35:08 INFO  Progress (1): 1.9/3.6 MB
2026.04.01 14:35:08 INFO  Progress (1): 1.9/3.6 MB
2026.04.01 14:35:08 INFO  Progress (1): 1.9/3.6 MB
2026.04.01 14:35:08 INFO  Progress (1): 2.0/3.6 MB
2026.04.01 14:35:08 INFO  Progress (1): 2.0/3.6 MB
2026.04.01 14:35:08 INFO  Progress (1): 2.0/3.6 MB
2026.04.01 14:35:08 INFO  Progress (1): 2.0/3.6 MB
2026.04.01 14:35:08 INFO  Progress (1): 2.0/3.6 MB
2026.04.01 14:35:08 INFO  Progress (1): 2.0/3.6 MB
2026.04.01 14:35:08 INFO  Progress (1): 2.1/3.6 MB
2026.04.01 14:35:08 INFO  Progress (1): 2.1/3.6 MB
2026.04.01 14:35:08 INFO  Progress (1): 2.1/3.6 MB
2026.04.01 14:35:08 INFO  Progress (1): 2.1/3.6 MB
2026.04.01 14:35:08 INFO  Progress (1): 2.1/3.6 MB
2026.04.01 14:35:08 INFO  Progress (1): 2.1/3.6 MB
2026.04.01 14:35:08 INFO  Progress (1): 2.2/3.6 MB
2026.04.01 14:35:08 INFO  Progress (1): 2.2/3.6 MB
2026.04.01 14:35:08 INFO  Progress (1): 2.2/3.6 MB
2026.04.01 14:35:08 INFO  Progress (1): 2.2/3.6 MB
2026.04.01 14:35:08 INFO  Progress (1): 2.2/3.6 MB
2026.04.01 14:35:08 INFO  Progress (1): 2.2/3.6 MB
2026.04.01 14:35:08 INFO  Progress (1): 2.3/3.6 MB
2026.04.01 14:35:08 INFO  Progress (1): 2.3/3.6 MB
2026.04.01 14:35:08 INFO  Progress (1): 2.3/3.6 MB
2026.04.01 14:35:08 INFO  Progress (1): 2.3/3.6 MB
2026.04.01 14:35:08 INFO  Progress (1): 2.3/3.6 MB
2026.04.01 14:35:08 INFO  Progress (1): 2.3/3.6 MB
2026.04.01 14:35:08 INFO  Progress (1): 2.4/3.6 MB
2026.04.01 14:35:08 INFO  Progress (1): 2.4/3.6 MB
2026.04.01 14:35:08 INFO  Progress (1): 2.4/3.6 MB
2026.04.01 14:35:08 INFO  Progress (1): 2.4/3.6 MB
2026.04.01 14:35:08 INFO  Progress (1): 2.4/3.6 MB
2026.04.01 14:35:08 INFO  Progress (1): 2.4/3.6 MB
2026.04.01 14:35:08 INFO  Progress (1): 2.5/3.6 MB
2026.04.01 14:35:08 INFO  Progress (1): 2.5/3.6 MB
2026.04.01 14:35:08 INFO  Progress (1): 2.5/3.6 MB
2026.04.01 14:35:08 INFO  Progress (1): 2.5/3.6 MB
2026.04.01 14:35:08 INFO  Progress (1): 2.5/3.6 MB
2026.04.01 14:35:08 INFO  Progress (1): 2.5/3.6 MB
2026.04.01 14:35:08 INFO  Progress (1): 2.6/3.6 MB
2026.04.01 14:35:08 INFO  Progress (1): 2.6/3.6 MB
2026.04.01 14:35:08 INFO  Progress (1): 2.6/3.6 MB
2026.04.01 14:35:08 INFO  Progress (1): 2.6/3.6 MB
2026.04.01 14:35:08 INFO  Progress (1): 2.6/3.6 MB
2026.04.01 14:35:08 INFO  Progress (1): 2.6/3.6 MB
2026.04.01 14:35:08 INFO  Progress (1): 2.7/3.6 MB
2026.04.01 14:35:08 INFO  Progress (1): 2.7/3.6 MB
2026.04.01 14:35:08 INFO  Progress (1): 2.7/3.6 MB
2026.04.01 14:35:08 INFO  Progress (1): 2.7/3.6 MB
2026.04.01 14:35:08 INFO  Progress (1): 2.7/3.6 MB
2026.04.01 14:35:08 INFO  Progress (1): 2.7/3.6 MB
2026.04.01 14:35:08 INFO  Progress (1): 2.8/3.6 MB
2026.04.01 14:35:08 INFO  Progress (1): 2.8/3.6 MB
2026.04.01 14:35:08 INFO  Progress (1): 2.8/3.6 MB
2026.04.01 14:35:08 INFO  Progress (1): 2.8/3.6 MB
2026.04.01 14:35:08 INFO  Progress (1): 2.8/3.6 MB
2026.04.01 14:35:08 INFO  Progress (1): 2.8/3.6 MB
2026.04.01 14:35:08 INFO  Progress (1): 2.9/3.6 MB
2026.04.01 14:35:08 INFO  Progress (1): 2.9/3.6 MB
2026.04.01 14:35:08 INFO  Progress (1): 2.9/3.6 MB
2026.04.01 14:35:08 INFO  Progress (1): 2.9/3.6 MB
2026.04.01 14:35:08 INFO  Progress (1): 2.9/3.6 MB
2026.04.01 14:35:08 INFO  Progress (1): 2.9/3.6 MB
2026.04.01 14:35:08 INFO  Progress (1): 2.9/3.6 MB
2026.04.01 14:35:08 INFO  Progress (1): 3.0/3.6 MB
2026.04.01 14:35:08 INFO  Progress (1): 3.0/3.6 MB
2026.04.01 14:35:08 INFO  Progress (1): 3.0/3.6 MB
2026.04.01 14:35:08 INFO  Progress (1): 3.0/3.6 MB
2026.04.01 14:35:08 INFO  Progress (1): 3.0/3.6 MB
2026.04.01 14:35:08 INFO  Progress (1): 3.0/3.6 MB
2026.04.01 14:35:08 INFO  Progress (1): 3.1/3.6 MB
2026.04.01 14:35:08 INFO  Progress (1): 3.1/3.6 MB
2026.04.01 14:35:08 INFO  Progress (1): 3.1/3.6 MB
2026.04.01 14:35:08 INFO  Progress (1): 3.1/3.6 MB
2026.04.01 14:35:08 INFO  Progress (1): 3.1/3.6 MB
2026.04.01 14:35:08 INFO  Progress (1): 3.1/3.6 MB
2026.04.01 14:35:08 INFO  Progress (1): 3.2/3.6 MB
2026.04.01 14:35:08 INFO  Progress (1): 3.2/3.6 MB
2026.04.01 14:35:08 INFO  Progress (1): 3.2/3.6 MB
2026.04.01 14:35:08 INFO  Progress (1): 3.2/3.6 MB
2026.04.01 14:35:08 INFO  Progress (1): 3.2/3.6 MB
2026.04.01 14:35:08 INFO  Progress (1): 3.2/3.6 MB
2026.04.01 14:35:08 INFO  Progress (1): 3.3/3.6 MB
2026.04.01 14:35:08 INFO  Progress (1): 3.3/3.6 MB
2026.04.01 14:35:08 INFO  Progress (1): 3.3/3.6 MB
2026.04.01 14:35:08 INFO  Progress (1): 3.3/3.6 MB
2026.04.01 14:35:08 INFO  Progress (1): 3.3/3.6 MB
2026.04.01 14:35:08 INFO  Progress (1): 3.3/3.6 MB
2026.04.01 14:35:08 INFO  Progress (1): 3.4/3.6 MB
2026.04.01 14:35:08 INFO  Progress (1): 3.4/3.6 MB
2026.04.01 14:35:08 INFO  Progress (1): 3.4/3.6 MB
2026.04.01 14:35:08 INFO  Progress (1): 3.4/3.6 MB
2026.04.01 14:35:08 INFO  Progress (1): 3.4/3.6 MB
2026.04.01 14:35:08 INFO  Progress (1): 3.4/3.6 MB
2026.04.01 14:35:08 INFO  Progress (1): 3.5/3.6 MB
2026.04.01 14:35:08 INFO  Progress (1): 3.5/3.6 MB
2026.04.01 14:35:08 INFO  Progress (1): 3.5/3.6 MB
2026.04.01 14:35:08 INFO  Progress (1): 3.5/3.6 MB
2026.04.01 14:35:08 INFO  Progress (1): 3.5/3.6 MB
2026.04.01 14:35:08 INFO  Progress (1): 3.5/3.6 MB
2026.04.01 14:35:08 INFO  Progress (1): 3.6/3.6 MB
2026.04.01 14:35:08 INFO  Progress (1): 3.6 MB    
2026.04.01 14:35:08 INFO                      
2026.04.01 14:35:08 INFO  Downloaded from central: https://repo.maven.apache.org/maven2/org/apache/tomcat/embed/tomcat-embed-core/10.1.19/tomcat-embed-core-10.1.19-sources.jar (3.6 MB at 6.7 MB/s)
2026.04.01 14:35:08 INFO  [INFO] SUCCESS: org.apache.tomcat.embed:tomcat-embed-core:jar:10.1.19:compile (sources = true)
2026.04.01 14:35:08 INFO  [INFO] Resolving artifact: org.springframework.boot:spring-boot-starter-json:jar:3.2.4:compile (sources = false)
2026.04.01 14:35:08 INFO  [INFO] SUCCESS: org.springframework.boot:spring-boot-starter-json:jar:3.2.4:compile (sources = false)
2026.04.01 14:35:08 INFO  [INFO] Resolving artifact: org.springframework.boot:spring-boot-starter-json:jar:3.2.4:compile (sources = true)
2026.04.01 14:35:08 INFO  Downloading from central: https://repo.maven.apache.org/maven2/org/springframework/boot/spring-boot-starter-json/3.2.4/spring-boot-starter-json-3.2.4-sources.jar
2026.04.01 14:35:08 INFO  Progress (1): 4.7 kB
2026.04.01 14:35:08 INFO                      
2026.04.01 14:35:08 INFO  Downloaded from central: https://repo.maven.apache.org/maven2/org/springframework/boot/spring-boot-starter-json/3.2.4/spring-boot-starter-json-3.2.4-sources.jar (4.7 kB at 119 kB/s)
2026.04.01 14:35:08 INFO  [INFO] SUCCESS: org.springframework.boot:spring-boot-starter-json:jar:3.2.4:compile (sources = true)
2026.04.01 14:35:08 INFO  [INFO] Resolving artifact: jakarta.annotation:jakarta.annotation-api:jar:2.1.1:compile (sources = false)
2026.04.01 14:35:08 INFO  [INFO] SUCCESS: jakarta.annotation:jakarta.annotation-api:jar:2.1.1:compile (sources = false)
2026.04.01 14:35:08 INFO  [INFO] Resolving artifact: jakarta.annotation:jakarta.annotation-api:jar:2.1.1:compile (sources = true)
2026.04.01 14:35:08 INFO  [INFO] SUCCESS: jakarta.annotation:jakarta.annotation-api:jar:2.1.1:compile (sources = true)
2026.04.01 14:35:08 INFO  [INFO] Resolving artifact: org.springframework.data:spring-data-commons:jar:3.2.4:compile (sources = false)
2026.04.01 14:35:08 INFO  [INFO] SUCCESS: org.springframework.data:spring-data-commons:jar:3.2.4:compile (sources = false)
2026.04.01 14:35:08 INFO  [INFO] Resolving artifact: org.springframework.data:spring-data-commons:jar:3.2.4:compile (sources = true)
2026.04.01 14:35:08 INFO  Downloading from central: https://repo.maven.apache.org/maven2/org/springframework/data/spring-data-commons/3.2.4/spring-data-commons-3.2.4-sources.jar
2026.04.01 14:35:08 INFO  Progress (1): 7.7/929 kB
2026.04.01 14:35:08 INFO  Progress (1): 7.7/929 kB
2026.04.01 14:35:08 INFO  Progress (1): 24/929 kB 
2026.04.01 14:35:08 INFO  Progress (1): 40/929 kB
2026.04.01 14:35:08 INFO  Progress (1): 57/929 kB
2026.04.01 14:35:08 INFO  Progress (1): 73/929 kB
2026.04.01 14:35:08 INFO  Progress (1): 90/929 kB
2026.04.01 14:35:08 INFO  Progress (1): 106/929 kB
2026.04.01 14:35:08 INFO  Progress (1): 122/929 kB
2026.04.01 14:35:08 INFO  Progress (1): 139/929 kB
2026.04.01 14:35:08 INFO  Progress (1): 155/929 kB
2026.04.01 14:35:08 INFO  Progress (1): 172/929 kB
2026.04.01 14:35:08 INFO  Progress (1): 188/929 kB
2026.04.01 14:35:08 INFO  Progress (1): 204/929 kB
2026.04.01 14:35:08 INFO  Progress (1): 221/929 kB
2026.04.01 14:35:08 INFO  Progress (1): 237/929 kB
2026.04.01 14:35:08 INFO  Progress (1): 253/929 kB
2026.04.01 14:35:08 INFO  Progress (1): 270/929 kB
2026.04.01 14:35:08 INFO  Progress (1): 286/929 kB
2026.04.01 14:35:08 INFO  Progress (1): 303/929 kB
2026.04.01 14:35:08 INFO  Progress (1): 319/929 kB
2026.04.01 14:35:08 INFO  Progress (1): 335/929 kB
2026.04.01 14:35:08 INFO  Progress (1): 352/929 kB
2026.04.01 14:35:08 INFO  Progress (1): 368/929 kB
2026.04.01 14:35:08 INFO  Progress (1): 385/929 kB
2026.04.01 14:35:08 INFO  Progress (1): 401/929 kB
2026.04.01 14:35:08 INFO  Progress (1): 417/929 kB
2026.04.01 14:35:08 INFO  Progress (1): 434/929 kB
2026.04.01 14:35:08 INFO  Progress (1): 450/929 kB
2026.04.01 14:35:08 INFO  Progress (1): 466/929 kB
2026.04.01 14:35:08 INFO  Progress (1): 483/929 kB
2026.04.01 14:35:08 INFO  Progress (1): 499/929 kB
2026.04.01 14:35:08 INFO  Progress (1): 516/929 kB
2026.04.01 14:35:08 INFO  Progress (1): 532/929 kB
2026.04.01 14:35:08 INFO  Progress (1): 548/929 kB
2026.04.01 14:35:08 INFO  Progress (1): 565/929 kB
2026.04.01 14:35:08 INFO  Progress (1): 581/929 kB
2026.04.01 14:35:08 INFO  Progress (1): 598/929 kB
2026.04.01 14:35:08 INFO  Progress (1): 614/929 kB
2026.04.01 14:35:08 INFO  Progress (1): 630/929 kB
2026.04.01 14:35:08 INFO  Progress (1): 647/929 kB
2026.04.01 14:35:08 INFO  Progress (1): 663/929 kB
2026.04.01 14:35:08 INFO  Progress (1): 679/929 kB
2026.04.01 14:35:08 INFO  Progress (1): 696/929 kB
2026.04.01 14:35:08 INFO  Progress (1): 712/929 kB
2026.04.01 14:35:08 INFO  Progress (1): 729/929 kB
2026.04.01 14:35:08 INFO  Progress (1): 745/929 kB
2026.04.01 14:35:08 INFO  Progress (1): 761/929 kB
2026.04.01 14:35:08 INFO  Progress (1): 778/929 kB
2026.04.01 14:35:08 INFO  Progress (1): 794/929 kB
2026.04.01 14:35:08 INFO  Progress (1): 811/929 kB
2026.04.01 14:35:08 INFO  Progress (1): 827/929 kB
2026.04.01 14:35:08 INFO  Progress (1): 843/929 kB
2026.04.01 14:35:08 INFO  Progress (1): 860/929 kB
2026.04.01 14:35:08 INFO  Progress (1): 876/929 kB
2026.04.01 14:35:08 INFO  Progress (1): 892/929 kB
2026.04.01 14:35:08 INFO  Progress (1): 909/929 kB
2026.04.01 14:35:08 INFO  Progress (1): 925/929 kB
2026.04.01 14:35:08 INFO  Progress (1): 929 kB    
2026.04.01 14:35:08 INFO                      
2026.04.01 14:35:08 INFO  Downloaded from central: https://repo.maven.apache.org/maven2/org/springframework/data/spring-data-commons/3.2.4/spring-data-commons-3.2.4-sources.jar (929 kB at 6.2 MB/s)
2026.04.01 14:35:08 INFO  [INFO] SUCCESS: org.springframework.data:spring-data-commons:jar:3.2.4:compile (sources = true)
2026.04.01 14:35:08 INFO  [INFO] Resolving artifact: jakarta.inject:jakarta.inject-api:jar:2.0.1:runtime (sources = false)
2026.04.01 14:35:08 INFO  [INFO] SUCCESS: jakarta.inject:jakarta.inject-api:jar:2.0.1:runtime (sources = false)
2026.04.01 14:35:08 INFO  [INFO] Resolving artifact: jakarta.inject:jakarta.inject-api:jar:2.0.1:runtime (sources = true)
2026.04.01 14:35:08 INFO  [INFO] SUCCESS: jakarta.inject:jakarta.inject-api:jar:2.0.1:runtime (sources = true)
2026.04.01 14:35:08 INFO  [INFO] Resolving artifact: org.junit.jupiter:junit-jupiter-api:jar:5.10.2:test (sources = false)
2026.04.01 14:35:08 INFO  [INFO] SUCCESS: org.junit.jupiter:junit-jupiter-api:jar:5.10.2:test (sources = false)
2026.04.01 14:35:08 INFO  [INFO] Resolving artifact: org.junit.jupiter:junit-jupiter-api:jar:5.10.2:test (sources = true)
2026.04.01 14:35:08 INFO  Downloading from central: https://repo.maven.apache.org/maven2/org/junit/jupiter/junit-jupiter-api/5.10.2/junit-jupiter-api-5.10.2-sources.jar
2026.04.01 14:35:08 INFO  Progress (1): 7.7/210 kB
2026.04.01 14:35:08 INFO  Progress (1): 12/210 kB 
2026.04.01 14:35:08 INFO  Progress (1): 29/210 kB
2026.04.01 14:35:08 INFO  Progress (1): 45/210 kB
2026.04.01 14:35:08 INFO  Progress (1): 61/210 kB
2026.04.01 14:35:08 INFO  Progress (1): 78/210 kB
2026.04.01 14:35:08 INFO  Progress (1): 94/210 kB
2026.04.01 14:35:08 INFO  Progress (1): 111/210 kB
2026.04.01 14:35:08 INFO  Progress (1): 127/210 kB
2026.04.01 14:35:08 INFO  Progress (1): 143/210 kB
2026.04.01 14:35:08 INFO  Progress (1): 160/210 kB
2026.04.01 14:35:08 INFO  Progress (1): 176/210 kB
2026.04.01 14:35:08 INFO  Progress (1): 193/210 kB
2026.04.01 14:35:08 INFO  Progress (1): 209/210 kB
2026.04.01 14:35:08 INFO  Progress (1): 210 kB    
2026.04.01 14:35:08 INFO                      
2026.04.01 14:35:08 INFO  Downloaded from central: https://repo.maven.apache.org/maven2/org/junit/jupiter/junit-jupiter-api/5.10.2/junit-jupiter-api-5.10.2-sources.jar (210 kB at 3.7 MB/s)
2026.04.01 14:35:08 INFO  [INFO] SUCCESS: org.junit.jupiter:junit-jupiter-api:jar:5.10.2:test (sources = true)
2026.04.01 14:35:08 INFO  [INFO] Resolving artifact: org.springframework.data:spring-data-jpa:jar:3.2.4:compile (sources = false)
2026.04.01 14:35:08 INFO  [INFO] SUCCESS: org.springframework.data:spring-data-jpa:jar:3.2.4:compile (sources = false)
2026.04.01 14:35:08 INFO  [INFO] Resolving artifact: org.springframework.data:spring-data-jpa:jar:3.2.4:compile (sources = true)
2026.04.01 14:35:08 INFO  Downloading from central: https://repo.maven.apache.org/maven2/org/springframework/data/spring-data-jpa/3.2.4/spring-data-jpa-3.2.4-sources.jar
2026.04.01 14:35:08 INFO  Progress (1): 7.7/602 kB
2026.04.01 14:35:08 INFO  Progress (1): 16/602 kB 
2026.04.01 14:35:08 INFO  Progress (1): 32/602 kB
2026.04.01 14:35:08 INFO  Progress (1): 33/602 kB
2026.04.01 14:35:08 INFO  Progress (1): 49/602 kB
2026.04.01 14:35:08 INFO  Progress (1): 66/602 kB
2026.04.01 14:35:08 INFO  Progress (1): 82/602 kB
2026.04.01 14:35:08 INFO  Progress (1): 98/602 kB
2026.04.01 14:35:08 INFO  Progress (1): 115/602 kB
2026.04.01 14:35:08 INFO  Progress (1): 131/602 kB
2026.04.01 14:35:08 INFO  Progress (1): 147/602 kB
2026.04.01 14:35:08 INFO  Progress (1): 164/602 kB
2026.04.01 14:35:08 INFO  Progress (1): 180/602 kB
2026.04.01 14:35:08 INFO  Progress (1): 197/602 kB
2026.04.01 14:35:08 INFO  Progress (1): 213/602 kB
2026.04.01 14:35:08 INFO  Progress (1): 229/602 kB
2026.04.01 14:35:08 INFO  Progress (1): 246/602 kB
2026.04.01 14:35:08 INFO  Progress (1): 262/602 kB
2026.04.01 14:35:08 INFO  Progress (1): 279/602 kB
2026.04.01 14:35:08 INFO  Progress (1): 295/602 kB
2026.04.01 14:35:08 INFO  Progress (1): 311/602 kB
2026.04.01 14:35:08 INFO  Progress (1): 328/602 kB
2026.04.01 14:35:08 INFO  Progress (1): 344/602 kB
2026.04.01 14:35:08 INFO  Progress (1): 360/602 kB
2026.04.01 14:35:08 INFO  Progress (1): 377/602 kB
2026.04.01 14:35:08 INFO  Progress (1): 393/602 kB
2026.04.01 14:35:08 INFO  Progress (1): 410/602 kB
2026.04.01 14:35:08 INFO  Progress (1): 426/602 kB
2026.04.01 14:35:08 INFO  Progress (1): 442/602 kB
2026.04.01 14:35:08 INFO  Progress (1): 459/602 kB
2026.04.01 14:35:08 INFO  Progress (1): 475/602 kB
2026.04.01 14:35:08 INFO  Progress (1): 492/602 kB
2026.04.01 14:35:08 INFO  Progress (1): 508/602 kB
2026.04.01 14:35:08 INFO  Progress (1): 524/602 kB
2026.04.01 14:35:08 INFO  Progress (1): 541/602 kB
2026.04.01 14:35:08 INFO  Progress (1): 557/602 kB
2026.04.01 14:35:08 INFO  Progress (1): 573/602 kB
2026.04.01 14:35:08 INFO  Progress (1): 590/602 kB
2026.04.01 14:35:08 INFO  Progress (1): 602 kB    
2026.04.01 14:35:08 INFO                      
2026.04.01 14:35:08 INFO  Downloaded from central: https://repo.maven.apache.org/maven2/org/springframework/data/spring-data-jpa/3.2.4/spring-data-jpa-3.2.4-sources.jar (602 kB at 5.7 MB/s)
2026.04.01 14:35:08 INFO  [INFO] SUCCESS: org.springframework.data:spring-data-jpa:jar:3.2.4:compile (sources = true)
2026.04.01 14:35:08 INFO  [INFO] Resolving artifact: ch.qos.logback:logback-core:jar:1.4.14:compile (sources = false)
2026.04.01 14:35:08 INFO  [INFO] SUCCESS: ch.qos.logback:logback-core:jar:1.4.14:compile (sources = false)
2026.04.01 14:35:08 INFO  [INFO] Resolving artifact: ch.qos.logback:logback-core:jar:1.4.14:compile (sources = true)
2026.04.01 14:35:08 INFO  Downloading from central: https://repo.maven.apache.org/maven2/ch/qos/logback/logback-core/1.4.14/logback-core-1.4.14-sources.jar
2026.04.01 14:35:08 INFO  Progress (1): 7.7/466 kB
2026.04.01 14:35:08 INFO  Progress (1): 16/466 kB 
2026.04.01 14:35:08 INFO  Progress (1): 32/466 kB
2026.04.01 14:35:08 INFO  Progress (1): 49/466 kB
2026.04.01 14:35:08 INFO  Progress (1): 65/466 kB
2026.04.01 14:35:08 INFO  Progress (1): 81/466 kB
2026.04.01 14:35:08 INFO  Progress (1): 98/466 kB
2026.04.01 14:35:08 INFO  Progress (1): 114/466 kB
2026.04.01 14:35:08 INFO  Progress (1): 131/466 kB
2026.04.01 14:35:08 INFO  Progress (1): 147/466 kB
2026.04.01 14:35:08 INFO  Progress (1): 163/466 kB
2026.04.01 14:35:08 INFO  Progress (1): 180/466 kB
2026.04.01 14:35:08 INFO  Progress (1): 196/466 kB
2026.04.01 14:35:08 INFO  Progress (1): 212/466 kB
2026.04.01 14:35:08 INFO  Progress (1): 229/466 kB
2026.04.01 14:35:08 INFO  Progress (1): 245/466 kB
2026.04.01 14:35:08 INFO  Progress (1): 262/466 kB
2026.04.01 14:35:08 INFO  Progress (1): 278/466 kB
2026.04.01 14:35:08 INFO  Progress (1): 294/466 kB
2026.04.01 14:35:08 INFO  Progress (1): 311/466 kB
2026.04.01 14:35:08 INFO  Progress (1): 327/466 kB
2026.04.01 14:35:08 INFO  Progress (1): 344/466 kB
2026.04.01 14:35:08 INFO  Progress (1): 360/466 kB
2026.04.01 14:35:08 INFO  Progress (1): 376/466 kB
2026.04.01 14:35:08 INFO  Progress (1): 393/466 kB
2026.04.01 14:35:08 INFO  Progress (1): 409/466 kB
2026.04.01 14:35:08 INFO  Progress (1): 425/466 kB
2026.04.01 14:35:08 INFO  Progress (1): 442/466 kB
2026.04.01 14:35:08 INFO  Progress (1): 458/466 kB
2026.04.01 14:35:08 INFO  Progress (1): 466 kB    
2026.04.01 14:35:08 INFO                      
2026.04.01 14:35:08 INFO  Downloaded from central: https://repo.maven.apache.org/maven2/ch/qos/logback/logback-core/1.4.14/logback-core-1.4.14-sources.jar (466 kB at 5.4 MB/s)
2026.04.01 14:35:08 INFO  [INFO] SUCCESS: ch.qos.logback:logback-core:jar:1.4.14:compile (sources = true)
2026.04.01 14:35:08 INFO  [INFO] Resolving artifact: io.smallrye:jandex:jar:3.1.2:runtime (sources = false)
2026.04.01 14:35:08 INFO  [INFO] SUCCESS: io.smallrye:jandex:jar:3.1.2:runtime (sources = false)
2026.04.01 14:35:08 INFO  [INFO] Resolving artifact: io.smallrye:jandex:jar:3.1.2:runtime (sources = true)
2026.04.01 14:35:08 INFO  Downloading from central: https://repo.maven.apache.org/maven2/io/smallrye/jandex/3.1.2/jandex-3.1.2-sources.jar
2026.04.01 14:35:08 INFO  Progress (1): 7.7/199 kB
2026.04.01 14:35:08 INFO  Progress (1): 12/199 kB 
2026.04.01 14:35:08 INFO  Progress (1): 29/199 kB
2026.04.01 14:35:08 INFO  Progress (1): 45/199 kB
2026.04.01 14:35:08 INFO  Progress (1): 61/199 kB
2026.04.01 14:35:08 INFO  Progress (1): 78/199 kB
2026.04.01 14:35:08 INFO  Progress (1): 94/199 kB
2026.04.01 14:35:08 INFO  Progress (1): 111/199 kB
2026.04.01 14:35:08 INFO  Progress (1): 127/199 kB
2026.04.01 14:35:08 INFO  Progress (1): 143/199 kB
2026.04.01 14:35:08 INFO  Progress (1): 160/199 kB
2026.04.01 14:35:08 INFO  Progress (1): 176/199 kB
2026.04.01 14:35:08 INFO  Progress (1): 193/199 kB
2026.04.01 14:35:08 INFO  Progress (1): 199 kB    
2026.04.01 14:35:08 INFO                      
2026.04.01 14:35:08 INFO  Downloaded from central: https://repo.maven.apache.org/maven2/io/smallrye/jandex/3.1.2/jandex-3.1.2-sources.jar (199 kB at 3.7 MB/s)
2026.04.01 14:35:08 INFO  [INFO] SUCCESS: io.smallrye:jandex:jar:3.1.2:runtime (sources = true)
2026.04.01 14:35:08 INFO  [INFO] Resolving artifact: org.junit.jupiter:junit-jupiter-params:jar:5.10.2:test (sources = false)
2026.04.01 14:35:08 INFO  [INFO] SUCCESS: org.junit.jupiter:junit-jupiter-params:jar:5.10.2:test (sources = false)
2026.04.01 14:35:08 INFO  [INFO] Resolving artifact: org.junit.jupiter:junit-jupiter-params:jar:5.10.2:test (sources = true)
2026.04.01 14:35:08 INFO  Downloading from central: https://repo.maven.apache.org/maven2/org/junit/jupiter/junit-jupiter-params/5.10.2/junit-jupiter-params-5.10.2-sources.jar
2026.04.01 14:35:08 INFO  Progress (1): 7.7/83 kB
2026.04.01 14:35:08 INFO  Progress (1): 16/83 kB 
2026.04.01 14:35:08 INFO  Progress (1): 32/83 kB
2026.04.01 14:35:08 INFO  Progress (1): 49/83 kB
2026.04.01 14:35:08 INFO  Progress (1): 65/83 kB
2026.04.01 14:35:08 INFO  Progress (1): 81/83 kB
2026.04.01 14:35:08 INFO  Progress (1): 83 kB   
2026.04.01 14:35:08 INFO                     
2026.04.01 14:35:08 INFO  Downloaded from central: https://repo.maven.apache.org/maven2/org/junit/jupiter/junit-jupiter-params/5.10.2/junit-jupiter-params-5.10.2-sources.jar (83 kB at 2.0 MB/s)
2026.04.01 14:35:08 INFO  [INFO] SUCCESS: org.junit.jupiter:junit-jupiter-params:jar:5.10.2:test (sources = true)
2026.04.01 14:35:08 INFO  [INFO] Resolving artifact: com.jayway.jsonpath:json-path:jar:2.9.0:test (sources = false)
2026.04.01 14:35:08 INFO  [INFO] SUCCESS: com.jayway.jsonpath:json-path:jar:2.9.0:test (sources = false)
2026.04.01 14:35:08 INFO  [INFO] Resolving artifact: com.jayway.jsonpath:json-path:jar:2.9.0:test (sources = true)
2026.04.01 14:35:08 INFO  [INFO] SUCCESS: com.jayway.jsonpath:json-path:jar:2.9.0:test (sources = true)
2026.04.01 14:35:08 INFO  [INFO] Resolving artifact: org.glassfish.jaxb:txw2:jar:4.0.5:runtime (sources = false)
2026.04.01 14:35:08 INFO  [INFO] SUCCESS: org.glassfish.jaxb:txw2:jar:4.0.5:runtime (sources = false)
2026.04.01 14:35:08 INFO  [INFO] Resolving artifact: org.glassfish.jaxb:txw2:jar:4.0.5:runtime (sources = true)
2026.04.01 14:35:08 INFO  [INFO] SUCCESS: org.glassfish.jaxb:txw2:jar:4.0.5:runtime (sources = true)
2026.04.01 14:35:08 INFO  [INFO] Resolving artifact: org.apiguardian:apiguardian-api:jar:1.1.2:test (sources = false)
2026.04.01 14:35:08 INFO  [INFO] SUCCESS: org.apiguardian:apiguardian-api:jar:1.1.2:test (sources = false)
2026.04.01 14:35:08 INFO  [INFO] Resolving artifact: org.apiguardian:apiguardian-api:jar:1.1.2:test (sources = true)
2026.04.01 14:35:08 INFO  [INFO] SUCCESS: org.apiguardian:apiguardian-api:jar:1.1.2:test (sources = true)
2026.04.01 14:35:08 INFO  [INFO] Resolving artifact: org.aspectj:aspectjweaver:jar:1.9.21:compile (sources = false)
2026.04.01 14:35:08 INFO  [INFO] SUCCESS: org.aspectj:aspectjweaver:jar:1.9.21:compile (sources = false)
2026.04.01 14:35:08 INFO  [INFO] Resolving artifact: org.aspectj:aspectjweaver:jar:1.9.21:compile (sources = true)
2026.04.01 14:35:08 INFO  Downloading from central: https://repo.maven.apache.org/maven2/org/aspectj/aspectjweaver/1.9.21/aspectjweaver-1.9.21-sources.jar
2026.04.01 14:35:08 INFO  Progress (1): 0/1.7 MB
2026.04.01 14:35:08 INFO  Progress (1): 0/1.7 MB
2026.04.01 14:35:08 INFO  Progress (1): 0/1.7 MB
2026.04.01 14:35:08 INFO  Progress (1): 0/1.7 MB
2026.04.01 14:35:08 INFO  Progress (1): 0.1/1.7 MB
2026.04.01 14:35:08 INFO  Progress (1): 0.1/1.7 MB
2026.04.01 14:35:08 INFO  Progress (1): 0.1/1.7 MB
2026.04.01 14:35:08 INFO  Progress (1): 0.1/1.7 MB
2026.04.01 14:35:08 INFO  Progress (1): 0.1/1.7 MB
2026.04.01 14:35:08 INFO  Progress (1): 0.1/1.7 MB
2026.04.01 14:35:08 INFO  Progress (1): 0.2/1.7 MB
2026.04.01 14:35:08 INFO  Progress (1): 0.2/1.7 MB
2026.04.01 14:35:08 INFO  Progress (1): 0.2/1.7 MB
2026.04.01 14:35:08 INFO  Progress (1): 0.2/1.7 MB
2026.04.01 14:35:08 INFO  Progress (1): 0.2/1.7 MB
2026.04.01 14:35:08 INFO  Progress (1): 0.2/1.7 MB
2026.04.01 14:35:08 INFO  Progress (1): 0.3/1.7 MB
2026.04.01 14:35:08 INFO  Progress (1): 0.3/1.7 MB
2026.04.01 14:35:08 INFO  Progress (1): 0.3/1.7 MB
2026.04.01 14:35:08 INFO  Progress (1): 0.3/1.7 MB
2026.04.01 14:35:08 INFO  Progress (1): 0.3/1.7 MB
2026.04.01 14:35:08 INFO  Progress (1): 0.3/1.7 MB
2026.04.01 14:35:08 INFO  Progress (1): 0.4/1.7 MB
2026.04.01 14:35:08 INFO  Progress (1): 0.4/1.7 MB
2026.04.01 14:35:08 INFO  Progress (1): 0.4/1.7 MB
2026.04.01 14:35:08 INFO  Progress (1): 0.4/1.7 MB
2026.04.01 14:35:08 INFO  Progress (1): 0.4/1.7 MB
2026.04.01 14:35:08 INFO  Progress (1): 0.4/1.7 MB
2026.04.01 14:35:08 INFO  Progress (1): 0.5/1.7 MB
2026.04.01 14:35:08 INFO  Progress (1): 0.5/1.7 MB
2026.04.01 14:35:08 INFO  Progress (1): 0.5/1.7 MB
2026.04.01 14:35:08 INFO  Progress (1): 0.5/1.7 MB
2026.04.01 14:35:08 INFO  Progress (1): 0.5/1.7 MB
2026.04.01 14:35:08 INFO  Progress (1): 0.5/1.7 MB
2026.04.01 14:35:08 INFO  Progress (1): 0.6/1.7 MB
2026.04.01 14:35:08 INFO  Progress (1): 0.6/1.7 MB
2026.04.01 14:35:08 INFO  Progress (1): 0.6/1.7 MB
2026.04.01 14:35:08 INFO  Progress (1): 0.6/1.7 MB
2026.04.01 14:35:08 INFO  Progress (1): 0.6/1.7 MB
2026.04.01 14:35:08 INFO  Progress (1): 0.6/1.7 MB
2026.04.01 14:35:08 INFO  Progress (1): 0.7/1.7 MB
2026.04.01 14:35:08 INFO  Progress (1): 0.7/1.7 MB
2026.04.01 14:35:08 INFO  Progress (1): 0.7/1.7 MB
2026.04.01 14:35:08 INFO  Progress (1): 0.7/1.7 MB
2026.04.01 14:35:08 INFO  Progress (1): 0.7/1.7 MB
2026.04.01 14:35:08 INFO  Progress (1): 0.7/1.7 MB
2026.04.01 14:35:08 INFO  Progress (1): 0.7/1.7 MB
2026.04.01 14:35:08 INFO  Progress (1): 0.8/1.7 MB
2026.04.01 14:35:08 INFO  Progress (1): 0.8/1.7 MB
2026.04.01 14:35:08 INFO  Progress (1): 0.8/1.7 MB
2026.04.01 14:35:08 INFO  Progress (1): 0.8/1.7 MB
2026.04.01 14:35:08 INFO  Progress (1): 0.8/1.7 MB
2026.04.01 14:35:08 INFO  Progress (1): 0.8/1.7 MB
2026.04.01 14:35:08 INFO  Progress (1): 0.9/1.7 MB
2026.04.01 14:35:08 INFO  Progress (1): 0.9/1.7 MB
2026.04.01 14:35:08 INFO  Progress (1): 0.9/1.7 MB
2026.04.01 14:35:08 INFO  Progress (1): 0.9/1.7 MB
2026.04.01 14:35:08 INFO  Progress (1): 0.9/1.7 MB
2026.04.01 14:35:08 INFO  Progress (1): 0.9/1.7 MB
2026.04.01 14:35:08 INFO  Progress (1): 1.0/1.7 MB
2026.04.01 14:35:08 INFO  Progress (1): 1.0/1.7 MB
2026.04.01 14:35:08 INFO  Progress (1): 1.0/1.7 MB
2026.04.01 14:35:08 INFO  Progress (1): 1.0/1.7 MB
2026.04.01 14:35:08 INFO  Progress (1): 1.0/1.7 MB
2026.04.01 14:35:08 INFO  Progress (1): 1.0/1.7 MB
2026.04.01 14:35:08 INFO  Progress (1): 1.1/1.7 MB
2026.04.01 14:35:08 INFO  Progress (1): 1.1/1.7 MB
2026.04.01 14:35:08 INFO  Progress (1): 1.1/1.7 MB
2026.04.01 14:35:08 INFO  Progress (1): 1.1/1.7 MB
2026.04.01 14:35:08 INFO  Progress (1): 1.1/1.7 MB
2026.04.01 14:35:08 INFO  Progress (1): 1.1/1.7 MB
2026.04.01 14:35:08 INFO  Progress (1): 1.2/1.7 MB
2026.04.01 14:35:08 INFO  Progress (1): 1.2/1.7 MB
2026.04.01 14:35:08 INFO  Progress (1): 1.2/1.7 MB
2026.04.01 14:35:08 INFO  Progress (1): 1.2/1.7 MB
2026.04.01 14:35:08 INFO  Progress (1): 1.2/1.7 MB
2026.04.01 14:35:08 INFO  Progress (1): 1.2/1.7 MB
2026.04.01 14:35:08 INFO  Progress (1): 1.3/1.7 MB
2026.04.01 14:35:09 INFO  Progress (1): 1.3/1.7 MB
2026.04.01 14:35:09 INFO  Progress (1): 1.3/1.7 MB
2026.04.01 14:35:09 INFO  Progress (1): 1.3/1.7 MB
2026.04.01 14:35:09 INFO  Progress (1): 1.3/1.7 MB
2026.04.01 14:35:09 INFO  Progress (1): 1.3/1.7 MB
2026.04.01 14:35:09 INFO  Progress (1): 1.4/1.7 MB
2026.04.01 14:35:09 INFO  Progress (1): 1.4/1.7 MB
2026.04.01 14:35:09 INFO  Progress (1): 1.4/1.7 MB
2026.04.01 14:35:09 INFO  Progress (1): 1.4/1.7 MB
2026.04.01 14:35:09 INFO  Progress (1): 1.4/1.7 MB
2026.04.01 14:35:09 INFO  Progress (1): 1.4/1.7 MB
2026.04.01 14:35:09 INFO  Progress (1): 1.5/1.7 MB
2026.04.01 14:35:09 INFO  Progress (1): 1.5/1.7 MB
2026.04.01 14:35:09 INFO  Progress (1): 1.5/1.7 MB
2026.04.01 14:35:09 INFO  Progress (1): 1.5/1.7 MB
2026.04.01 14:35:09 INFO  Progress (1): 1.5/1.7 MB
2026.04.01 14:35:09 INFO  Progress (1): 1.5/1.7 MB
2026.04.01 14:35:09 INFO  Progress (1): 1.6/1.7 MB
2026.04.01 14:35:09 INFO  Progress (1): 1.6/1.7 MB
2026.04.01 14:35:09 INFO  Progress (1): 1.6/1.7 MB
2026.04.01 14:35:09 INFO  Progress (1): 1.6/1.7 MB
2026.04.01 14:35:09 INFO  Progress (1): 1.6/1.7 MB
2026.04.01 14:35:09 INFO  Progress (1): 1.6/1.7 MB
2026.04.01 14:35:09 INFO  Progress (1): 1.7/1.7 MB
2026.04.01 14:35:09 INFO  Progress (1): 1.7 MB    
2026.04.01 14:35:09 INFO                      
2026.04.01 14:35:09 INFO  Downloaded from central: https://repo.maven.apache.org/maven2/org/aspectj/aspectjweaver/1.9.21/aspectjweaver-1.9.21-sources.jar (1.7 MB at 6.5 MB/s)
2026.04.01 14:35:09 INFO  [INFO] SUCCESS: org.aspectj:aspectjweaver:jar:1.9.21:compile (sources = true)
2026.04.01 14:35:09 INFO  [INFO] Resolving artifact: org.hibernate.orm:hibernate-core:jar:6.4.4.Final:compile (sources = false)
2026.04.01 14:35:09 INFO  [INFO] SUCCESS: org.hibernate.orm:hibernate-core:jar:6.4.4.Final:compile (sources = false)
2026.04.01 14:35:09 INFO  [INFO] Resolving artifact: org.hibernate.orm:hibernate-core:jar:6.4.4.Final:compile (sources = true)
2026.04.01 14:35:09 INFO  Downloading from central: https://repo.maven.apache.org/maven2/org/hibernate/orm/hibernate-core/6.4.4.Final/hibernate-core-6.4.4.Final-sources.jar
2026.04.01 14:35:09 INFO  Progress (1): 0/7.5 MB
2026.04.01 14:35:09 INFO  Progress (1): 0/7.5 MB
2026.04.01 14:35:09 INFO  Progress (1): 0/7.5 MB
2026.04.01 14:35:09 INFO  Progress (1): 0.1/7.5 MB
2026.04.01 14:35:09 INFO  Progress (1): 0.1/7.5 MB
2026.04.01 14:35:09 INFO  Progress (1): 0.1/7.5 MB
2026.04.01 14:35:09 INFO  Progress (1): 0.1/7.5 MB
2026.04.01 14:35:09 INFO  Progress (1): 0.1/7.5 MB
2026.04.01 14:35:09 INFO  Progress (1): 0.1/7.5 MB
2026.04.01 14:35:09 INFO  Progress (1): 0.2/7.5 MB
2026.04.01 14:35:09 INFO  Progress (1): 0.2/7.5 MB
2026.04.01 14:35:09 INFO  Progress (1): 0.2/7.5 MB
2026.04.01 14:35:09 INFO  Progress (1): 0.2/7.5 MB
2026.04.01 14:35:09 INFO  Progress (1): 0.2/7.5 MB
2026.04.01 14:35:09 INFO  Progress (1): 0.2/7.5 MB
2026.04.01 14:35:09 INFO  Progress (1): 0.2/7.5 MB
2026.04.01 14:35:09 INFO  Progress (1): 0.3/7.5 MB
2026.04.01 14:35:09 INFO  Progress (1): 0.3/7.5 MB
2026.04.01 14:35:09 INFO  Progress (1): 0.3/7.5 MB
2026.04.01 14:35:09 INFO  Progress (1): 0.3/7.5 MB
2026.04.01 14:35:09 INFO  Progress (1): 0.3/7.5 MB
2026.04.01 14:35:09 INFO  Progress (1): 0.3/7.5 MB
2026.04.01 14:35:09 INFO  Progress (1): 0.4/7.5 MB
2026.04.01 14:35:09 INFO  Progress (1): 0.4/7.5 MB
2026.04.01 14:35:09 INFO  Progress (1): 0.4/7.5 MB
2026.04.01 14:35:09 INFO  Progress (1): 0.4/7.5 MB
2026.04.01 14:35:09 INFO  Progress (1): 0.4/7.5 MB
2026.04.01 14:35:09 INFO  Progress (1): 0.4/7.5 MB
2026.04.01 14:35:09 INFO  Progress (1): 0.5/7.5 MB
2026.04.01 14:35:09 INFO  Progress (1): 0.5/7.5 MB
2026.04.01 14:35:09 INFO  Progress (1): 0.5/7.5 MB
2026.04.01 14:35:09 INFO  Progress (1): 0.5/7.5 MB
2026.04.01 14:35:09 INFO  Progress (1): 0.5/7.5 MB
2026.04.01 14:35:09 INFO  Progress (1): 0.5/7.5 MB
2026.04.01 14:35:09 INFO  Progress (1): 0.6/7.5 MB
2026.04.01 14:35:09 INFO  Progress (1): 0.6/7.5 MB
2026.04.01 14:35:09 INFO  Progress (1): 0.6/7.5 MB
2026.04.01 14:35:09 INFO  Progress (1): 0.6/7.5 MB
2026.04.01 14:35:09 INFO  Progress (1): 0.6/7.5 MB
2026.04.01 14:35:09 INFO  Progress (1): 0.6/7.5 MB
2026.04.01 14:35:09 INFO  Progress (1): 0.7/7.5 MB
2026.04.01 14:35:09 INFO  Progress (1): 0.7/7.5 MB
2026.04.01 14:35:09 INFO  Progress (1): 0.7/7.5 MB
2026.04.01 14:35:09 INFO  Progress (1): 0.7/7.5 MB
2026.04.01 14:35:09 INFO  Progress (1): 0.7/7.5 MB
2026.04.01 14:35:09 INFO  Progress (1): 0.7/7.5 MB
2026.04.01 14:35:09 INFO  Progress (1): 0.8/7.5 MB
2026.04.01 14:35:09 INFO  Progress (1): 0.8/7.5 MB
2026.04.01 14:35:09 INFO  Progress (1): 0.8/7.5 MB
2026.04.01 14:35:09 INFO  Progress (1): 0.8/7.5 MB
2026.04.01 14:35:09 INFO  Progress (1): 0.8/7.5 MB
2026.04.01 14:35:09 INFO  Progress (1): 0.8/7.5 MB
2026.04.01 14:35:09 INFO  Progress (1): 0.9/7.5 MB
2026.04.01 14:35:09 INFO  Progress (1): 0.9/7.5 MB
2026.04.01 14:35:09 INFO  Progress (1): 0.9/7.5 MB
2026.04.01 14:35:09 INFO  Progress (1): 0.9/7.5 MB
2026.04.01 14:35:09 INFO  Progress (1): 0.9/7.5 MB
2026.04.01 14:35:09 INFO  Progress (1): 0.9/7.5 MB
2026.04.01 14:35:09 INFO  Progress (1): 1.0/7.5 MB
2026.04.01 14:35:09 INFO  Progress (1): 1.0/7.5 MB
2026.04.01 14:35:09 INFO  Progress (1): 1.0/7.5 MB
2026.04.01 14:35:09 INFO  Progress (1): 1.0/7.5 MB
2026.04.01 14:35:09 INFO  Progress (1): 1.0/7.5 MB
2026.04.01 14:35:09 INFO  Progress (1): 1.0/7.5 MB
2026.04.01 14:35:09 INFO  Progress (1): 1.1/7.5 MB
2026.04.01 14:35:09 INFO  Progress (1): 1.1/7.5 MB
2026.04.01 14:35:09 INFO  Progress (1): 1.1/7.5 MB
2026.04.01 14:35:09 INFO  Progress (1): 1.1/7.5 MB
2026.04.01 14:35:09 INFO  Progress (1): 1.1/7.5 MB
2026.04.01 14:35:09 INFO  Progress (1): 1.1/7.5 MB
2026.04.01 14:35:09 INFO  Progress (1): 1.2/7.5 MB
2026.04.01 14:35:09 INFO  Progress (1): 1.2/7.5 MB
2026.04.01 14:35:09 INFO  Progress (1): 1.2/7.5 MB
2026.04.01 14:35:09 INFO  Progress (1): 1.2/7.5 MB
2026.04.01 14:35:09 INFO  Progress (1): 1.2/7.5 MB
2026.04.01 14:35:09 INFO  Progress (1): 1.2/7.5 MB
2026.04.01 14:35:09 INFO  Progress (1): 1.2/7.5 MB
2026.04.01 14:35:09 INFO  Progress (1): 1.3/7.5 MB
2026.04.01 14:35:09 INFO  Progress (1): 1.3/7.5 MB
2026.04.01 14:35:09 INFO  Progress (1): 1.3/7.5 MB
2026.04.01 14:35:09 INFO  Progress (1): 1.3/7.5 MB
2026.04.01 14:35:09 INFO  Progress (1): 1.3/7.5 MB
2026.04.01 14:35:09 INFO  Progress (1): 1.3/7.5 MB
2026.04.01 14:35:09 INFO  Progress (1): 1.4/7.5 MB
2026.04.01 14:35:09 INFO  Progress (1): 1.4/7.5 MB
2026.04.01 14:35:09 INFO  Progress (1): 1.4/7.5 MB
2026.04.01 14:35:09 INFO  Progress (1): 1.4/7.5 MB
2026.04.01 14:35:09 INFO  Progress (1): 1.4/7.5 MB
2026.04.01 14:35:09 INFO  Progress (1): 1.4/7.5 MB
2026.04.01 14:35:09 INFO  Progress (1): 1.5/7.5 MB
2026.04.01 14:35:09 INFO  Progress (1): 1.5/7.5 MB
2026.04.01 14:35:09 INFO  Progress (1): 1.5/7.5 MB
2026.04.01 14:35:09 INFO  Progress (1): 1.5/7.5 MB
2026.04.01 14:35:09 INFO  Progress (1): 1.5/7.5 MB
2026.04.01 14:35:09 INFO  Progress (1): 1.5/7.5 MB
2026.04.01 14:35:09 INFO  Progress (1): 1.5/7.5 MB
2026.04.01 14:35:09 INFO  Progress (1): 1.6/7.5 MB
2026.04.01 14:35:09 INFO  Progress (1): 1.6/7.5 MB
2026.04.01 14:35:09 INFO  Progress (1): 1.6/7.5 MB
2026.04.01 14:35:09 INFO  Progress (1): 1.6/7.5 MB
2026.04.01 14:35:09 INFO  Progress (1): 1.6/7.5 MB
2026.04.01 14:35:09 INFO  Progress (1): 1.6/7.5 MB
2026.04.01 14:35:09 INFO  Progress (1): 1.7/7.5 MB
2026.04.01 14:35:09 INFO  Progress (1): 1.7/7.5 MB
2026.04.01 14:35:09 INFO  Progress (1): 1.7/7.5 MB
2026.04.01 14:35:09 INFO  Progress (1): 1.7/7.5 MB
2026.04.01 14:35:09 INFO  Progress (1): 1.7/7.5 MB
2026.04.01 14:35:09 INFO  Progress (1): 1.7/7.5 MB
2026.04.01 14:35:09 INFO  Progress (1): 1.8/7.5 MB
2026.04.01 14:35:09 INFO  Progress (1): 1.8/7.5 MB
2026.04.01 14:35:09 INFO  Progress (1): 1.8/7.5 MB
2026.04.01 14:35:09 INFO  Progress (1): 1.8/7.5 MB
2026.04.01 14:35:09 INFO  Progress (1): 1.8/7.5 MB
2026.04.01 14:35:09 INFO  Progress (1): 1.8/7.5 MB
2026.04.01 14:35:09 INFO  Progress (1): 1.9/7.5 MB
2026.04.01 14:35:09 INFO  Progress (1): 1.9/7.5 MB
2026.04.01 14:35:09 INFO  Progress (1): 1.9/7.5 MB
2026.04.01 14:35:09 INFO  Progress (1): 1.9/7.5 MB
2026.04.01 14:35:09 INFO  Progress (1): 1.9/7.5 MB
2026.04.01 14:35:09 INFO  Progress (1): 1.9/7.5 MB
2026.04.01 14:35:09 INFO  Progress (1): 2.0/7.5 MB
2026.04.01 14:35:09 INFO  Progress (1): 2.0/7.5 MB
2026.04.01 14:35:09 INFO  Progress (1): 2.0/7.5 MB
2026.04.01 14:35:09 INFO  Progress (1): 2.0/7.5 MB
2026.04.01 14:35:09 INFO  Progress (1): 2.0/7.5 MB
2026.04.01 14:35:09 INFO  Progress (1): 2.0/7.5 MB
2026.04.01 14:35:09 INFO  Progress (1): 2.1/7.5 MB
2026.04.01 14:35:09 INFO  Progress (1): 2.1/7.5 MB
2026.04.01 14:35:09 INFO  Progress (1): 2.1/7.5 MB
2026.04.01 14:35:09 INFO  Progress (1): 2.1/7.5 MB
2026.04.01 14:35:09 INFO  Progress (1): 2.1/7.5 MB
2026.04.01 14:35:09 INFO  Progress (1): 2.1/7.5 MB
2026.04.01 14:35:09 INFO  Progress (1): 2.1/7.5 MB
2026.04.01 14:35:09 INFO  Progress (1): 2.2/7.5 MB
2026.04.01 14:35:09 INFO  Progress (1): 2.2/7.5 MB
2026.04.01 14:35:09 INFO  Progress (1): 2.2/7.5 MB
2026.04.01 14:35:09 INFO  Progress (1): 2.2/7.5 MB
2026.04.01 14:35:09 INFO  Progress (1): 2.2/7.5 MB
2026.04.01 14:35:09 INFO  Progress (1): 2.2/7.5 MB
2026.04.01 14:35:09 INFO  Progress (1): 2.3/7.5 MB
2026.04.01 14:35:09 INFO  Progress (1): 2.3/7.5 MB
2026.04.01 14:35:09 INFO  Progress (1): 2.3/7.5 MB
2026.04.01 14:35:09 INFO  Progress (1): 2.3/7.5 MB
2026.04.01 14:35:09 INFO  Progress (1): 2.3/7.5 MB
2026.04.01 14:35:09 INFO  Progress (1): 2.3/7.5 MB
2026.04.01 14:35:09 INFO  Progress (1): 2.4/7.5 MB
2026.04.01 14:35:09 INFO  Progress (1): 2.4/7.5 MB
2026.04.01 14:35:09 INFO  Progress (1): 2.4/7.5 MB
2026.04.01 14:35:09 INFO  Progress (1): 2.4/7.5 MB
2026.04.01 14:35:09 INFO  Progress (1): 2.4/7.5 MB
2026.04.01 14:35:09 INFO  Progress (1): 2.4/7.5 MB
2026.04.01 14:35:09 INFO  Progress (1): 2.5/7.5 MB
2026.04.01 14:35:09 INFO  Progress (1): 2.5/7.5 MB
2026.04.01 14:35:09 INFO  Progress (1): 2.5/7.5 MB
2026.04.01 14:35:09 INFO  Progress (1): 2.5/7.5 MB
2026.04.01 14:35:09 INFO  Progress (1): 2.5/7.5 MB
2026.04.01 14:35:09 INFO  Progress (1): 2.5/7.5 MB
2026.04.01 14:35:09 INFO  Progress (1): 2.6/7.5 MB
2026.04.01 14:35:09 INFO  Progress (1): 2.6/7.5 MB
2026.04.01 14:35:09 INFO  Progress (1): 2.6/7.5 MB
2026.04.01 14:35:09 INFO  Progress (1): 2.6/7.5 MB
2026.04.01 14:35:09 INFO  Progress (1): 2.6/7.5 MB
2026.04.01 14:35:09 INFO  Progress (1): 2.6/7.5 MB
2026.04.01 14:35:09 INFO  Progress (1): 2.6/7.5 MB
2026.04.01 14:35:09 INFO  Progress (1): 2.7/7.5 MB
2026.04.01 14:35:09 INFO  Progress (1): 2.7/7.5 MB
2026.04.01 14:35:09 INFO  Progress (1): 2.7/7.5 MB
2026.04.01 14:35:09 INFO  Progress (1): 2.7/7.5 MB
2026.04.01 14:35:09 INFO  Progress (1): 2.7/7.5 MB
2026.04.01 14:35:09 INFO  Progress (1): 2.7/7.5 MB
2026.04.01 14:35:09 INFO  Progress (1): 2.8/7.5 MB
2026.04.01 14:35:09 INFO  Progress (1): 2.8/7.5 MB
2026.04.01 14:35:09 INFO  Progress (1): 2.8/7.5 MB
2026.04.01 14:35:09 INFO  Progress (1): 2.8/7.5 MB
2026.04.01 14:35:09 INFO  Progress (1): 2.8/7.5 MB
2026.04.01 14:35:09 INFO  Progress (1): 2.8/7.5 MB
2026.04.01 14:35:09 INFO  Progress (1): 2.9/7.5 MB
2026.04.01 14:35:09 INFO  Progress (1): 2.9/7.5 MB
2026.04.01 14:35:09 INFO  Progress (1): 2.9/7.5 MB
2026.04.01 14:35:09 INFO  Progress (1): 2.9/7.5 MB
2026.04.01 14:35:09 INFO  Progress (1): 2.9/7.5 MB
2026.04.01 14:35:09 INFO  Progress (1): 2.9/7.5 MB
2026.04.01 14:35:09 INFO  Progress (1): 2.9/7.5 MB
2026.04.01 14:35:09 INFO  Progress (1): 3.0/7.5 MB
2026.04.01 14:35:09 INFO  Progress (1): 3.0/7.5 MB
2026.04.01 14:35:09 INFO  Progress (1): 3.0/7.5 MB
2026.04.01 14:35:09 INFO  Progress (1): 3.0/7.5 MB
2026.04.01 14:35:09 INFO  Progress (1): 3.0/7.5 MB
2026.04.01 14:35:09 INFO  Progress (1): 3.0/7.5 MB
2026.04.01 14:35:09 INFO  Progress (1): 3.1/7.5 MB
2026.04.01 14:35:09 INFO  Progress (1): 3.1/7.5 MB
2026.04.01 14:35:09 INFO  Progress (1): 3.1/7.5 MB
2026.04.01 14:35:09 INFO  Progress (1): 3.1/7.5 MB
2026.04.01 14:35:09 INFO  Progress (1): 3.1/7.5 MB
2026.04.01 14:35:09 INFO  Progress (1): 3.1/7.5 MB
2026.04.01 14:35:09 INFO  Progress (1): 3.1/7.5 MB
2026.04.01 14:35:09 INFO  Progress (1): 3.2/7.5 MB
2026.04.01 14:35:09 INFO  Progress (1): 3.2/7.5 MB
2026.04.01 14:35:09 INFO  Progress (1): 3.2/7.5 MB
2026.04.01 14:35:09 INFO  Progress (1): 3.2/7.5 MB
2026.04.01 14:35:09 INFO  Progress (1): 3.2/7.5 MB
2026.04.01 14:35:09 INFO  Progress (1): 3.2/7.5 MB
2026.04.01 14:35:09 INFO  Progress (1): 3.3/7.5 MB
2026.04.01 14:35:09 INFO  Progress (1): 3.3/7.5 MB
2026.04.01 14:35:09 INFO  Progress (1): 3.3/7.5 MB
2026.04.01 14:35:09 INFO  Progress (1): 3.3/7.5 MB
2026.04.01 14:35:09 INFO  Progress (1): 3.3/7.5 MB
2026.04.01 14:35:09 INFO  Progress (1): 3.3/7.5 MB
2026.04.01 14:35:09 INFO  Progress (1): 3.4/7.5 MB
2026.04.01 14:35:09 INFO  Progress (1): 3.4/7.5 MB
2026.04.01 14:35:09 INFO  Progress (1): 3.4/7.5 MB
2026.04.01 14:35:09 INFO  Progress (1): 3.4/7.5 MB
2026.04.01 14:35:09 INFO  Progress (1): 3.4/7.5 MB
2026.04.01 14:35:09 INFO  Progress (1): 3.4/7.5 MB
2026.04.01 14:35:09 INFO  Progress (1): 3.5/7.5 MB
2026.04.01 14:35:09 INFO  Progress (1): 3.5/7.5 MB
2026.04.01 14:35:09 INFO  Progress (1): 3.5/7.5 MB
2026.04.01 14:35:09 INFO  Progress (1): 3.5/7.5 MB
2026.04.01 14:35:09 INFO  Progress (1): 3.5/7.5 MB
2026.04.01 14:35:09 INFO  Progress (1): 3.5/7.5 MB
2026.04.01 14:35:09 INFO  Progress (1): 3.5/7.5 MB
2026.04.01 14:35:09 INFO  Progress (1): 3.6/7.5 MB
2026.04.01 14:35:09 INFO  Progress (1): 3.6/7.5 MB
2026.04.01 14:35:09 INFO  Progress (1): 3.6/7.5 MB
2026.04.01 14:35:09 INFO  Progress (1): 3.6/7.5 MB
2026.04.01 14:35:09 INFO  Progress (1): 3.6/7.5 MB
2026.04.01 14:35:09 INFO  Progress (1): 3.6/7.5 MB
2026.04.01 14:35:09 INFO  Progress (1): 3.6/7.5 MB
2026.04.01 14:35:09 INFO  Progress (1): 3.7/7.5 MB
2026.04.01 14:35:09 INFO  Progress (1): 3.7/7.5 MB
2026.04.01 14:35:09 INFO  Progress (1): 3.7/7.5 MB
2026.04.01 14:35:09 INFO  Progress (1): 3.7/7.5 MB
2026.04.01 14:35:09 INFO  Progress (1): 3.7/7.5 MB
2026.04.01 14:35:09 INFO  Progress (1): 3.7/7.5 MB
2026.04.01 14:35:09 INFO  Progress (1): 3.7/7.5 MB
2026.04.01 14:35:09 INFO  Progress (1): 3.8/7.5 MB
2026.04.01 14:35:09 INFO  Progress (1): 3.8/7.5 MB
2026.04.01 14:35:09 INFO  Progress (1): 3.8/7.5 MB
2026.04.01 14:35:09 INFO  Progress (1): 3.8/7.5 MB
2026.04.01 14:35:09 INFO  Progress (1): 3.8/7.5 MB
2026.04.01 14:35:09 INFO  Progress (1): 3.8/7.5 MB
2026.04.01 14:35:09 INFO  Progress (1): 3.9/7.5 MB
2026.04.01 14:35:09 INFO  Progress (1): 3.9/7.5 MB
2026.04.01 14:35:09 INFO  Progress (1): 3.9/7.5 MB
2026.04.01 14:35:09 INFO  Progress (1): 3.9/7.5 MB
2026.04.01 14:35:09 INFO  Progress (1): 3.9/7.5 MB
2026.04.01 14:35:09 INFO  Progress (1): 3.9/7.5 MB
2026.04.01 14:35:09 INFO  Progress (1): 4.0/7.5 MB
2026.04.01 14:35:09 INFO  Progress (1): 4.0/7.5 MB
2026.04.01 14:35:09 INFO  Progress (1): 4.0/7.5 MB
2026.04.01 14:35:09 INFO  Progress (1): 4.0/7.5 MB
2026.04.01 14:35:09 INFO  Progress (1): 4.0/7.5 MB
2026.04.01 14:35:09 INFO  Progress (1): 4.0/7.5 MB
2026.04.01 14:35:09 INFO  Progress (1): 4.1/7.5 MB
2026.04.01 14:35:09 INFO  Progress (1): 4.1/7.5 MB
2026.04.01 14:35:09 INFO  Progress (1): 4.1/7.5 MB
2026.04.01 14:35:09 INFO  Progress (1): 4.1/7.5 MB
2026.04.01 14:35:09 INFO  Progress (1): 4.1/7.5 MB
2026.04.01 14:35:09 INFO  Progress (1): 4.1/7.5 MB
2026.04.01 14:35:09 INFO  Progress (1): 4.2/7.5 MB
2026.04.01 14:35:09 INFO  Progress (1): 4.2/7.5 MB
2026.04.01 14:35:09 INFO  Progress (1): 4.2/7.5 MB
2026.04.01 14:35:09 INFO  Progress (1): 4.2/7.5 MB
2026.04.01 14:35:09 INFO  Progress (1): 4.2/7.5 MB
2026.04.01 14:35:09 INFO  Progress (1): 4.2/7.5 MB
2026.04.01 14:35:09 INFO  Progress (1): 4.2/7.5 MB
2026.04.01 14:35:09 INFO  Progress (1): 4.3/7.5 MB
2026.04.01 14:35:09 INFO  Progress (1): 4.3/7.5 MB
2026.04.01 14:35:09 INFO  Progress (1): 4.3/7.5 MB
2026.04.01 14:35:09 INFO  Progress (1): 4.3/7.5 MB
2026.04.01 14:35:09 INFO  Progress (1): 4.3/7.5 MB
2026.04.01 14:35:09 INFO  Progress (1): 4.3/7.5 MB
2026.04.01 14:35:09 INFO  Progress (1): 4.4/7.5 MB
2026.04.01 14:35:09 INFO  Progress (1): 4.4/7.5 MB
2026.04.01 14:35:09 INFO  Progress (1): 4.4/7.5 MB
2026.04.01 14:35:09 INFO  Progress (1): 4.4/7.5 MB
2026.04.01 14:35:09 INFO  Progress (1): 4.4/7.5 MB
2026.04.01 14:35:09 INFO  Progress (1): 4.4/7.5 MB
2026.04.01 14:35:09 INFO  Progress (1): 4.5/7.5 MB
2026.04.01 14:35:09 INFO  Progress (1): 4.5/7.5 MB
2026.04.01 14:35:09 INFO  Progress (1): 4.5/7.5 MB
2026.04.01 14:35:09 INFO  Progress (1): 4.5/7.5 MB
2026.04.01 14:35:09 INFO  Progress (1): 4.5/7.5 MB
2026.04.01 14:35:09 INFO  Progress (1): 4.5/7.5 MB
2026.04.01 14:35:09 INFO  Progress (1): 4.6/7.5 MB
2026.04.01 14:35:09 INFO  Progress (1): 4.6/7.5 MB
2026.04.01 14:35:09 INFO  Progress (1): 4.6/7.5 MB
2026.04.01 14:35:09 INFO  Progress (1): 4.6/7.5 MB
2026.04.01 14:35:09 INFO  Progress (1): 4.6/7.5 MB
2026.04.01 14:35:09 INFO  Progress (1): 4.6/7.5 MB
2026.04.01 14:35:09 INFO  Progress (1): 4.7/7.5 MB
2026.04.01 14:35:09 INFO  Progress (1): 4.7/7.5 MB
2026.04.01 14:35:09 INFO  Progress (1): 4.7/7.5 MB
2026.04.01 14:35:09 INFO  Progress (1): 4.7/7.5 MB
2026.04.01 14:35:09 INFO  Progress (1): 4.7/7.5 MB
2026.04.01 14:35:09 INFO  Progress (1): 4.7/7.5 MB
2026.04.01 14:35:09 INFO  Progress (1): 4.8/7.5 MB
2026.04.01 14:35:09 INFO  Progress (1): 4.8/7.5 MB
2026.04.01 14:35:09 INFO  Progress (1): 4.8/7.5 MB
2026.04.01 14:35:09 INFO  Progress (1): 4.8/7.5 MB
2026.04.01 14:35:09 INFO  Progress (1): 4.8/7.5 MB
2026.04.01 14:35:09 INFO  Progress (1): 4.8/7.5 MB
2026.04.01 14:35:09 INFO  Progress (1): 4.9/7.5 MB
2026.04.01 14:35:09 INFO  Progress (1): 4.9/7.5 MB
2026.04.01 14:35:09 INFO  Progress (1): 4.9/7.5 MB
2026.04.01 14:35:09 INFO  Progress (1): 4.9/7.5 MB
2026.04.01 14:35:09 INFO  Progress (1): 4.9/7.5 MB
2026.04.01 14:35:09 INFO  Progress (1): 4.9/7.5 MB
2026.04.01 14:35:09 INFO  Progress (1): 5.0/7.5 MB
2026.04.01 14:35:09 INFO  Progress (1): 5.0/7.5 MB
2026.04.01 14:35:09 INFO  Progress (1): 5.0/7.5 MB
2026.04.01 14:35:09 INFO  Progress (1): 5.0/7.5 MB
2026.04.01 14:35:09 INFO  Progress (1): 5.0/7.5 MB
2026.04.01 14:35:09 INFO  Progress (1): 5.0/7.5 MB
2026.04.01 14:35:09 INFO  Progress (1): 5.1/7.5 MB
2026.04.01 14:35:09 INFO  Progress (1): 5.1/7.5 MB
2026.04.01 14:35:09 INFO  Progress (1): 5.1/7.5 MB
2026.04.01 14:35:09 INFO  Progress (1): 5.1/7.5 MB
2026.04.01 14:35:09 INFO  Progress (1): 5.1/7.5 MB
2026.04.01 14:35:09 INFO  Progress (1): 5.1/7.5 MB
2026.04.01 14:35:09 INFO  Progress (1): 5.2/7.5 MB
2026.04.01 14:35:09 INFO  Progress (1): 5.2/7.5 MB
2026.04.01 14:35:09 INFO  Progress (1): 5.2/7.5 MB
2026.04.01 14:35:09 INFO  Progress (1): 5.2/7.5 MB
2026.04.01 14:35:09 INFO  Progress (1): 5.2/7.5 MB
2026.04.01 14:35:09 INFO  Progress (1): 5.2/7.5 MB
2026.04.01 14:35:09 INFO  Progress (1): 5.2/7.5 MB
2026.04.01 14:35:09 INFO  Progress (1): 5.3/7.5 MB
2026.04.01 14:35:09 INFO  Progress (1): 5.3/7.5 MB
2026.04.01 14:35:09 INFO  Progress (1): 5.3/7.5 MB
2026.04.01 14:35:09 INFO  Progress (1): 5.3/7.5 MB
2026.04.01 14:35:09 INFO  Progress (1): 5.3/7.5 MB
2026.04.01 14:35:09 INFO  Progress (1): 5.3/7.5 MB
2026.04.01 14:35:09 INFO  Progress (1): 5.4/7.5 MB
2026.04.01 14:35:09 INFO  Progress (1): 5.4/7.5 MB
2026.04.01 14:35:09 INFO  Progress (1): 5.4/7.5 MB
2026.04.01 14:35:09 INFO  Progress (1): 5.4/7.5 MB
2026.04.01 14:35:09 INFO  Progress (1): 5.4/7.5 MB
2026.04.01 14:35:09 INFO  Progress (1): 5.4/7.5 MB
2026.04.01 14:35:09 INFO  Progress (1): 5.5/7.5 MB
2026.04.01 14:35:09 INFO  Progress (1): 5.5/7.5 MB
2026.04.01 14:35:09 INFO  Progress (1): 5.5/7.5 MB
2026.04.01 14:35:09 INFO  Progress (1): 5.5/7.5 MB
2026.04.01 14:35:09 INFO  Progress (1): 5.5/7.5 MB
2026.04.01 14:35:09 INFO  Progress (1): 5.5/7.5 MB
2026.04.01 14:35:09 INFO  Progress (1): 5.6/7.5 MB
2026.04.01 14:35:09 INFO  Progress (1): 5.6/7.5 MB
2026.04.01 14:35:09 INFO  Progress (1): 5.6/7.5 MB
2026.04.01 14:35:09 INFO  Progress (1): 5.6/7.5 MB
2026.04.01 14:35:09 INFO  Progress (1): 5.6/7.5 MB
2026.04.01 14:35:09 INFO  Progress (1): 5.6/7.5 MB
2026.04.01 14:35:09 INFO  Progress (1): 5.7/7.5 MB
2026.04.01 14:35:09 INFO  Progress (1): 5.7/7.5 MB
2026.04.01 14:35:09 INFO  Progress (1): 5.7/7.5 MB
2026.04.01 14:35:09 INFO  Progress (1): 5.7/7.5 MB
2026.04.01 14:35:09 INFO  Progress (1): 5.7/7.5 MB
2026.04.01 14:35:09 INFO  Progress (1): 5.7/7.5 MB
2026.04.01 14:35:09 INFO  Progress (1): 5.8/7.5 MB
2026.04.01 14:35:09 INFO  Progress (1): 5.8/7.5 MB
2026.04.01 14:35:09 INFO  Progress (1): 5.8/7.5 MB
2026.04.01 14:35:09 INFO  Progress (1): 5.8/7.5 MB
2026.04.01 14:35:09 INFO  Progress (1): 5.8/7.5 MB
2026.04.01 14:35:09 INFO  Progress (1): 5.8/7.5 MB
2026.04.01 14:35:09 INFO  Progress (1): 5.9/7.5 MB
2026.04.01 14:35:09 INFO  Progress (1): 5.9/7.5 MB
2026.04.01 14:35:09 INFO  Progress (1): 5.9/7.5 MB
2026.04.01 14:35:09 INFO  Progress (1): 5.9/7.5 MB
2026.04.01 14:35:09 INFO  Progress (1): 5.9/7.5 MB
2026.04.01 14:35:09 INFO  Progress (1): 5.9/7.5 MB
2026.04.01 14:35:09 INFO  Progress (1): 6.0/7.5 MB
2026.04.01 14:35:09 INFO  Progress (1): 6.0/7.5 MB
2026.04.01 14:35:09 INFO  Progress (1): 6.0/7.5 MB
2026.04.01 14:35:09 INFO  Progress (1): 6.0/7.5 MB
2026.04.01 14:35:09 INFO  Progress (1): 6.0/7.5 MB
2026.04.01 14:35:09 INFO  Progress (1): 6.0/7.5 MB
2026.04.01 14:35:09 INFO  Progress (1): 6.1/7.5 MB
2026.04.01 14:35:09 INFO  Progress (1): 6.1/7.5 MB
2026.04.01 14:35:09 INFO  Progress (1): 6.1/7.5 MB
2026.04.01 14:35:09 INFO  Progress (1): 6.1/7.5 MB
2026.04.01 14:35:09 INFO  Progress (1): 6.1/7.5 MB
2026.04.01 14:35:09 INFO  Progress (1): 6.1/7.5 MB
2026.04.01 14:35:09 INFO  Progress (1): 6.1/7.5 MB
2026.04.01 14:35:09 INFO  Progress (1): 6.2/7.5 MB
2026.04.01 14:35:09 INFO  Progress (1): 6.2/7.5 MB
2026.04.01 14:35:09 INFO  Progress (1): 6.2/7.5 MB
2026.04.01 14:35:09 INFO  Progress (1): 6.2/7.5 MB
2026.04.01 14:35:09 INFO  Progress (1): 6.2/7.5 MB
2026.04.01 14:35:09 INFO  Progress (1): 6.2/7.5 MB
2026.04.01 14:35:09 INFO  Progress (1): 6.3/7.5 MB
2026.04.01 14:35:09 INFO  Progress (1): 6.3/7.5 MB
2026.04.01 14:35:09 INFO  Progress (1): 6.3/7.5 MB
2026.04.01 14:35:09 INFO  Progress (1): 6.3/7.5 MB
2026.04.01 14:35:09 INFO  Progress (1): 6.3/7.5 MB
2026.04.01 14:35:09 INFO  Progress (1): 6.3/7.5 MB
2026.04.01 14:35:09 INFO  Progress (1): 6.4/7.5 MB
2026.04.01 14:35:09 INFO  Progress (1): 6.4/7.5 MB
2026.04.01 14:35:09 INFO  Progress (1): 6.4/7.5 MB
2026.04.01 14:35:10 INFO  Progress (1): 6.4/7.5 MB
2026.04.01 14:35:10 INFO  Progress (1): 6.4/7.5 MB
2026.04.01 14:35:10 INFO  Progress (1): 6.4/7.5 MB
2026.04.01 14:35:10 INFO  Progress (1): 6.5/7.5 MB
2026.04.01 14:35:10 INFO  Progress (1): 6.5/7.5 MB
2026.04.01 14:35:10 INFO  Progress (1): 6.5/7.5 MB
2026.04.01 14:35:10 INFO  Progress (1): 6.5/7.5 MB
2026.04.01 14:35:10 INFO  Progress (1): 6.5/7.5 MB
2026.04.01 14:35:10 INFO  Progress (1): 6.5/7.5 MB
2026.04.01 14:35:10 INFO  Progress (1): 6.6/7.5 MB
2026.04.01 14:35:10 INFO  Progress (1): 6.6/7.5 MB
2026.04.01 14:35:10 INFO  Progress (1): 6.6/7.5 MB
2026.04.01 14:35:10 INFO  Progress (1): 6.6/7.5 MB
2026.04.01 14:35:10 INFO  Progress (1): 6.6/7.5 MB
2026.04.01 14:35:10 INFO  Progress (1): 6.6/7.5 MB
2026.04.01 14:35:10 INFO  Progress (1): 6.7/7.5 MB
2026.04.01 14:35:10 INFO  Progress (1): 6.7/7.5 MB
2026.04.01 14:35:10 INFO  Progress (1): 6.7/7.5 MB
2026.04.01 14:35:10 INFO  Progress (1): 6.7/7.5 MB
2026.04.01 14:35:10 INFO  Progress (1): 6.7/7.5 MB
2026.04.01 14:35:10 INFO  Progress (1): 6.7/7.5 MB
2026.04.01 14:35:10 INFO  Progress (1): 6.8/7.5 MB
2026.04.01 14:35:10 INFO  Progress (1): 6.8/7.5 MB
2026.04.01 14:35:10 INFO  Progress (1): 6.8/7.5 MB
2026.04.01 14:35:10 INFO  Progress (1): 6.8/7.5 MB
2026.04.01 14:35:10 INFO  Progress (1): 6.8/7.5 MB
2026.04.01 14:35:10 INFO  Progress (1): 6.8/7.5 MB
2026.04.01 14:35:10 INFO  Progress (1): 6.9/7.5 MB
2026.04.01 14:35:10 INFO  Progress (1): 6.9/7.5 MB
2026.04.01 14:35:10 INFO  Progress (1): 6.9/7.5 MB
2026.04.01 14:35:10 INFO  Progress (1): 6.9/7.5 MB
2026.04.01 14:35:10 INFO  Progress (1): 6.9/7.5 MB
2026.04.01 14:35:10 INFO  Progress (1): 6.9/7.5 MB
2026.04.01 14:35:10 INFO  Progress (1): 7.0/7.5 MB
2026.04.01 14:35:10 INFO  Progress (1): 7.0/7.5 MB
2026.04.01 14:35:10 INFO  Progress (1): 7.0/7.5 MB
2026.04.01 14:35:10 INFO  Progress (1): 7.0/7.5 MB
2026.04.01 14:35:10 INFO  Progress (1): 7.0/7.5 MB
2026.04.01 14:35:10 INFO  Progress (1): 7.0/7.5 MB
2026.04.01 14:35:10 INFO  Progress (1): 7.0/7.5 MB
2026.04.01 14:35:10 INFO  Progress (1): 7.1/7.5 MB
2026.04.01 14:35:10 INFO  Progress (1): 7.1/7.5 MB
2026.04.01 14:35:10 INFO  Progress (1): 7.1/7.5 MB
2026.04.01 14:35:10 INFO  Progress (1): 7.1/7.5 MB
2026.04.01 14:35:10 INFO  Progress (1): 7.1/7.5 MB
2026.04.01 14:35:10 INFO  Progress (1): 7.1/7.5 MB
2026.04.01 14:35:10 INFO  Progress (1): 7.2/7.5 MB
2026.04.01 14:35:10 INFO  Progress (1): 7.2/7.5 MB
2026.04.01 14:35:10 INFO  Progress (1): 7.2/7.5 MB
2026.04.01 14:35:10 INFO  Progress (1): 7.2/7.5 MB
2026.04.01 14:35:10 INFO  Progress (1): 7.2/7.5 MB
2026.04.01 14:35:10 INFO  Progress (1): 7.2/7.5 MB
2026.04.01 14:35:10 INFO  Progress (1): 7.3/7.5 MB
2026.04.01 14:35:10 INFO  Progress (1): 7.3/7.5 MB
2026.04.01 14:35:10 INFO  Progress (1): 7.3/7.5 MB
2026.04.01 14:35:10 INFO  Progress (1): 7.3/7.5 MB
2026.04.01 14:35:10 INFO  Progress (1): 7.3/7.5 MB
2026.04.01 14:35:10 INFO  Progress (1): 7.3/7.5 MB
2026.04.01 14:35:10 INFO  Progress (1): 7.4/7.5 MB
2026.04.01 14:35:10 INFO  Progress (1): 7.4/7.5 MB
2026.04.01 14:35:10 INFO  Progress (1): 7.4/7.5 MB
2026.04.01 14:35:10 INFO  Progress (1): 7.4/7.5 MB
2026.04.01 14:35:10 INFO  Progress (1): 7.4/7.5 MB
2026.04.01 14:35:10 INFO  Progress (1): 7.4/7.5 MB
2026.04.01 14:35:10 INFO  Progress (1): 7.5/7.5 MB
2026.04.01 14:35:10 INFO  Progress (1): 7.5/7.5 MB
2026.04.01 14:35:10 INFO  Progress (1): 7.5/7.5 MB
2026.04.01 14:35:10 INFO  Progress (1): 7.5/7.5 MB
2026.04.01 14:35:10 INFO  Progress (1): 7.5/7.5 MB
2026.04.01 14:35:10 INFO  Progress (1): 7.5 MB    
2026.04.01 14:35:10 INFO                      
2026.04.01 14:35:10 INFO  Downloaded from central: https://repo.maven.apache.org/maven2/org/hibernate/orm/hibernate-core/6.4.4.Final/hibernate-core-6.4.4.Final-sources.jar (7.5 MB at 6.8 MB/s)
2026.04.01 14:35:10 INFO  [INFO] SUCCESS: org.hibernate.orm:hibernate-core:jar:6.4.4.Final:compile (sources = true)
2026.04.01 14:35:10 INFO  [INFO] Resolving artifact: org.springframework.boot:spring-boot-starter-validation:jar:3.2.4:compile (sources = false)
2026.04.01 14:35:10 INFO  [INFO] SUCCESS: org.springframework.boot:spring-boot-starter-validation:jar:3.2.4:compile (sources = false)
2026.04.01 14:35:10 INFO  [INFO] Resolving artifact: org.springframework.boot:spring-boot-starter-validation:jar:3.2.4:compile (sources = true)
2026.04.01 14:35:10 INFO  Downloading from central: https://repo.maven.apache.org/maven2/org/springframework/boot/spring-boot-starter-validation/3.2.4/spring-boot-starter-validation-3.2.4-sources.jar
2026.04.01 14:35:10 INFO  Progress (1): 4.7 kB
2026.04.01 14:35:10 INFO                      
2026.04.01 14:35:10 INFO  Downloaded from central: https://repo.maven.apache.org/maven2/org/springframework/boot/spring-boot-starter-validation/3.2.4/spring-boot-starter-validation-3.2.4-sources.jar (4.7 kB at 125 kB/s)
2026.04.01 14:35:10 INFO  [INFO] SUCCESS: org.springframework.boot:spring-boot-starter-validation:jar:3.2.4:compile (sources = true)
2026.04.01 14:35:10 INFO  [INFO] Resolving artifact: com.vaadin.external.google:android-json:jar:0.0.20131108.vaadin1:test (sources = false)
2026.04.01 14:35:10 INFO  [INFO] SUCCESS: com.vaadin.external.google:android-json:jar:0.0.20131108.vaadin1:test (sources = false)
2026.04.01 14:35:10 INFO  [INFO] Resolving artifact: com.vaadin.external.google:android-json:jar:0.0.20131108.vaadin1:test (sources = true)
2026.04.01 14:35:10 INFO  [INFO] SUCCESS: com.vaadin.external.google:android-json:jar:0.0.20131108.vaadin1:test (sources = true)
2026.04.01 14:35:10 INFO  [INFO] Resolving artifact: org.springframework.boot:spring-boot-starter-web:jar:3.2.4:compile (sources = false)
2026.04.01 14:35:10 INFO  [INFO] SUCCESS: org.springframework.boot:spring-boot-starter-web:jar:3.2.4:compile (sources = false)
2026.04.01 14:35:10 INFO  [INFO] Resolving artifact: org.springframework.boot:spring-boot-starter-web:jar:3.2.4:compile (sources = true)
2026.04.01 14:35:10 INFO  Downloading from central: https://repo.maven.apache.org/maven2/org/springframework/boot/spring-boot-starter-web/3.2.4/spring-boot-starter-web-3.2.4-sources.jar
2026.04.01 14:35:10 INFO  Progress (1): 4.7 kB
2026.04.01 14:35:10 INFO                      
2026.04.01 14:35:10 INFO  Downloaded from central: https://repo.maven.apache.org/maven2/org/springframework/boot/spring-boot-starter-web/3.2.4/spring-boot-starter-web-3.2.4-sources.jar (4.7 kB at 132 kB/s)
2026.04.01 14:35:10 INFO  [INFO] SUCCESS: org.springframework.boot:spring-boot-starter-web:jar:3.2.4:compile (sources = true)
2026.04.01 14:35:10 INFO  [INFO] Resolving artifact: org.projectlombok:lombok:jar:1.18.30:compile (sources = false)
2026.04.01 14:35:10 INFO  [INFO] SUCCESS: org.projectlombok:lombok:jar:1.18.30:compile (sources = false)
2026.04.01 14:35:10 INFO  [INFO] Resolving artifact: org.projectlombok:lombok:jar:1.18.30:compile (sources = true)
2026.04.01 14:35:10 INFO  Downloading from central: https://repo.maven.apache.org/maven2/org/projectlombok/lombok/1.18.30/lombok-1.18.30-sources.jar
2026.04.01 14:35:10 INFO  Progress (1): 7.7/998 kB
2026.04.01 14:35:10 INFO  Progress (1): 12/998 kB 
2026.04.01 14:35:10 INFO  Progress (1): 29/998 kB
2026.04.01 14:35:10 INFO  Progress (1): 33/998 kB
2026.04.01 14:35:10 INFO  Progress (1): 49/998 kB
2026.04.01 14:35:10 INFO  Progress (1): 66/998 kB
2026.04.01 14:35:10 INFO  Progress (1): 82/998 kB
2026.04.01 14:35:10 INFO  Progress (1): 98/998 kB
2026.04.01 14:35:10 INFO  Progress (1): 115/998 kB
2026.04.01 14:35:10 INFO  Progress (1): 131/998 kB
2026.04.01 14:35:10 INFO  Progress (1): 147/998 kB
2026.04.01 14:35:10 INFO  Progress (1): 164/998 kB
2026.04.01 14:35:10 INFO  Progress (1): 180/998 kB
2026.04.01 14:35:10 INFO  Progress (1): 197/998 kB
2026.04.01 14:35:10 INFO  Progress (1): 213/998 kB
2026.04.01 14:35:10 INFO  Progress (1): 229/998 kB
2026.04.01 14:35:10 INFO  Progress (1): 246/998 kB
2026.04.01 14:35:10 INFO  Progress (1): 262/998 kB
2026.04.01 14:35:10 INFO  Progress (1): 279/998 kB
2026.04.01 14:35:10 INFO  Progress (1): 295/998 kB
2026.04.01 14:35:10 INFO  Progress (1): 311/998 kB
2026.04.01 14:35:10 INFO  Progress (1): 328/998 kB
2026.04.01 14:35:10 INFO  Progress (1): 344/998 kB
2026.04.01 14:35:10 INFO  Progress (1): 360/998 kB
2026.04.01 14:35:10 INFO  Progress (1): 377/998 kB
2026.04.01 14:35:10 INFO  Progress (1): 393/998 kB
2026.04.01 14:35:10 INFO  Progress (1): 410/998 kB
2026.04.01 14:35:10 INFO  Progress (1): 426/998 kB
2026.04.01 14:35:10 INFO  Progress (1): 442/998 kB
2026.04.01 14:35:10 INFO  Progress (1): 459/998 kB
2026.04.01 14:35:10 INFO  Progress (1): 475/998 kB
2026.04.01 14:35:10 INFO  Progress (1): 492/998 kB
2026.04.01 14:35:10 INFO  Progress (1): 508/998 kB
2026.04.01 14:35:10 INFO  Progress (1): 524/998 kB
2026.04.01 14:35:10 INFO  Progress (1): 541/998 kB
2026.04.01 14:35:10 INFO  Progress (1): 557/998 kB
2026.04.01 14:35:10 INFO  Progress (1): 573/998 kB
2026.04.01 14:35:10 INFO  Progress (1): 590/998 kB
2026.04.01 14:35:10 INFO  Progress (1): 606/998 kB
2026.04.01 14:35:10 INFO  Progress (1): 623/998 kB
2026.04.01 14:35:10 INFO  Progress (1): 639/998 kB
2026.04.01 14:35:10 INFO  Progress (1): 655/998 kB
2026.04.01 14:35:10 INFO  Progress (1): 672/998 kB
2026.04.01 14:35:10 INFO  Progress (1): 688/998 kB
2026.04.01 14:35:10 INFO  Progress (1): 705/998 kB
2026.04.01 14:35:10 INFO  Progress (1): 721/998 kB
2026.04.01 14:35:10 INFO  Progress (1): 737/998 kB
2026.04.01 14:35:10 INFO  Progress (1): 754/998 kB
2026.04.01 14:35:10 INFO  Progress (1): 770/998 kB
2026.04.01 14:35:10 INFO  Progress (1): 786/998 kB
2026.04.01 14:35:10 INFO  Progress (1): 803/998 kB
2026.04.01 14:35:10 INFO  Progress (1): 819/998 kB
2026.04.01 14:35:10 INFO  Progress (1): 836/998 kB
2026.04.01 14:35:10 INFO  Progress (1): 852/998 kB
2026.04.01 14:35:10 INFO  Progress (1): 868/998 kB
2026.04.01 14:35:10 INFO  Progress (1): 885/998 kB
2026.04.01 14:35:10 INFO  Progress (1): 901/998 kB
2026.04.01 14:35:10 INFO  Progress (1): 918/998 kB
2026.04.01 14:35:10 INFO  Progress (1): 934/998 kB
2026.04.01 14:35:10 INFO  Progress (1): 950/998 kB
2026.04.01 14:35:10 INFO  Progress (1): 967/998 kB
2026.04.01 14:35:10 INFO  Progress (1): 983/998 kB
2026.04.01 14:35:10 INFO  Progress (1): 998 kB    
2026.04.01 14:35:10 INFO                      
2026.04.01 14:35:10 INFO  Downloaded from central: https://repo.maven.apache.org/maven2/org/projectlombok/lombok/1.18.30/lombok-1.18.30-sources.jar (998 kB at 6.3 MB/s)
2026.04.01 14:35:10 INFO  [INFO] SUCCESS: org.projectlombok:lombok:jar:1.18.30:compile (sources = true)
2026.04.01 14:35:10 INFO  [INFO] Generated .bloop/talentra-backend.json
2026.04.01 14:35:10 INFO  [INFO] Resolving artifact: org.springframework.boot:spring-boot-starter-data-jpa:jar:3.2.4:compile (sources = false)
2026.04.01 14:35:10 INFO  [INFO] SUCCESS: org.springframework.boot:spring-boot-starter-data-jpa:jar:3.2.4:compile (sources = false)
2026.04.01 14:35:10 INFO  [INFO] Resolving artifact: org.springframework.boot:spring-boot-starter-data-jpa:jar:3.2.4:compile (sources = true)
2026.04.01 14:35:10 INFO  [INFO] SUCCESS: org.springframework.boot:spring-boot-starter-data-jpa:jar:3.2.4:compile (sources = true)
2026.04.01 14:35:10 INFO  [INFO] Resolving artifact: org.springframework.boot:spring-boot-starter:jar:3.2.4:compile (sources = false)
2026.04.01 14:35:10 INFO  [INFO] SUCCESS: org.springframework.boot:spring-boot-starter:jar:3.2.4:compile (sources = false)
2026.04.01 14:35:10 INFO  [INFO] Resolving artifact: org.springframework.boot:spring-boot-starter:jar:3.2.4:compile (sources = true)
2026.04.01 14:35:10 INFO  [INFO] SUCCESS: org.springframework.boot:spring-boot-starter:jar:3.2.4:compile (sources = true)
2026.04.01 14:35:10 INFO  [INFO] Resolving artifact: org.apache.tomcat.embed:tomcat-embed-websocket:jar:10.1.19:compile (sources = false)
2026.04.01 14:35:10 INFO  [INFO] SUCCESS: org.apache.tomcat.embed:tomcat-embed-websocket:jar:10.1.19:compile (sources = false)
2026.04.01 14:35:10 INFO  [INFO] Resolving artifact: org.apache.tomcat.embed:tomcat-embed-websocket:jar:10.1.19:compile (sources = true)
2026.04.01 14:35:10 INFO  [INFO] SUCCESS: org.apache.tomcat.embed:tomcat-embed-websocket:jar:10.1.19:compile (sources = true)
2026.04.01 14:35:10 INFO  [INFO] Resolving artifact: org.springframework.boot:spring-boot-starter-aop:jar:3.2.4:compile (sources = false)
2026.04.01 14:35:10 INFO  [INFO] SUCCESS: org.springframework.boot:spring-boot-starter-aop:jar:3.2.4:compile (sources = false)
2026.04.01 14:35:10 INFO  [INFO] Resolving artifact: org.springframework.boot:spring-boot-starter-aop:jar:3.2.4:compile (sources = true)
2026.04.01 14:35:10 INFO  [INFO] SUCCESS: org.springframework.boot:spring-boot-starter-aop:jar:3.2.4:compile (sources = true)
2026.04.01 14:35:10 INFO  [INFO] Resolving artifact: com.fasterxml.jackson.core:jackson-core:jar:2.15.4:compile (sources = false)
2026.04.01 14:35:10 INFO  [INFO] SUCCESS: com.fasterxml.jackson.core:jackson-core:jar:2.15.4:compile (sources = false)
2026.04.01 14:35:10 INFO  [INFO] Resolving artifact: com.fasterxml.jackson.core:jackson-core:jar:2.15.4:compile (sources = true)
2026.04.01 14:35:10 INFO  [INFO] SUCCESS: com.fasterxml.jackson.core:jackson-core:jar:2.15.4:compile (sources = true)
2026.04.01 14:35:10 INFO  [INFO] Resolving artifact: io.jsonwebtoken:jjwt-api:jar:0.11.5:compile (sources = false)
2026.04.01 14:35:10 INFO  [INFO] SUCCESS: io.jsonwebtoken:jjwt-api:jar:0.11.5:compile (sources = false)
2026.04.01 14:35:10 INFO  [INFO] Resolving artifact: io.jsonwebtoken:jjwt-api:jar:0.11.5:compile (sources = true)
2026.04.01 14:35:10 INFO  [INFO] SUCCESS: io.jsonwebtoken:jjwt-api:jar:0.11.5:compile (sources = true)
2026.04.01 14:35:10 INFO  [INFO] Resolving artifact: com.sun.istack:istack-commons-runtime:jar:4.1.2:runtime (sources = false)
2026.04.01 14:35:10 INFO  [INFO] SUCCESS: com.sun.istack:istack-commons-runtime:jar:4.1.2:runtime (sources = false)
2026.04.01 14:35:10 INFO  [INFO] Resolving artifact: com.sun.istack:istack-commons-runtime:jar:4.1.2:runtime (sources = true)
2026.04.01 14:35:10 INFO  [INFO] SUCCESS: com.sun.istack:istack-commons-runtime:jar:4.1.2:runtime (sources = true)
2026.04.01 14:35:10 INFO  [INFO] Resolving artifact: com.fasterxml.jackson.datatype:jackson-datatype-jdk8:jar:2.15.4:compile (sources = false)
2026.04.01 14:35:10 INFO  [INFO] SUCCESS: com.fasterxml.jackson.datatype:jackson-datatype-jdk8:jar:2.15.4:compile (sources = false)
2026.04.01 14:35:10 INFO  [INFO] Resolving artifact: com.fasterxml.jackson.datatype:jackson-datatype-jdk8:jar:2.15.4:compile (sources = true)
2026.04.01 14:35:10 INFO  [INFO] SUCCESS: com.fasterxml.jackson.datatype:jackson-datatype-jdk8:jar:2.15.4:compile (sources = true)
2026.04.01 14:35:10 INFO  [INFO] Resolving artifact: org.apache.logging.log4j:log4j-to-slf4j:jar:2.21.1:compile (sources = false)
2026.04.01 14:35:10 INFO  [INFO] SUCCESS: org.apache.logging.log4j:log4j-to-slf4j:jar:2.21.1:compile (sources = false)
2026.04.01 14:35:10 INFO  [INFO] Resolving artifact: org.apache.logging.log4j:log4j-to-slf4j:jar:2.21.1:compile (sources = true)
2026.04.01 14:35:10 INFO  [INFO] SUCCESS: org.apache.logging.log4j:log4j-to-slf4j:jar:2.21.1:compile (sources = true)
2026.04.01 14:35:10 INFO  [INFO] Resolving artifact: com.fasterxml.jackson.core:jackson-annotations:jar:2.15.4:compile (sources = false)
2026.04.01 14:35:10 INFO  [INFO] SUCCESS: com.fasterxml.jackson.core:jackson-annotations:jar:2.15.4:compile (sources = false)
2026.04.01 14:35:10 INFO  [INFO] Resolving artifact: com.fasterxml.jackson.core:jackson-annotations:jar:2.15.4:compile (sources = true)
2026.04.01 14:35:10 INFO  [INFO] SUCCESS: com.fasterxml.jackson.core:jackson-annotations:jar:2.15.4:compile (sources = true)
2026.04.01 14:35:10 INFO  [INFO] Resolving artifact: org.springframework:spring-webmvc:jar:6.1.5:compile (sources = false)
2026.04.01 14:35:10 INFO  [INFO] SUCCESS: org.springframework:spring-webmvc:jar:6.1.5:compile (sources = false)
2026.04.01 14:35:10 INFO  [INFO] Resolving artifact: org.springframework:spring-webmvc:jar:6.1.5:compile (sources = true)
2026.04.01 14:35:10 INFO  [INFO] SUCCESS: org.springframework:spring-webmvc:jar:6.1.5:compile (sources = true)
2026.04.01 14:35:10 INFO  [INFO] Resolving artifact: org.springframework:spring-context:jar:6.1.5:compile (sources = false)
2026.04.01 14:35:10 INFO  [INFO] SUCCESS: org.springframework:spring-context:jar:6.1.5:compile (sources = false)
2026.04.01 14:35:10 INFO  [INFO] Resolving artifact: org.springframework:spring-context:jar:6.1.5:compile (sources = true)
2026.04.01 14:35:10 INFO  [INFO] SUCCESS: org.springframework:spring-context:jar:6.1.5:compile (sources = true)
2026.04.01 14:35:10 INFO  [INFO] Resolving artifact: org.springframework:spring-test:jar:6.1.5:test (sources = false)
2026.04.01 14:35:10 INFO  [INFO] SUCCESS: org.springframework:spring-test:jar:6.1.5:test (sources = false)
2026.04.01 14:35:10 INFO  [INFO] Resolving artifact: org.springframework:spring-test:jar:6.1.5:test (sources = true)
2026.04.01 14:35:10 INFO  [INFO] SUCCESS: org.springframework:spring-test:jar:6.1.5:test (sources = true)
2026.04.01 14:35:10 INFO  [INFO] Resolving artifact: org.springframework.security:spring-security-crypto:jar:6.2.3:compile (sources = false)
2026.04.01 14:35:10 INFO  [INFO] SUCCESS: org.springframework.security:spring-security-crypto:jar:6.2.3:compile (sources = false)
2026.04.01 14:35:10 INFO  [INFO] Resolving artifact: org.springframework.security:spring-security-crypto:jar:6.2.3:compile (sources = true)
2026.04.01 14:35:10 INFO  [INFO] SUCCESS: org.springframework.security:spring-security-crypto:jar:6.2.3:compile (sources = true)
2026.04.01 14:35:10 INFO  [INFO] Resolving artifact: org.springframework.boot:spring-boot-starter-test:jar:3.2.4:test (sources = false)
2026.04.01 14:35:10 INFO  [INFO] SUCCESS: org.springframework.boot:spring-boot-starter-test:jar:3.2.4:test (sources = false)
2026.04.01 14:35:10 INFO  [INFO] Resolving artifact: org.springframework.boot:spring-boot-starter-test:jar:3.2.4:test (sources = true)
2026.04.01 14:35:10 INFO  [INFO] SUCCESS: org.springframework.boot:spring-boot-starter-test:jar:3.2.4:test (sources = true)
2026.04.01 14:35:10 INFO  [INFO] Resolving artifact: org.opentest4j:opentest4j:jar:1.3.0:test (sources = false)
2026.04.01 14:35:10 INFO  [INFO] SUCCESS: org.opentest4j:opentest4j:jar:1.3.0:test (sources = false)
2026.04.01 14:35:10 INFO  [INFO] Resolving artifact: org.opentest4j:opentest4j:jar:1.3.0:test (sources = true)
2026.04.01 14:35:10 INFO  [INFO] SUCCESS: org.opentest4j:opentest4j:jar:1.3.0:test (sources = true)
2026.04.01 14:35:10 INFO  [INFO] Resolving artifact: org.xmlunit:xmlunit-core:jar:2.9.1:test (sources = false)
2026.04.01 14:35:10 INFO  [INFO] SUCCESS: org.xmlunit:xmlunit-core:jar:2.9.1:test (sources = false)
2026.04.01 14:35:10 INFO  [INFO] Resolving artifact: org.xmlunit:xmlunit-core:jar:2.9.1:test (sources = true)
2026.04.01 14:35:10 INFO  [INFO] SUCCESS: org.xmlunit:xmlunit-core:jar:2.9.1:test (sources = true)
2026.04.01 14:35:10 INFO  [INFO] Resolving artifact: org.springframework:spring-orm:jar:6.1.5:compile (sources = false)
2026.04.01 14:35:10 INFO  [INFO] SUCCESS: org.springframework:spring-orm:jar:6.1.5:compile (sources = false)
2026.04.01 14:35:10 INFO  [INFO] Resolving artifact: org.springframework:spring-orm:jar:6.1.5:compile (sources = true)
2026.04.01 14:35:10 INFO  [INFO] SUCCESS: org.springframework:spring-orm:jar:6.1.5:compile (sources = true)
2026.04.01 14:35:10 INFO  [INFO] Resolving artifact: org.postgresql:postgresql:jar:42.6.2:runtime (sources = false)
2026.04.01 14:35:10 INFO  [INFO] SUCCESS: org.postgresql:postgresql:jar:42.6.2:runtime (sources = false)
2026.04.01 14:35:10 INFO  [INFO] Resolving artifact: org.postgresql:postgresql:jar:42.6.2:runtime (sources = true)
2026.04.01 14:35:10 INFO  [INFO] SUCCESS: org.postgresql:postgresql:jar:42.6.2:runtime (sources = true)
2026.04.01 14:35:10 INFO  [INFO] Resolving artifact: org.junit.platform:junit-platform-commons:jar:1.10.2:test (sources = false)
2026.04.01 14:35:10 INFO  [INFO] SUCCESS: org.junit.platform:junit-platform-commons:jar:1.10.2:test (sources = false)
2026.04.01 14:35:10 INFO  [INFO] Resolving artifact: org.junit.platform:junit-platform-commons:jar:1.10.2:test (sources = true)
2026.04.01 14:35:10 INFO  [INFO] SUCCESS: org.junit.platform:junit-platform-commons:jar:1.10.2:test (sources = true)
2026.04.01 14:35:10 INFO  [INFO] Resolving artifact: jakarta.transaction:jakarta.transaction-api:jar:2.0.1:compile (sources = false)
2026.04.01 14:35:10 INFO  [INFO] SUCCESS: jakarta.transaction:jakarta.transaction-api:jar:2.0.1:compile (sources = false)
2026.04.01 14:35:10 INFO  [INFO] Resolving artifact: jakarta.transaction:jakarta.transaction-api:jar:2.0.1:compile (sources = true)
2026.04.01 14:35:10 INFO  [INFO] SUCCESS: jakarta.transaction:jakarta.transaction-api:jar:2.0.1:compile (sources = true)
2026.04.01 14:35:10 INFO  [INFO] Resolving artifact: com.fasterxml:classmate:jar:1.6.0:compile (sources = false)
2026.04.01 14:35:10 INFO  [INFO] SUCCESS: com.fasterxml:classmate:jar:1.6.0:compile (sources = false)
2026.04.01 14:35:10 INFO  [INFO] Resolving artifact: com.fasterxml:classmate:jar:1.6.0:compile (sources = true)
2026.04.01 14:35:10 INFO  [INFO] SUCCESS: com.fasterxml:classmate:jar:1.6.0:compile (sources = true)
2026.04.01 14:35:10 INFO  [INFO] Resolving artifact: org.springframework.boot:spring-boot-test:jar:3.2.4:test (sources = false)
2026.04.01 14:35:10 INFO  [INFO] SUCCESS: org.springframework.boot:spring-boot-test:jar:3.2.4:test (sources = false)
2026.04.01 14:35:10 INFO  [INFO] Resolving artifact: org.springframework.boot:spring-boot-test:jar:3.2.4:test (sources = true)
2026.04.01 14:35:10 INFO  [INFO] SUCCESS: org.springframework.boot:spring-boot-test:jar:3.2.4:test (sources = true)
2026.04.01 14:35:10 INFO  [INFO] Resolving artifact: org.springframework.boot:spring-boot-starter-tomcat:jar:3.2.4:compile (sources = false)
2026.04.01 14:35:10 INFO  [INFO] SUCCESS: org.springframework.boot:spring-boot-starter-tomcat:jar:3.2.4:compile (sources = false)
2026.04.01 14:35:10 INFO  [INFO] Resolving artifact: org.springframework.boot:spring-boot-starter-tomcat:jar:3.2.4:compile (sources = true)
2026.04.01 14:35:10 INFO  [INFO] SUCCESS: org.springframework.boot:spring-boot-starter-tomcat:jar:3.2.4:compile (sources = true)
2026.04.01 14:35:10 INFO  [INFO] Resolving artifact: org.springframework:spring-jdbc:jar:6.1.5:compile (sources = false)
2026.04.01 14:35:10 INFO  [INFO] SUCCESS: org.springframework:spring-jdbc:jar:6.1.5:compile (sources = false)
2026.04.01 14:35:10 INFO  [INFO] Resolving artifact: org.springframework:spring-jdbc:jar:6.1.5:compile (sources = true)
2026.04.01 14:35:10 INFO  [INFO] SUCCESS: org.springframework:spring-jdbc:jar:6.1.5:compile (sources = true)
2026.04.01 14:35:10 INFO  [INFO] Resolving artifact: org.glassfish.jaxb:jaxb-runtime:jar:4.0.5:runtime (sources = false)
2026.04.01 14:35:10 INFO  [INFO] SUCCESS: org.glassfish.jaxb:jaxb-runtime:jar:4.0.5:runtime (sources = false)
2026.04.01 14:35:10 INFO  [INFO] Resolving artifact: org.glassfish.jaxb:jaxb-runtime:jar:4.0.5:runtime (sources = true)
2026.04.01 14:35:10 INFO  [INFO] SUCCESS: org.glassfish.jaxb:jaxb-runtime:jar:4.0.5:runtime (sources = true)
2026.04.01 14:35:10 INFO  [INFO] Resolving artifact: com.zaxxer:HikariCP:jar:5.0.1:compile (sources = false)
2026.04.01 14:35:10 INFO  [INFO] SUCCESS: com.zaxxer:HikariCP:jar:5.0.1:compile (sources = false)
2026.04.01 14:35:10 INFO  [INFO] Resolving artifact: com.zaxxer:HikariCP:jar:5.0.1:compile (sources = true)
2026.04.01 14:35:10 INFO  [INFO] SUCCESS: com.zaxxer:HikariCP:jar:5.0.1:compile (sources = true)
2026.04.01 14:35:10 INFO  [INFO] Resolving artifact: org.yaml:snakeyaml:jar:2.2:compile (sources = false)
2026.04.01 14:35:10 INFO  [INFO] SUCCESS: org.yaml:snakeyaml:jar:2.2:compile (sources = false)
2026.04.01 14:35:10 INFO  [INFO] Resolving artifact: org.yaml:snakeyaml:jar:2.2:compile (sources = true)
2026.04.01 14:35:10 INFO  [INFO] SUCCESS: org.yaml:snakeyaml:jar:2.2:compile (sources = true)
2026.04.01 14:35:10 INFO  [INFO] Resolving artifact: org.mockito:mockito-core:jar:5.7.0:test (sources = false)
2026.04.01 14:35:10 INFO  [INFO] SUCCESS: org.mockito:mockito-core:jar:5.7.0:test (sources = false)
2026.04.01 14:35:10 INFO  [INFO] Resolving artifact: org.mockito:mockito-core:jar:5.7.0:test (sources = true)
2026.04.01 14:35:10 INFO  [INFO] SUCCESS: org.mockito:mockito-core:jar:5.7.0:test (sources = true)
2026.04.01 14:35:10 INFO  [INFO] Resolving artifact: net.minidev:json-smart:jar:2.5.0:test (sources = false)
2026.04.01 14:35:10 INFO  [INFO] SUCCESS: net.minidev:json-smart:jar:2.5.0:test (sources = false)
2026.04.01 14:35:10 INFO  [INFO] Resolving artifact: net.minidev:json-smart:jar:2.5.0:test (sources = true)
2026.04.01 14:35:10 INFO  [INFO] SUCCESS: net.minidev:json-smart:jar:2.5.0:test (sources = true)
2026.04.01 14:35:10 INFO  [INFO] Resolving artifact: org.mockito:mockito-junit-jupiter:jar:5.7.0:test (sources = false)
2026.04.01 14:35:10 INFO  [INFO] SUCCESS: org.mockito:mockito-junit-jupiter:jar:5.7.0:test (sources = false)
2026.04.01 14:35:10 INFO  [INFO] Resolving artifact: org.mockito:mockito-junit-jupiter:jar:5.7.0:test (sources = true)
2026.04.01 14:35:10 INFO  [INFO] SUCCESS: org.mockito:mockito-junit-jupiter:jar:5.7.0:test (sources = true)
2026.04.01 14:35:10 INFO  [INFO] Resolving artifact: org.jboss.logging:jboss-logging:jar:3.5.3.Final:compile (sources = false)
2026.04.01 14:35:10 INFO  [INFO] SUCCESS: org.jboss.logging:jboss-logging:jar:3.5.3.Final:compile (sources = false)
2026.04.01 14:35:10 INFO  [INFO] Resolving artifact: org.jboss.logging:jboss-logging:jar:3.5.3.Final:compile (sources = true)
2026.04.01 14:35:10 INFO  [INFO] SUCCESS: org.jboss.logging:jboss-logging:jar:3.5.3.Final:compile (sources = true)
2026.04.01 14:35:10 INFO  [INFO] Resolving artifact: org.springframework:spring-beans:jar:6.1.5:compile (sources = false)
2026.04.01 14:35:10 INFO  [INFO] SUCCESS: org.springframework:spring-beans:jar:6.1.5:compile (sources = false)
2026.04.01 14:35:10 INFO  [INFO] Resolving artifact: org.springframework:spring-beans:jar:6.1.5:compile (sources = true)
2026.04.01 14:35:10 INFO  [INFO] SUCCESS: org.springframework:spring-beans:jar:6.1.5:compile (sources = true)
2026.04.01 14:35:10 INFO  [INFO] Resolving artifact: org.springframework.security:spring-security-core:jar:6.2.3:compile (sources = false)
2026.04.01 14:35:10 INFO  [INFO] SUCCESS: org.springframework.security:spring-security-core:jar:6.2.3:compile (sources = false)
2026.04.01 14:35:10 INFO  [INFO] Resolving artifact: org.springframework.security:spring-security-core:jar:6.2.3:compile (sources = true)
2026.04.01 14:35:10 INFO  [INFO] SUCCESS: org.springframework.security:spring-security-core:jar:6.2.3:compile (sources = true)
2026.04.01 14:35:10 INFO  [INFO] Resolving artifact: net.minidev:accessors-smart:jar:2.5.0:test (sources = false)
2026.04.01 14:35:10 INFO  [INFO] SUCCESS: net.minidev:accessors-smart:jar:2.5.0:test (sources = false)
2026.04.01 14:35:10 INFO  [INFO] Resolving artifact: net.minidev:accessors-smart:jar:2.5.0:test (sources = true)
2026.04.01 14:35:10 INFO  [INFO] SUCCESS: net.minidev:accessors-smart:jar:2.5.0:test (sources = true)
2026.04.01 14:35:10 INFO  [INFO] Resolving artifact: org.assertj:assertj-core:jar:3.24.2:test (sources = false)
2026.04.01 14:35:10 INFO  [INFO] SUCCESS: org.assertj:assertj-core:jar:3.24.2:test (sources = false)
2026.04.01 14:35:10 INFO  [INFO] Resolving artifact: org.assertj:assertj-core:jar:3.24.2:test (sources = true)
2026.04.01 14:35:10 INFO  [INFO] SUCCESS: org.assertj:assertj-core:jar:3.24.2:test (sources = true)
2026.04.01 14:35:10 INFO  [INFO] Resolving artifact: org.checkerframework:checker-qual:jar:3.31.0:runtime (sources = false)
2026.04.01 14:35:10 INFO  [INFO] SUCCESS: org.checkerframework:checker-qual:jar:3.31.0:runtime (sources = false)
2026.04.01 14:35:10 INFO  [INFO] Resolving artifact: org.checkerframework:checker-qual:jar:3.31.0:runtime (sources = true)
2026.04.01 14:35:10 INFO  [INFO] SUCCESS: org.checkerframework:checker-qual:jar:3.31.0:runtime (sources = true)
2026.04.01 14:35:10 INFO  [INFO] Resolving artifact: org.slf4j:slf4j-api:jar:2.0.12:compile (sources = false)
2026.04.01 14:35:10 INFO  [INFO] SUCCESS: org.slf4j:slf4j-api:jar:2.0.12:compile (sources = false)
2026.04.01 14:35:10 INFO  [INFO] Resolving artifact: org.slf4j:slf4j-api:jar:2.0.12:compile (sources = true)
2026.04.01 14:35:10 INFO  [INFO] SUCCESS: org.slf4j:slf4j-api:jar:2.0.12:compile (sources = true)
2026.04.01 14:35:10 INFO  [INFO] Resolving artifact: io.jsonwebtoken:jjwt-jackson:jar:0.11.5:runtime (sources = false)
2026.04.01 14:35:10 INFO  [INFO] SUCCESS: io.jsonwebtoken:jjwt-jackson:jar:0.11.5:runtime (sources = false)
2026.04.01 14:35:10 INFO  [INFO] Resolving artifact: io.jsonwebtoken:jjwt-jackson:jar:0.11.5:runtime (sources = true)
2026.04.01 14:35:10 INFO  [INFO] SUCCESS: io.jsonwebtoken:jjwt-jackson:jar:0.11.5:runtime (sources = true)
2026.04.01 14:35:10 INFO  [INFO] Resolving artifact: com.fasterxml.jackson.datatype:jackson-datatype-jsr310:jar:2.15.4:compile (sources = false)
2026.04.01 14:35:10 INFO  [INFO] SUCCESS: com.fasterxml.jackson.datatype:jackson-datatype-jsr310:jar:2.15.4:compile (sources = false)
2026.04.01 14:35:10 INFO  [INFO] Resolving artifact: com.fasterxml.jackson.datatype:jackson-datatype-jsr310:jar:2.15.4:compile (sources = true)
2026.04.01 14:35:10 INFO  [INFO] SUCCESS: com.fasterxml.jackson.datatype:jackson-datatype-jsr310:jar:2.15.4:compile (sources = true)
2026.04.01 14:35:10 INFO  [INFO] Resolving artifact: org.springframework.security:spring-security-test:jar:6.2.3:test (sources = false)
2026.04.01 14:35:10 INFO  [INFO] SUCCESS: org.springframework.security:spring-security-test:jar:6.2.3:test (sources = false)
2026.04.01 14:35:10 INFO  [INFO] Resolving artifact: org.springframework.security:spring-security-test:jar:6.2.3:test (sources = true)
2026.04.01 14:35:10 INFO  [INFO] SUCCESS: org.springframework.security:spring-security-test:jar:6.2.3:test (sources = true)
2026.04.01 14:35:10 INFO  [INFO] Resolving artifact: org.springframework.boot:spring-boot-autoconfigure:jar:3.2.4:compile (sources = false)
2026.04.01 14:35:10 INFO  [INFO] SUCCESS: org.springframework.boot:spring-boot-autoconfigure:jar:3.2.4:compile (sources = false)
2026.04.01 14:35:10 INFO  [INFO] Resolving artifact: org.springframework.boot:spring-boot-autoconfigure:jar:3.2.4:compile (sources = true)
2026.04.01 14:35:10 INFO  [INFO] SUCCESS: org.springframework.boot:spring-boot-autoconfigure:jar:3.2.4:compile (sources = true)
2026.04.01 14:35:10 INFO  [INFO] Resolving artifact: net.bytebuddy:byte-buddy-agent:jar:1.14.12:test (sources = false)
2026.04.01 14:35:10 INFO  [INFO] SUCCESS: net.bytebuddy:byte-buddy-agent:jar:1.14.12:test (sources = false)
2026.04.01 14:35:10 INFO  [INFO] Resolving artifact: net.bytebuddy:byte-buddy-agent:jar:1.14.12:test (sources = true)
2026.04.01 14:35:10 INFO  [INFO] SUCCESS: net.bytebuddy:byte-buddy-agent:jar:1.14.12:test (sources = true)
2026.04.01 14:35:10 INFO  [INFO] Resolving artifact: io.micrometer:micrometer-commons:jar:1.12.4:compile (sources = false)
2026.04.01 14:35:10 INFO  [INFO] SUCCESS: io.micrometer:micrometer-commons:jar:1.12.4:compile (sources = false)
2026.04.01 14:35:10 INFO  [INFO] Resolving artifact: io.micrometer:micrometer-commons:jar:1.12.4:compile (sources = true)
2026.04.01 14:35:10 INFO  [INFO] SUCCESS: io.micrometer:micrometer-commons:jar:1.12.4:compile (sources = true)
2026.04.01 14:35:10 INFO  [INFO] Resolving artifact: org.hamcrest:hamcrest:jar:2.2:test (sources = false)
2026.04.01 14:35:10 INFO  [INFO] SUCCESS: org.hamcrest:hamcrest:jar:2.2:test (sources = false)
2026.04.01 14:35:10 INFO  [INFO] Resolving artifact: org.hamcrest:hamcrest:jar:2.2:test (sources = true)
2026.04.01 14:35:10 INFO  [INFO] SUCCESS: org.hamcrest:hamcrest:jar:2.2:test (sources = true)
2026.04.01 14:35:10 INFO  [INFO] Resolving artifact: org.springframework:spring-aop:jar:6.1.5:compile (sources = false)
2026.04.01 14:35:10 INFO  [INFO] SUCCESS: org.springframework:spring-aop:jar:6.1.5:compile (sources = false)
2026.04.01 14:35:10 INFO  [INFO] Resolving artifact: org.springframework:spring-aop:jar:6.1.5:compile (sources = true)
2026.04.01 14:35:10 INFO  [INFO] SUCCESS: org.springframework:spring-aop:jar:6.1.5:compile (sources = true)
2026.04.01 14:35:10 INFO  [INFO] Resolving artifact: org.springframework.security:spring-security-config:jar:6.2.3:compile (sources = false)
2026.04.01 14:35:10 INFO  [INFO] SUCCESS: org.springframework.security:spring-security-config:jar:6.2.3:compile (sources = false)
2026.04.01 14:35:10 INFO  [INFO] Resolving artifact: org.springframework.security:spring-security-config:jar:6.2.3:compile (sources = true)
2026.04.01 14:35:10 INFO  [INFO] SUCCESS: org.springframework.security:spring-security-config:jar:6.2.3:compile (sources = true)
2026.04.01 14:35:10 INFO  [INFO] Resolving artifact: org.skyscreamer:jsonassert:jar:1.5.1:test (sources = false)
2026.04.01 14:35:10 INFO  [INFO] SUCCESS: org.skyscreamer:jsonassert:jar:1.5.1:test (sources = false)
2026.04.01 14:35:10 INFO  [INFO] Resolving artifact: org.skyscreamer:jsonassert:jar:1.5.1:test (sources = true)
2026.04.01 14:35:10 INFO  [INFO] SUCCESS: org.skyscreamer:jsonassert:jar:1.5.1:test (sources = true)
2026.04.01 14:35:10 INFO  [INFO] Resolving artifact: org.springframework:spring-jcl:jar:6.1.5:compile (sources = false)
2026.04.01 14:35:10 INFO  [INFO] SUCCESS: org.springframework:spring-jcl:jar:6.1.5:compile (sources = false)
2026.04.01 14:35:10 INFO  [INFO] Resolving artifact: org.springframework:spring-jcl:jar:6.1.5:compile (sources = true)
2026.04.01 14:35:10 INFO  [INFO] SUCCESS: org.springframework:spring-jcl:jar:6.1.5:compile (sources = true)
2026.04.01 14:35:10 INFO  [INFO] Resolving artifact: org.awaitility:awaitility:jar:4.2.0:test (sources = false)
2026.04.01 14:35:10 INFO  [INFO] SUCCESS: org.awaitility:awaitility:jar:4.2.0:test (sources = false)
2026.04.01 14:35:10 INFO  [INFO] Resolving artifact: org.awaitility:awaitility:jar:4.2.0:test (sources = true)
2026.04.01 14:35:10 INFO  [INFO] SUCCESS: org.awaitility:awaitility:jar:4.2.0:test (sources = true)
2026.04.01 14:35:10 INFO  [INFO] Resolving artifact: org.springframework:spring-expression:jar:6.1.5:compile (sources = false)
2026.04.01 14:35:10 INFO  [INFO] SUCCESS: org.springframework:spring-expression:jar:6.1.5:compile (sources = false)
2026.04.01 14:35:10 INFO  [INFO] Resolving artifact: org.springframework:spring-expression:jar:6.1.5:compile (sources = true)
2026.04.01 14:35:10 INFO  [INFO] SUCCESS: org.springframework:spring-expression:jar:6.1.5:compile (sources = true)
2026.04.01 14:35:10 INFO  [INFO] Resolving artifact: org.apache.logging.log4j:log4j-api:jar:2.21.1:compile (sources = false)
2026.04.01 14:35:10 INFO  [INFO] SUCCESS: org.apache.logging.log4j:log4j-api:jar:2.21.1:compile (sources = false)
2026.04.01 14:35:10 INFO  [INFO] Resolving artifact: org.apache.logging.log4j:log4j-api:jar:2.21.1:compile (sources = true)
2026.04.01 14:35:10 INFO  [INFO] SUCCESS: org.apache.logging.log4j:log4j-api:jar:2.21.1:compile (sources = true)
2026.04.01 14:35:10 INFO  [INFO] Resolving artifact: org.springframework.boot:spring-boot-starter-security:jar:3.2.4:compile (sources = false)
2026.04.01 14:35:10 INFO  [INFO] SUCCESS: org.springframework.boot:spring-boot-starter-security:jar:3.2.4:compile (sources = false)
2026.04.01 14:35:10 INFO  [INFO] Resolving artifact: org.springframework.boot:spring-boot-starter-security:jar:3.2.4:compile (sources = true)
2026.04.01 14:35:10 INFO  [INFO] SUCCESS: org.springframework.boot:spring-boot-starter-security:jar:3.2.4:compile (sources = true)
2026.04.01 14:35:10 INFO  [INFO] Resolving artifact: org.junit.jupiter:junit-jupiter-engine:jar:5.10.2:test (sources = false)
2026.04.01 14:35:10 INFO  [INFO] SUCCESS: org.junit.jupiter:junit-jupiter-engine:jar:5.10.2:test (sources = false)
2026.04.01 14:35:10 INFO  [INFO] Resolving artifact: org.junit.jupiter:junit-jupiter-engine:jar:5.10.2:test (sources = true)
2026.04.01 14:35:10 INFO  [INFO] SUCCESS: org.junit.jupiter:junit-jupiter-engine:jar:5.10.2:test (sources = true)
2026.04.01 14:35:10 INFO  [INFO] Resolving artifact: org.springframework:spring-aspects:jar:6.1.5:compile (sources = false)
2026.04.01 14:35:10 INFO  [INFO] SUCCESS: org.springframework:spring-aspects:jar:6.1.5:compile (sources = false)
2026.04.01 14:35:10 INFO  [INFO] Resolving artifact: org.springframework:spring-aspects:jar:6.1.5:compile (sources = true)
2026.04.01 14:35:10 INFO  [INFO] SUCCESS: org.springframework:spring-aspects:jar:6.1.5:compile (sources = true)
2026.04.01 14:35:10 INFO  [INFO] Resolving artifact: org.hibernate.validator:hibernate-validator:jar:8.0.1.Final:compile (sources = false)
2026.04.01 14:35:10 INFO  [INFO] SUCCESS: org.hibernate.validator:hibernate-validator:jar:8.0.1.Final:compile (sources = false)
2026.04.01 14:35:10 INFO  [INFO] Resolving artifact: org.hibernate.validator:hibernate-validator:jar:8.0.1.Final:compile (sources = true)
2026.04.01 14:35:10 INFO  [INFO] SUCCESS: org.hibernate.validator:hibernate-validator:jar:8.0.1.Final:compile (sources = true)
2026.04.01 14:35:10 INFO  [INFO] Resolving artifact: org.glassfish.jaxb:jaxb-core:jar:4.0.5:runtime (sources = false)
2026.04.01 14:35:10 INFO  [INFO] SUCCESS: org.glassfish.jaxb:jaxb-core:jar:4.0.5:runtime (sources = false)
2026.04.01 14:35:10 INFO  [INFO] Resolving artifact: org.glassfish.jaxb:jaxb-core:jar:4.0.5:runtime (sources = true)
2026.04.01 14:35:10 INFO  [INFO] SUCCESS: org.glassfish.jaxb:jaxb-core:jar:4.0.5:runtime (sources = true)
2026.04.01 14:35:10 INFO  [INFO] Resolving artifact: org.springframework.boot:spring-boot-starter-jdbc:jar:3.2.4:compile (sources = false)
2026.04.01 14:35:10 INFO  [INFO] SUCCESS: org.springframework.boot:spring-boot-starter-jdbc:jar:3.2.4:compile (sources = false)
2026.04.01 14:35:10 INFO  [INFO] Resolving artifact: org.springframework.boot:spring-boot-starter-jdbc:jar:3.2.4:compile (sources = true)
2026.04.01 14:35:10 INFO  [INFO] SUCCESS: org.springframework.boot:spring-boot-starter-jdbc:jar:3.2.4:compile (sources = true)
2026.04.01 14:35:10 INFO  [INFO] Resolving artifact: org.springframework.boot:spring-boot-starter-logging:jar:3.2.4:compile (sources = false)
2026.04.01 14:35:10 INFO  [INFO] SUCCESS: org.springframework.boot:spring-boot-starter-logging:jar:3.2.4:compile (sources = false)
2026.04.01 14:35:10 INFO  [INFO] Resolving artifact: org.springframework.boot:spring-boot-starter-logging:jar:3.2.4:compile (sources = true)
2026.04.01 14:35:10 INFO  [INFO] SUCCESS: org.springframework.boot:spring-boot-starter-logging:jar:3.2.4:compile (sources = true)
2026.04.01 14:35:10 INFO  [INFO] Resolving artifact: net.bytebuddy:byte-buddy:jar:1.14.12:runtime (sources = false)
2026.04.01 14:35:10 INFO  [INFO] SUCCESS: net.bytebuddy:byte-buddy:jar:1.14.12:runtime (sources = false)
2026.04.01 14:35:10 INFO  [INFO] Resolving artifact: net.bytebuddy:byte-buddy:jar:1.14.12:runtime (sources = true)
2026.04.01 14:35:10 INFO  [INFO] SUCCESS: net.bytebuddy:byte-buddy:jar:1.14.12:runtime (sources = true)
2026.04.01 14:35:10 INFO  [INFO] Resolving artifact: org.objenesis:objenesis:jar:3.3:test (sources = false)
2026.04.01 14:35:10 INFO  [INFO] SUCCESS: org.objenesis:objenesis:jar:3.3:test (sources = false)
2026.04.01 14:35:10 INFO  [INFO] Resolving artifact: org.objenesis:objenesis:jar:3.3:test (sources = true)
2026.04.01 14:35:10 INFO  [INFO] SUCCESS: org.objenesis:objenesis:jar:3.3:test (sources = true)
2026.04.01 14:35:10 INFO  [INFO] Resolving artifact: org.hibernate.common:hibernate-commons-annotations:jar:6.0.6.Final:runtime (sources = false)
2026.04.01 14:35:10 INFO  [INFO] SUCCESS: org.hibernate.common:hibernate-commons-annotations:jar:6.0.6.Final:runtime (sources = false)
2026.04.01 14:35:10 INFO  [INFO] Resolving artifact: org.hibernate.common:hibernate-commons-annotations:jar:6.0.6.Final:runtime (sources = true)
2026.04.01 14:35:10 INFO  [INFO] SUCCESS: org.hibernate.common:hibernate-commons-annotations:jar:6.0.6.Final:runtime (sources = true)
2026.04.01 14:35:10 INFO  [INFO] Resolving artifact: org.antlr:antlr4-runtime:jar:4.13.0:compile (sources = false)
2026.04.01 14:35:10 INFO  [INFO] SUCCESS: org.antlr:antlr4-runtime:jar:4.13.0:compile (sources = false)
2026.04.01 14:35:10 INFO  [INFO] Resolving artifact: org.antlr:antlr4-runtime:jar:4.13.0:compile (sources = true)
2026.04.01 14:35:10 INFO  [INFO] SUCCESS: org.antlr:antlr4-runtime:jar:4.13.0:compile (sources = true)
2026.04.01 14:35:10 INFO  [INFO] Resolving artifact: io.jsonwebtoken:jjwt-impl:jar:0.11.5:runtime (sources = false)
2026.04.01 14:35:10 INFO  [INFO] SUCCESS: io.jsonwebtoken:jjwt-impl:jar:0.11.5:runtime (sources = false)
2026.04.01 14:35:10 INFO  [INFO] Resolving artifact: io.jsonwebtoken:jjwt-impl:jar:0.11.5:runtime (sources = true)
2026.04.01 14:35:10 INFO  [INFO] SUCCESS: io.jsonwebtoken:jjwt-impl:jar:0.11.5:runtime (sources = true)
2026.04.01 14:35:10 INFO  [INFO] Resolving artifact: org.junit.platform:junit-platform-engine:jar:1.10.2:test (sources = false)
2026.04.01 14:35:10 INFO  [INFO] SUCCESS: org.junit.platform:junit-platform-engine:jar:1.10.2:test (sources = false)
2026.04.01 14:35:10 INFO  [INFO] Resolving artifact: org.junit.platform:junit-platform-engine:jar:1.10.2:test (sources = true)
2026.04.01 14:35:10 INFO  [INFO] SUCCESS: org.junit.platform:junit-platform-engine:jar:1.10.2:test (sources = true)
2026.04.01 14:35:10 INFO  [INFO] Resolving artifact: org.ow2.asm:asm:jar:9.3:test (sources = false)
2026.04.01 14:35:10 INFO  [INFO] SUCCESS: org.ow2.asm:asm:jar:9.3:test (sources = false)
2026.04.01 14:35:10 INFO  [INFO] Resolving artifact: org.ow2.asm:asm:jar:9.3:test (sources = true)
2026.04.01 14:35:10 INFO  [INFO] SUCCESS: org.ow2.asm:asm:jar:9.3:test (sources = true)
2026.04.01 14:35:10 INFO  [INFO] Resolving artifact: org.springframework.security:spring-security-web:jar:6.2.3:compile (sources = false)
2026.04.01 14:35:10 INFO  [INFO] SUCCESS: org.springframework.security:spring-security-web:jar:6.2.3:compile (sources = false)
2026.04.01 14:35:10 INFO  [INFO] Resolving artifact: org.springframework.security:spring-security-web:jar:6.2.3:compile (sources = true)
2026.04.01 14:35:10 INFO  [INFO] SUCCESS: org.springframework.security:spring-security-web:jar:6.2.3:compile (sources = true)
2026.04.01 14:35:10 INFO  [INFO] Resolving artifact: org.eclipse.angus:angus-activation:jar:2.0.2:runtime (sources = false)
2026.04.01 14:35:10 INFO  [INFO] SUCCESS: org.eclipse.angus:angus-activation:jar:2.0.2:runtime (sources = false)
2026.04.01 14:35:10 INFO  [INFO] Resolving artifact: org.eclipse.angus:angus-activation:jar:2.0.2:runtime (sources = true)
2026.04.01 14:35:10 INFO  [INFO] SUCCESS: org.eclipse.angus:angus-activation:jar:2.0.2:runtime (sources = true)
2026.04.01 14:35:10 INFO  [INFO] Resolving artifact: org.apache.tomcat.embed:tomcat-embed-el:jar:10.1.19:compile (sources = false)
2026.04.01 14:35:10 INFO  [INFO] SUCCESS: org.apache.tomcat.embed:tomcat-embed-el:jar:10.1.19:compile (sources = false)
2026.04.01 14:35:10 INFO  [INFO] Resolving artifact: org.apache.tomcat.embed:tomcat-embed-el:jar:10.1.19:compile (sources = true)
2026.04.01 14:35:10 INFO  [INFO] SUCCESS: org.apache.tomcat.embed:tomcat-embed-el:jar:10.1.19:compile (sources = true)
2026.04.01 14:35:10 INFO  [INFO] Resolving artifact: org.slf4j:jul-to-slf4j:jar:2.0.12:compile (sources = false)
2026.04.01 14:35:10 INFO  [INFO] SUCCESS: org.slf4j:jul-to-slf4j:jar:2.0.12:compile (sources = false)
2026.04.01 14:35:10 INFO  [INFO] Resolving artifact: org.slf4j:jul-to-slf4j:jar:2.0.12:compile (sources = true)
2026.04.01 14:35:10 INFO  [INFO] SUCCESS: org.slf4j:jul-to-slf4j:jar:2.0.12:compile (sources = true)
2026.04.01 14:35:10 INFO  [INFO] Resolving artifact: com.fasterxml.jackson.core:jackson-databind:jar:2.15.4:compile (sources = false)
2026.04.01 14:35:10 INFO  [INFO] SUCCESS: com.fasterxml.jackson.core:jackson-databind:jar:2.15.4:compile (sources = false)
2026.04.01 14:35:10 INFO  [INFO] Resolving artifact: com.fasterxml.jackson.core:jackson-databind:jar:2.15.4:compile (sources = true)
2026.04.01 14:35:10 INFO  [INFO] SUCCESS: com.fasterxml.jackson.core:jackson-databind:jar:2.15.4:compile (sources = true)
2026.04.01 14:35:10 INFO  [INFO] Resolving artifact: ch.qos.logback:logback-classic:jar:1.4.14:compile (sources = false)
2026.04.01 14:35:10 INFO  [INFO] SUCCESS: ch.qos.logback:logback-classic:jar:1.4.14:compile (sources = false)
2026.04.01 14:35:10 INFO  [INFO] Resolving artifact: ch.qos.logback:logback-classic:jar:1.4.14:compile (sources = true)
2026.04.01 14:35:10 INFO  [INFO] SUCCESS: ch.qos.logback:logback-classic:jar:1.4.14:compile (sources = true)
2026.04.01 14:35:10 INFO  [INFO] Resolving artifact: org.springframework:spring-web:jar:6.1.5:compile (sources = false)
2026.04.01 14:35:10 INFO  [INFO] SUCCESS: org.springframework:spring-web:jar:6.1.5:compile (sources = false)
2026.04.01 14:35:10 INFO  [INFO] Resolving artifact: org.springframework:spring-web:jar:6.1.5:compile (sources = true)
2026.04.01 14:35:10 INFO  [INFO] SUCCESS: org.springframework:spring-web:jar:6.1.5:compile (sources = true)
2026.04.01 14:35:10 INFO  [INFO] Resolving artifact: org.springframework.boot:spring-boot-test-autoconfigure:jar:3.2.4:test (sources = false)
2026.04.01 14:35:10 INFO  [INFO] SUCCESS: org.springframework.boot:spring-boot-test-autoconfigure:jar:3.2.4:test (sources = false)
2026.04.01 14:35:10 INFO  [INFO] Resolving artifact: org.springframework.boot:spring-boot-test-autoconfigure:jar:3.2.4:test (sources = true)
2026.04.01 14:35:10 INFO  [INFO] SUCCESS: org.springframework.boot:spring-boot-test-autoconfigure:jar:3.2.4:test (sources = true)
2026.04.01 14:35:10 INFO  [INFO] Resolving artifact: org.junit.jupiter:junit-jupiter:jar:5.10.2:test (sources = false)
2026.04.01 14:35:10 INFO  [INFO] SUCCESS: org.junit.jupiter:junit-jupiter:jar:5.10.2:test (sources = false)
2026.04.01 14:35:10 INFO  [INFO] Resolving artifact: org.junit.jupiter:junit-jupiter:jar:5.10.2:test (sources = true)
2026.04.01 14:35:10 INFO  [INFO] SUCCESS: org.junit.jupiter:junit-jupiter:jar:5.10.2:test (sources = true)
2026.04.01 14:35:10 INFO  [INFO] Resolving artifact: jakarta.persistence:jakarta.persistence-api:jar:3.1.0:compile (sources = false)
2026.04.01 14:35:10 INFO  [INFO] SUCCESS: jakarta.persistence:jakarta.persistence-api:jar:3.1.0:compile (sources = false)
2026.04.01 14:35:10 INFO  [INFO] Resolving artifact: jakarta.persistence:jakarta.persistence-api:jar:3.1.0:compile (sources = true)
2026.04.01 14:35:10 INFO  [INFO] SUCCESS: jakarta.persistence:jakarta.persistence-api:jar:3.1.0:compile (sources = true)
2026.04.01 14:35:10 INFO  [INFO] Resolving artifact: jakarta.activation:jakarta.activation-api:jar:2.1.3:runtime (sources = false)
2026.04.01 14:35:10 INFO  [INFO] SUCCESS: jakarta.activation:jakarta.activation-api:jar:2.1.3:runtime (sources = false)
2026.04.01 14:35:10 INFO  [INFO] Resolving artifact: jakarta.activation:jakarta.activation-api:jar:2.1.3:runtime (sources = true)
2026.04.01 14:35:10 INFO  [INFO] SUCCESS: jakarta.activation:jakarta.activation-api:jar:2.1.3:runtime (sources = true)
2026.04.01 14:35:10 INFO  [INFO] Resolving artifact: org.springframework:spring-tx:jar:6.1.5:compile (sources = false)
2026.04.01 14:35:10 INFO  [INFO] SUCCESS: org.springframework:spring-tx:jar:6.1.5:compile (sources = false)
2026.04.01 14:35:10 INFO  [INFO] Resolving artifact: org.springframework:spring-tx:jar:6.1.5:compile (sources = true)
2026.04.01 14:35:10 INFO  [INFO] SUCCESS: org.springframework:spring-tx:jar:6.1.5:compile (sources = true)
2026.04.01 14:35:10 INFO  [INFO] Resolving artifact: org.springframework:spring-core:jar:6.1.5:compile (sources = false)
2026.04.01 14:35:10 INFO  [INFO] SUCCESS: org.springframework:spring-core:jar:6.1.5:compile (sources = false)
2026.04.01 14:35:10 INFO  [INFO] Resolving artifact: org.springframework:spring-core:jar:6.1.5:compile (sources = true)
2026.04.01 14:35:10 INFO  [INFO] SUCCESS: org.springframework:spring-core:jar:6.1.5:compile (sources = true)
2026.04.01 14:35:10 INFO  [INFO] Resolving artifact: com.fasterxml.jackson.module:jackson-module-parameter-names:jar:2.15.4:compile (sources = false)
2026.04.01 14:35:10 INFO  [INFO] SUCCESS: com.fasterxml.jackson.module:jackson-module-parameter-names:jar:2.15.4:compile (sources = false)
2026.04.01 14:35:10 INFO  [INFO] Resolving artifact: com.fasterxml.jackson.module:jackson-module-parameter-names:jar:2.15.4:compile (sources = true)
2026.04.01 14:35:10 INFO  [INFO] SUCCESS: com.fasterxml.jackson.module:jackson-module-parameter-names:jar:2.15.4:compile (sources = true)
2026.04.01 14:35:10 INFO  [INFO] Resolving artifact: jakarta.validation:jakarta.validation-api:jar:3.0.2:compile (sources = false)
2026.04.01 14:35:10 INFO  [INFO] SUCCESS: jakarta.validation:jakarta.validation-api:jar:3.0.2:compile (sources = false)
2026.04.01 14:35:10 INFO  [INFO] Resolving artifact: jakarta.validation:jakarta.validation-api:jar:3.0.2:compile (sources = true)
2026.04.01 14:35:10 INFO  [INFO] SUCCESS: jakarta.validation:jakarta.validation-api:jar:3.0.2:compile (sources = true)
2026.04.01 14:35:10 INFO  [INFO] Resolving artifact: io.micrometer:micrometer-observation:jar:1.12.4:compile (sources = false)
2026.04.01 14:35:10 INFO  [INFO] SUCCESS: io.micrometer:micrometer-observation:jar:1.12.4:compile (sources = false)
2026.04.01 14:35:10 INFO  [INFO] Resolving artifact: io.micrometer:micrometer-observation:jar:1.12.4:compile (sources = true)
2026.04.01 14:35:10 INFO  [INFO] SUCCESS: io.micrometer:micrometer-observation:jar:1.12.4:compile (sources = true)
2026.04.01 14:35:10 INFO  [INFO] Resolving artifact: jakarta.xml.bind:jakarta.xml.bind-api:jar:4.0.2:runtime (sources = false)
2026.04.01 14:35:10 INFO  [INFO] SUCCESS: jakarta.xml.bind:jakarta.xml.bind-api:jar:4.0.2:runtime (sources = false)
2026.04.01 14:35:10 INFO  [INFO] Resolving artifact: jakarta.xml.bind:jakarta.xml.bind-api:jar:4.0.2:runtime (sources = true)
2026.04.01 14:35:10 INFO  [INFO] SUCCESS: jakarta.xml.bind:jakarta.xml.bind-api:jar:4.0.2:runtime (sources = true)
2026.04.01 14:35:10 INFO  [INFO] Resolving artifact: org.springframework.boot:spring-boot:jar:3.2.4:compile (sources = false)
2026.04.01 14:35:10 INFO  [INFO] SUCCESS: org.springframework.boot:spring-boot:jar:3.2.4:compile (sources = false)
2026.04.01 14:35:10 INFO  [INFO] Resolving artifact: org.springframework.boot:spring-boot:jar:3.2.4:compile (sources = true)
2026.04.01 14:35:10 INFO  [INFO] SUCCESS: org.springframework.boot:spring-boot:jar:3.2.4:compile (sources = true)
2026.04.01 14:35:10 INFO  [INFO] Resolving artifact: org.apache.tomcat.embed:tomcat-embed-core:jar:10.1.19:compile (sources = false)
2026.04.01 14:35:10 INFO  [INFO] SUCCESS: org.apache.tomcat.embed:tomcat-embed-core:jar:10.1.19:compile (sources = false)
2026.04.01 14:35:10 INFO  [INFO] Resolving artifact: org.apache.tomcat.embed:tomcat-embed-core:jar:10.1.19:compile (sources = true)
2026.04.01 14:35:10 INFO  [INFO] SUCCESS: org.apache.tomcat.embed:tomcat-embed-core:jar:10.1.19:compile (sources = true)
2026.04.01 14:35:10 INFO  [INFO] Resolving artifact: org.springframework.boot:spring-boot-starter-json:jar:3.2.4:compile (sources = false)
2026.04.01 14:35:10 INFO  [INFO] SUCCESS: org.springframework.boot:spring-boot-starter-json:jar:3.2.4:compile (sources = false)
2026.04.01 14:35:10 INFO  [INFO] Resolving artifact: org.springframework.boot:spring-boot-starter-json:jar:3.2.4:compile (sources = true)
2026.04.01 14:35:10 INFO  [INFO] SUCCESS: org.springframework.boot:spring-boot-starter-json:jar:3.2.4:compile (sources = true)
2026.04.01 14:35:10 INFO  [INFO] Resolving artifact: jakarta.annotation:jakarta.annotation-api:jar:2.1.1:compile (sources = false)
2026.04.01 14:35:10 INFO  [INFO] SUCCESS: jakarta.annotation:jakarta.annotation-api:jar:2.1.1:compile (sources = false)
2026.04.01 14:35:10 INFO  [INFO] Resolving artifact: jakarta.annotation:jakarta.annotation-api:jar:2.1.1:compile (sources = true)
2026.04.01 14:35:10 INFO  [INFO] SUCCESS: jakarta.annotation:jakarta.annotation-api:jar:2.1.1:compile (sources = true)
2026.04.01 14:35:10 INFO  [INFO] Resolving artifact: org.springframework.data:spring-data-commons:jar:3.2.4:compile (sources = false)
2026.04.01 14:35:10 INFO  [INFO] SUCCESS: org.springframework.data:spring-data-commons:jar:3.2.4:compile (sources = false)
2026.04.01 14:35:10 INFO  [INFO] Resolving artifact: org.springframework.data:spring-data-commons:jar:3.2.4:compile (sources = true)
2026.04.01 14:35:10 INFO  [INFO] SUCCESS: org.springframework.data:spring-data-commons:jar:3.2.4:compile (sources = true)
2026.04.01 14:35:10 INFO  [INFO] Resolving artifact: jakarta.inject:jakarta.inject-api:jar:2.0.1:runtime (sources = false)
2026.04.01 14:35:10 INFO  [INFO] SUCCESS: jakarta.inject:jakarta.inject-api:jar:2.0.1:runtime (sources = false)
2026.04.01 14:35:10 INFO  [INFO] Resolving artifact: jakarta.inject:jakarta.inject-api:jar:2.0.1:runtime (sources = true)
2026.04.01 14:35:10 INFO  [INFO] SUCCESS: jakarta.inject:jakarta.inject-api:jar:2.0.1:runtime (sources = true)
2026.04.01 14:35:10 INFO  [INFO] Resolving artifact: org.junit.jupiter:junit-jupiter-api:jar:5.10.2:test (sources = false)
2026.04.01 14:35:10 INFO  [INFO] SUCCESS: org.junit.jupiter:junit-jupiter-api:jar:5.10.2:test (sources = false)
2026.04.01 14:35:10 INFO  [INFO] Resolving artifact: org.junit.jupiter:junit-jupiter-api:jar:5.10.2:test (sources = true)
2026.04.01 14:35:10 INFO  [INFO] SUCCESS: org.junit.jupiter:junit-jupiter-api:jar:5.10.2:test (sources = true)
2026.04.01 14:35:10 INFO  [INFO] Resolving artifact: org.springframework.data:spring-data-jpa:jar:3.2.4:compile (sources = false)
2026.04.01 14:35:10 INFO  [INFO] SUCCESS: org.springframework.data:spring-data-jpa:jar:3.2.4:compile (sources = false)
2026.04.01 14:35:10 INFO  [INFO] Resolving artifact: org.springframework.data:spring-data-jpa:jar:3.2.4:compile (sources = true)
2026.04.01 14:35:10 INFO  [INFO] SUCCESS: org.springframework.data:spring-data-jpa:jar:3.2.4:compile (sources = true)
2026.04.01 14:35:10 INFO  [INFO] Resolving artifact: ch.qos.logback:logback-core:jar:1.4.14:compile (sources = false)
2026.04.01 14:35:10 INFO  [INFO] SUCCESS: ch.qos.logback:logback-core:jar:1.4.14:compile (sources = false)
2026.04.01 14:35:10 INFO  [INFO] Resolving artifact: ch.qos.logback:logback-core:jar:1.4.14:compile (sources = true)
2026.04.01 14:35:10 INFO  [INFO] SUCCESS: ch.qos.logback:logback-core:jar:1.4.14:compile (sources = true)
2026.04.01 14:35:10 INFO  [INFO] Resolving artifact: io.smallrye:jandex:jar:3.1.2:runtime (sources = false)
2026.04.01 14:35:10 INFO  [INFO] SUCCESS: io.smallrye:jandex:jar:3.1.2:runtime (sources = false)
2026.04.01 14:35:10 INFO  [INFO] Resolving artifact: io.smallrye:jandex:jar:3.1.2:runtime (sources = true)
2026.04.01 14:35:10 INFO  [INFO] SUCCESS: io.smallrye:jandex:jar:3.1.2:runtime (sources = true)
2026.04.01 14:35:10 INFO  [INFO] Resolving artifact: org.junit.jupiter:junit-jupiter-params:jar:5.10.2:test (sources = false)
2026.04.01 14:35:10 INFO  [INFO] SUCCESS: org.junit.jupiter:junit-jupiter-params:jar:5.10.2:test (sources = false)
2026.04.01 14:35:10 INFO  [INFO] Resolving artifact: org.junit.jupiter:junit-jupiter-params:jar:5.10.2:test (sources = true)
2026.04.01 14:35:10 INFO  [INFO] SUCCESS: org.junit.jupiter:junit-jupiter-params:jar:5.10.2:test (sources = true)
2026.04.01 14:35:10 INFO  [INFO] Resolving artifact: com.jayway.jsonpath:json-path:jar:2.9.0:test (sources = false)
2026.04.01 14:35:10 INFO  [INFO] SUCCESS: com.jayway.jsonpath:json-path:jar:2.9.0:test (sources = false)
2026.04.01 14:35:10 INFO  [INFO] Resolving artifact: com.jayway.jsonpath:json-path:jar:2.9.0:test (sources = true)
2026.04.01 14:35:10 INFO  [INFO] SUCCESS: com.jayway.jsonpath:json-path:jar:2.9.0:test (sources = true)
2026.04.01 14:35:10 INFO  [INFO] Resolving artifact: org.glassfish.jaxb:txw2:jar:4.0.5:runtime (sources = false)
2026.04.01 14:35:10 INFO  [INFO] SUCCESS: org.glassfish.jaxb:txw2:jar:4.0.5:runtime (sources = false)
2026.04.01 14:35:10 INFO  [INFO] Resolving artifact: org.glassfish.jaxb:txw2:jar:4.0.5:runtime (sources = true)
2026.04.01 14:35:10 INFO  [INFO] SUCCESS: org.glassfish.jaxb:txw2:jar:4.0.5:runtime (sources = true)
2026.04.01 14:35:10 INFO  [INFO] Resolving artifact: org.apiguardian:apiguardian-api:jar:1.1.2:test (sources = false)
2026.04.01 14:35:10 INFO  [INFO] SUCCESS: org.apiguardian:apiguardian-api:jar:1.1.2:test (sources = false)
2026.04.01 14:35:10 INFO  [INFO] Resolving artifact: org.apiguardian:apiguardian-api:jar:1.1.2:test (sources = true)
2026.04.01 14:35:10 INFO  [INFO] SUCCESS: org.apiguardian:apiguardian-api:jar:1.1.2:test (sources = true)
2026.04.01 14:35:10 INFO  [INFO] Resolving artifact: org.aspectj:aspectjweaver:jar:1.9.21:compile (sources = false)
2026.04.01 14:35:10 INFO  [INFO] SUCCESS: org.aspectj:aspectjweaver:jar:1.9.21:compile (sources = false)
2026.04.01 14:35:10 INFO  [INFO] Resolving artifact: org.aspectj:aspectjweaver:jar:1.9.21:compile (sources = true)
2026.04.01 14:35:10 INFO  [INFO] SUCCESS: org.aspectj:aspectjweaver:jar:1.9.21:compile (sources = true)
2026.04.01 14:35:10 INFO  [INFO] Resolving artifact: org.hibernate.orm:hibernate-core:jar:6.4.4.Final:compile (sources = false)
2026.04.01 14:35:10 INFO  [INFO] SUCCESS: org.hibernate.orm:hibernate-core:jar:6.4.4.Final:compile (sources = false)
2026.04.01 14:35:10 INFO  [INFO] Resolving artifact: org.hibernate.orm:hibernate-core:jar:6.4.4.Final:compile (sources = true)
2026.04.01 14:35:10 INFO  [INFO] SUCCESS: org.hibernate.orm:hibernate-core:jar:6.4.4.Final:compile (sources = true)
2026.04.01 14:35:10 INFO  [INFO] Resolving artifact: org.springframework.boot:spring-boot-starter-validation:jar:3.2.4:compile (sources = false)
2026.04.01 14:35:10 INFO  [INFO] SUCCESS: org.springframework.boot:spring-boot-starter-validation:jar:3.2.4:compile (sources = false)
2026.04.01 14:35:10 INFO  [INFO] Resolving artifact: org.springframework.boot:spring-boot-starter-validation:jar:3.2.4:compile (sources = true)
2026.04.01 14:35:10 INFO  [INFO] SUCCESS: org.springframework.boot:spring-boot-starter-validation:jar:3.2.4:compile (sources = true)
2026.04.01 14:35:10 INFO  [INFO] Resolving artifact: com.vaadin.external.google:android-json:jar:0.0.20131108.vaadin1:test (sources = false)
2026.04.01 14:35:10 INFO  [INFO] SUCCESS: com.vaadin.external.google:android-json:jar:0.0.20131108.vaadin1:test (sources = false)
2026.04.01 14:35:10 INFO  [INFO] Resolving artifact: com.vaadin.external.google:android-json:jar:0.0.20131108.vaadin1:test (sources = true)
2026.04.01 14:35:10 INFO  [INFO] SUCCESS: com.vaadin.external.google:android-json:jar:0.0.20131108.vaadin1:test (sources = true)
2026.04.01 14:35:10 INFO  [INFO] Resolving artifact: org.springframework.boot:spring-boot-starter-web:jar:3.2.4:compile (sources = false)
2026.04.01 14:35:10 INFO  [INFO] SUCCESS: org.springframework.boot:spring-boot-starter-web:jar:3.2.4:compile (sources = false)
2026.04.01 14:35:10 INFO  [INFO] Resolving artifact: org.springframework.boot:spring-boot-starter-web:jar:3.2.4:compile (sources = true)
2026.04.01 14:35:10 INFO  [INFO] SUCCESS: org.springframework.boot:spring-boot-starter-web:jar:3.2.4:compile (sources = true)
2026.04.01 14:35:10 INFO  [INFO] Resolving artifact: org.projectlombok:lombok:jar:1.18.30:compile (sources = false)
2026.04.01 14:35:10 INFO  [INFO] SUCCESS: org.projectlombok:lombok:jar:1.18.30:compile (sources = false)
2026.04.01 14:35:10 INFO  [INFO] Resolving artifact: org.projectlombok:lombok:jar:1.18.30:compile (sources = true)
2026.04.01 14:35:10 INFO  [INFO] SUCCESS: org.projectlombok:lombok:jar:1.18.30:compile (sources = true)
2026.04.01 14:35:10 INFO  [INFO] Generated .bloop/talentra-backend-test.json
2026.04.01 14:35:10 INFO  [INFO] ------------------------------------------------------------------------
2026.04.01 14:35:10 INFO  [INFO] BUILD SUCCESS
2026.04.01 14:35:10 INFO  [INFO] ------------------------------------------------------------------------
2026.04.01 14:35:10 INFO  [INFO] Total time:  17.677 s
2026.04.01 14:35:10 INFO  [INFO] Finished at: 2026-04-01T14:35:10+05:30
2026.04.01 14:35:10 INFO  [INFO] ------------------------------------------------------------------------
2026.04.01 14:35:11 INFO  time: ran 'mvn bloopInstall' in 20s
2026.04.01 14:35:11 INFO  Attempting to connect to the build server...
2026.04.01 14:35:11 INFO  No running Bloop server found, starting one.
2026.04.01 14:35:13 INFO  no build target found for /Users/dharanisham/Developer/Github-Repositories/Talentra/backend/src/main/java/com/talentra/config/DataSeeder.java. Using fallback presentation compiler.
2026.04.01 14:35:13 INFO  no build target found for /Users/dharanisham/Developer/Github-Repositories/Talentra/backend/src/main/java/com/talentra/config/DataSeeder.java. Using fallback presentation compiler.
2026.04.01 14:35:16 INFO  no build target found for /Users/dharanisham/Developer/Github-Repositories/Talentra/backend/src/main/java/com/talentra/config/DataSeeder.java. Using fallback presentation compiler.
2026.04.01 14:35:25 INFO  Started: Metals version 1.6.6 in folders '/Users/dharanisham/Developer/Github-Repositories/Talentra' for client Antigravity 1.107.0.
2026.04.01 14:35:25 INFO  Memory monitor started
2026.04.01 14:35:28 WARN  Using H2 2.4.240 which is newer than the version Flyway has been verified with. The latest verified version of H2 is 2.3.232.
2026.04.01 14:35:28 INFO  no build target found for /Users/dharanisham/Developer/Github-Repositories/Talentra/backend/src/main/java/com/talentra/config/DataSeeder.java. Using fallback presentation compiler.
2026.04.01 14:35:28 INFO  no build target found for /Users/dharanisham/Developer/Github-Repositories/Talentra/backend/src/main/java/com/talentra/config/DataSeeder.java. Using fallback presentation compiler.
2026.04.01 14:35:29 INFO  no build target found for /Users/dharanisham/Developer/Github-Repositories/Talentra/backend/src/main/java/com/talentra/config/DataSeeder.java. Using fallback presentation compiler.
2026.04.01 14:35:29 INFO  Attempting to connect to the build server...
2026.04.01 14:35:29 INFO  No running Bloop server found, starting one.
2026.04.01 14:35:35 INFO  Starting compilation server
2026.04.01 14:35:35 INFO  tracing is disabled for protocol BSP, to enable tracing of incoming and outgoing JSON messages create an empty file at /Users/dharanisham/Developer/Github-Repositories/Talentra/.metals/bsp.trace.json or /Users/dharanisham/Library/Caches/org.scalameta.metals/bsp.trace.json
2026.04.01 14:35:36 INFO  time: Connected to build server in 6.62s
2026.04.01 14:35:35 INFO  Connected to Build server: Bloop v2.0.19
2026.04.01 14:35:37 WARN  Using H2 2.4.240 which is newer than the version Flyway has been verified with. The latest verified version of H2 is 2.3.232.
2026.04.01 14:35:39 INFO  Created report: Optional[file:///Users/dharanisham/Developer/Github-Repositories/Talentra/jar:file:/Users/dharanisham/.m2/repository/org/springframework/spring-jdbc/6.1.5/spring-jdbc-6.1.5-sources.jar!/org/springframework/jdbc/core/BeanPropertyRowMapper.java]
2026.04.01 14:35:39 INFO  Java indexer failed with and exception. (full report at: "/Users/dharanisham/Developer/Github-Repositories/Talentra/.metals/.reports/metals-full/2026-04-01/r_failed-idex-java_14-35-39-169.md")
2026.04.01 14:35:41 INFO  Created report: Optional[file:///Users/dharanisham/Developer/Github-Repositories/Talentra/jar:file:/Users/dharanisham/.m2/repository/org/springframework/security/spring-security-config/6.2.3/spring-security-config-6.2.3-sources.jar!/org/springframework/security/config/web/server/OidcBackChannelServerLogoutHandler.java]
2026.04.01 14:35:41 INFO  Java indexer failed with and exception. (full report at: "/Users/dharanisham/Developer/Github-Repositories/Talentra/.metals/.reports/metals-full/2026-04-01/r_failed-idex-java_14-35-41-117.md")
2026.04.01 14:35:41 INFO  time: indexed workspace in 5.09s
2026.04.01 14:35:41 INFO  compiling talentra-backend (41 java sources)
2026.04.01 14:35:43 INFO  time: compiled talentra-backend in 1.61s
2026.04.01 14:37:22 INFO  compiling talentra-backend (41 java sources)
2026.04.01 14:37:23 INFO  time: compiled talentra-backend in 1.46s
2026.04.01 14:37:29 INFO  Started: Metals version 1.6.6 in folders '/Users/dharanisham/Developer/Github-Repositories/Talentra' for client Antigravity 1.107.0.
2026.04.01 14:37:29 INFO  Memory monitor started
2026.04.01 14:37:33 WARN  Using H2 2.4.240 which is newer than the version Flyway has been verified with. The latest verified version of H2 is 2.3.232.
2026.04.01 14:37:33 INFO  no build target found for /Users/dharanisham/Developer/Github-Repositories/Talentra/backend/src/main/java/com/talentra/config/SecurityConfig.java. Using fallback presentation compiler.
Apr 01, 2026 2:37:33 PM org.eclipse.lsp4j.jsonrpc.RemoteEndpoint handleCancellation
WARNING: Unmatched cancel notification for request id 2
2026.04.01 14:37:33 INFO  no build target found for /Users/dharanisham/Developer/Github-Repositories/Talentra/backend/src/main/java/com/talentra/config/SecurityConfig.java. Using fallback presentation compiler.
2026.04.01 14:37:33 INFO  no build target found for /Users/dharanisham/Developer/Github-Repositories/Talentra/backend/src/main/java/com/talentra/config/SecurityConfig.java. Using fallback presentation compiler.
2026.04.01 14:37:33 INFO  Attempting to connect to the build server...
Apr 01, 2026 2:37:33 PM org.eclipse.lsp4j.jsonrpc.RemoteEndpoint handleCancellation
WARNING: Unmatched cancel notification for request id 9
2026.04.01 14:37:33 INFO  no build target found for /Users/dharanisham/Developer/Github-Repositories/Talentra/backend/src/main/java/com/talentra/config/SecurityConfig.java. Using fallback presentation compiler.
2026.04.01 14:37:33 INFO  No running Bloop server found, starting one.
2026.04.01 14:37:33 INFO  Starting compilation server
2026.04.01 14:37:34 INFO  tracing is disabled for protocol BSP, to enable tracing of incoming and outgoing JSON messages create an empty file at /Users/dharanisham/Developer/Github-Repositories/Talentra/.metals/bsp.trace.json or /Users/dharanisham/Library/Caches/org.scalameta.metals/bsp.trace.json
2026.04.01 14:37:34 INFO  time: Connected to build server in 1.33s
2026.04.01 14:37:34 INFO  Connected to Build server: Bloop v2.0.19
2026.04.01 14:37:39 WARN  Using H2 2.4.240 which is newer than the version Flyway has been verified with. The latest verified version of H2 is 2.3.232.
2026.04.01 14:37:39 INFO  time: indexed workspace in 4.98s
2026.04.01 14:42:22 INFO  compiling talentra-backend (1 java source)
2026.04.01 14:42:23 WARN  Could not load snapshot text for /Users/dharanisham/Developer/Github-Repositories/Talentra/backend/src/main/java/com/talentra/controller/AdminController.java
2026.04.01 14:42:24 INFO  time: compiled talentra-backend in 1.49s
2026.04.01 14:42:35 INFO  Started: Metals version 1.6.6 in folders '/Users/dharanisham/Developer/Github-Repositories/Talentra' for client Antigravity 1.107.0.
2026.04.01 14:42:35 INFO  Memory monitor started
2026.04.01 14:42:39 WARN  Using H2 2.4.240 which is newer than the version Flyway has been verified with. The latest verified version of H2 is 2.3.232.
2026.04.01 14:42:39 INFO  no build target found for /Users/dharanisham/Developer/Github-Repositories/Talentra/backend/src/main/java/com/talentra/controller/AdminController.java. Using fallback presentation compiler.
Apr 01, 2026 2:42:39 PM org.eclipse.lsp4j.jsonrpc.RemoteEndpoint handleCancellation
WARNING: Unmatched cancel notification for request id 2
2026.04.01 14:42:39 INFO  no build target found for /Users/dharanisham/Developer/Github-Repositories/Talentra/backend/src/main/java/com/talentra/controller/AdminController.java. Using fallback presentation compiler.
2026.04.01 14:42:39 INFO  no build target found for /Users/dharanisham/Developer/Github-Repositories/Talentra/backend/src/main/java/com/talentra/controller/AdminController.java. Using fallback presentation compiler.
2026.04.01 14:42:39 INFO  Attempting to connect to the build server...
2026.04.01 14:42:39 INFO  No running Bloop server found, starting one.
2026.04.01 14:42:40 INFO  Starting compilation server
2026.04.01 14:42:40 INFO  tracing is disabled for protocol BSP, to enable tracing of incoming and outgoing JSON messages create an empty file at /Users/dharanisham/Developer/Github-Repositories/Talentra/.metals/bsp.trace.json or /Users/dharanisham/Library/Caches/org.scalameta.metals/bsp.trace.json
2026.04.01 14:42:40 INFO  time: Connected to build server in 1.33s
2026.04.01 14:42:40 INFO  Connected to Build server: Bloop v2.0.19
2026.04.01 14:42:45 WARN  Using H2 2.4.240 which is newer than the version Flyway has been verified with. The latest verified version of H2 is 2.3.232.
2026.04.01 14:42:45 INFO  time: indexed workspace in 4.9s
2026.04.01 14:43:54 INFO  compiling talentra-backend (1 java source)
2026.04.01 14:43:55 INFO  time: compiled talentra-backend in 1.29s
2026.04.01 14:43:55 INFO  compiling talentra-backend (1 java source)
2026.04.01 14:43:55 INFO  time: compiled talentra-backend in 0.62s
2026.04.01 14:44:05 INFO  Started: Metals version 1.6.6 in folders '/Users/dharanisham/Developer/Github-Repositories/Talentra' for client Antigravity 1.107.0.
2026.04.01 14:44:05 INFO  Memory monitor started
2026.04.01 14:44:09 WARN  Using H2 2.4.240 which is newer than the version Flyway has been verified with. The latest verified version of H2 is 2.3.232.
2026.04.01 14:44:09 INFO  Attempting to connect to the build server...
2026.04.01 14:44:09 INFO  No running Bloop server found, starting one.
2026.04.01 14:44:10 INFO  Starting compilation server
2026.04.01 14:44:10 INFO  tracing is disabled for protocol BSP, to enable tracing of incoming and outgoing JSON messages create an empty file at /Users/dharanisham/Developer/Github-Repositories/Talentra/.metals/bsp.trace.json or /Users/dharanisham/Library/Caches/org.scalameta.metals/bsp.trace.json
2026.04.01 14:44:10 INFO  time: Connected to build server in 1.23s
2026.04.01 14:44:10 INFO  Connected to Build server: Bloop v2.0.19
2026.04.01 14:44:15 WARN  Using H2 2.4.240 which is newer than the version Flyway has been verified with. The latest verified version of H2 is 2.3.232.
2026.04.01 14:44:15 INFO  time: indexed workspace in 4.9s
Apr 01, 2026 2:46:29 PM org.eclipse.lsp4j.jsonrpc.RemoteEndpoint handleCancellation
WARNING: Unmatched cancel notification for request id 1
2026.04.01 14:51:07 INFO  compiling talentra-backend (42 java sources)
2026.04.01 14:51:09 INFO  time: compiled talentra-backend in 1.89s
2026.04.01 14:51:15 INFO  compiling talentra-backend (1 java source)
2026.04.01 14:51:15 WARN  javac exited with exit code 1
2026.04.01 14:51:15 INFO  time: compiled talentra-backend in 0.68s
2026.04.01 14:51:57 INFO  compiling talentra-backend (4 java sources)
2026.04.01 14:51:57 WARN  javac exited with exit code 1
2026.04.01 14:51:57 INFO  time: compiled talentra-backend in 0.95s
2026.04.01 14:52:11 INFO  Started: Metals version 1.6.6 in folders '/Users/dharanisham/Developer/Github-Repositories/Talentra' for client Antigravity 1.107.0.
2026.04.01 14:52:11 INFO  Memory monitor started
2026.04.01 14:52:14 WARN  Using H2 2.4.240 which is newer than the version Flyway has been verified with. The latest verified version of H2 is 2.3.232.
2026.04.01 14:52:14 INFO  no build target found for /Users/dharanisham/Developer/Github-Repositories/Talentra/backend/src/main/java/com/talentra/controller/AdminController.java. Using fallback presentation compiler.
Apr 01, 2026 2:52:15 PM org.eclipse.lsp4j.jsonrpc.RemoteEndpoint handleCancellation
WARNING: Unmatched cancel notification for request id 2
2026.04.01 14:52:14 INFO  no build target found for /Users/dharanisham/Developer/Github-Repositories/Talentra/backend/src/main/java/com/talentra/controller/AdminController.java. Using fallback presentation compiler.
2026.04.01 14:52:15 INFO  no build target found for /Users/dharanisham/Developer/Github-Repositories/Talentra/backend/src/main/java/com/talentra/controller/AdminController.java. Using fallback presentation compiler.
2026.04.01 14:52:15 INFO  Attempting to connect to the build server...
2026.04.01 14:52:15 INFO  No running Bloop server found, starting one.
2026.04.01 14:52:16 INFO  Starting compilation server
2026.04.01 14:52:16 INFO  tracing is disabled for protocol BSP, to enable tracing of incoming and outgoing JSON messages create an empty file at /Users/dharanisham/Developer/Github-Repositories/Talentra/.metals/bsp.trace.json or /Users/dharanisham/Library/Caches/org.scalameta.metals/bsp.trace.json
2026.04.01 14:52:16 INFO  time: Connected to build server in 1.42s
2026.04.01 14:52:16 INFO  Connected to Build server: Bloop v2.0.19
2026.04.01 14:52:21 WARN  Using H2 2.4.240 which is newer than the version Flyway has been verified with. The latest verified version of H2 is 2.3.232.
2026.04.01 14:52:21 INFO  time: indexed workspace in 4.95s
2026.04.01 14:52:22 INFO  compiling talentra-backend (4 java sources)
2026.04.01 14:52:23 INFO  time: compiled talentra-backend in 1.37s
2026.04.01 14:52:23 INFO  compiling talentra-backend (6 java sources)
2026.04.01 14:52:23 INFO  time: compiled talentra-backend in 0.8s
2026.04.01 14:55:26 INFO  Started: Metals version 1.6.6 in folders '/Users/dharanisham/Developer/Github-Repositories/Talentra' for client Antigravity 1.107.0.
2026.04.01 14:55:26 INFO  Memory monitor started
2026.04.01 14:55:30 WARN  Using H2 2.4.240 which is newer than the version Flyway has been verified with. The latest verified version of H2 is 2.3.232.
2026.04.01 14:55:30 INFO  no build target found for /Users/dharanisham/Developer/Github-Repositories/Talentra/backend/src/main/java/com/talentra/config/DataSeeder.java. Using fallback presentation compiler.
Apr 01, 2026 2:55:30 PM org.eclipse.lsp4j.jsonrpc.RemoteEndpoint handleCancellation
WARNING: Unmatched cancel notification for request id 2
2026.04.01 14:55:30 INFO  no build target found for /Users/dharanisham/Developer/Github-Repositories/Talentra/backend/src/main/java/com/talentra/config/DataSeeder.java. Using fallback presentation compiler.
2026.04.01 14:55:30 INFO  no build target found for /Users/dharanisham/Developer/Github-Repositories/Talentra/backend/src/main/java/com/talentra/config/DataSeeder.java. Using fallback presentation compiler.
2026.04.01 14:55:30 INFO  Attempting to connect to the build server...
2026.04.01 14:55:30 INFO  No running Bloop server found, starting one.
2026.04.01 14:55:31 INFO  Starting compilation server
2026.04.01 14:55:31 INFO  tracing is disabled for protocol BSP, to enable tracing of incoming and outgoing JSON messages create an empty file at /Users/dharanisham/Developer/Github-Repositories/Talentra/.metals/bsp.trace.json or /Users/dharanisham/Library/Caches/org.scalameta.metals/bsp.trace.json
2026.04.01 14:55:32 INFO  time: Connected to build server in 1.41s
2026.04.01 14:55:31 INFO  Connected to Build server: Bloop v2.0.19
2026.04.01 14:55:36 WARN  Using H2 2.4.240 which is newer than the version Flyway has been verified with. The latest verified version of H2 is 2.3.232.
2026.04.01 14:55:36 INFO  time: indexed workspace in 5.11s
2026.04.01 14:55:37 INFO  compiling talentra-backend (2 java sources)
2026.04.01 14:55:38 INFO  time: compiled talentra-backend in 1.12s
2026.04.01 14:57:15 INFO  Started: Metals version 1.6.6 in folders '/Users/dharanisham/Developer/Github-Repositories/Talentra' for client Antigravity 1.107.0.
2026.04.01 14:57:15 INFO  Memory monitor started
2026.04.01 14:57:19 WARN  Using H2 2.4.240 which is newer than the version Flyway has been verified with. The latest verified version of H2 is 2.3.232.
2026.04.01 14:57:19 INFO  no build target found for /Users/dharanisham/Developer/Github-Repositories/Talentra/backend/src/main/java/com/talentra/config/DataSeeder.java. Using fallback presentation compiler.
Apr 01, 2026 2:57:19 PM org.eclipse.lsp4j.jsonrpc.RemoteEndpoint handleCancellation
WARNING: Unmatched cancel notification for request id 2
2026.04.01 14:57:19 INFO  no build target found for /Users/dharanisham/Developer/Github-Repositories/Talentra/backend/src/main/java/com/talentra/config/DataSeeder.java. Using fallback presentation compiler.
2026.04.01 14:57:19 INFO  no build target found for /Users/dharanisham/Developer/Github-Repositories/Talentra/backend/src/main/java/com/talentra/config/DataSeeder.java. Using fallback presentation compiler.
2026.04.01 14:57:19 INFO  Attempting to connect to the build server...
2026.04.01 14:57:19 INFO  No running Bloop server found, starting one.
2026.04.01 14:57:19 INFO  Starting compilation server
2026.04.01 14:57:20 INFO  tracing is disabled for protocol BSP, to enable tracing of incoming and outgoing JSON messages create an empty file at /Users/dharanisham/Developer/Github-Repositories/Talentra/.metals/bsp.trace.json or /Users/dharanisham/Library/Caches/org.scalameta.metals/bsp.trace.json
2026.04.01 14:57:20 INFO  time: Connected to build server in 1.27s
2026.04.01 14:57:20 INFO  Connected to Build server: Bloop v2.0.19
2026.04.01 14:57:25 WARN  Using H2 2.4.240 which is newer than the version Flyway has been verified with. The latest verified version of H2 is 2.3.232.
2026.04.01 14:57:25 INFO  time: indexed workspace in 4.84s
2026.04.01 14:58:14 INFO  Started: Metals version 1.6.6 in folders '/Users/dharanisham/Developer/Github-Repositories/Talentra' for client Antigravity 1.107.0.
2026.04.01 14:58:14 INFO  Memory monitor started
2026.04.01 14:58:18 WARN  Using H2 2.4.240 which is newer than the version Flyway has been verified with. The latest verified version of H2 is 2.3.232.
2026.04.01 14:58:18 INFO  no build target found for /Users/dharanisham/Developer/Github-Repositories/Talentra/backend/src/main/java/com/talentra/config/DataSeeder.java. Using fallback presentation compiler.
Apr 01, 2026 2:58:18 PM org.eclipse.lsp4j.jsonrpc.RemoteEndpoint handleCancellation
WARNING: Unmatched cancel notification for request id 2
2026.04.01 14:58:18 INFO  no build target found for /Users/dharanisham/Developer/Github-Repositories/Talentra/backend/src/main/java/com/talentra/config/DataSeeder.java. Using fallback presentation compiler.
2026.04.01 14:58:18 INFO  no build target found for /Users/dharanisham/Developer/Github-Repositories/Talentra/backend/src/main/java/com/talentra/config/DataSeeder.java. Using fallback presentation compiler.
2026.04.01 14:58:18 INFO  Attempting to connect to the build server...
2026.04.01 14:58:18 INFO  No running Bloop server found, starting one.
2026.04.01 14:58:19 INFO  Starting compilation server
2026.04.01 14:58:19 INFO  tracing is disabled for protocol BSP, to enable tracing of incoming and outgoing JSON messages create an empty file at /Users/dharanisham/Developer/Github-Repositories/Talentra/.metals/bsp.trace.json or /Users/dharanisham/Library/Caches/org.scalameta.metals/bsp.trace.json
2026.04.01 14:58:20 INFO  time: Connected to build server in 1.23s
2026.04.01 14:58:19 INFO  Connected to Build server: Bloop v2.0.19
2026.04.01 14:58:24 WARN  Using H2 2.4.240 which is newer than the version Flyway has been verified with. The latest verified version of H2 is 2.3.232.
2026.04.01 14:58:24 INFO  time: indexed workspace in 5.03s
2026.04.01 14:58:25 INFO  compiling talentra-backend (43 java sources)
2026.04.01 14:58:26 INFO  time: compiled talentra-backend in 1.65s
2026.04.01 14:58:31 INFO  Started: Metals version 1.6.6 in folders '/Users/dharanisham/Developer/Github-Repositories/Talentra' for client Antigravity 1.107.0.
2026.04.01 14:58:31 INFO  Memory monitor started
2026.04.01 14:58:35 WARN  Using H2 2.4.240 which is newer than the version Flyway has been verified with. The latest verified version of H2 is 2.3.232.
2026.04.01 14:58:35 INFO  no build target found for /Users/dharanisham/Developer/Github-Repositories/Talentra/backend/src/main/java/com/talentra/config/DataSeeder.java. Using fallback presentation compiler.
Apr 01, 2026 2:58:35 PM org.eclipse.lsp4j.jsonrpc.RemoteEndpoint handleCancellation
WARNING: Unmatched cancel notification for request id 2
2026.04.01 14:58:35 INFO  no build target found for /Users/dharanisham/Developer/Github-Repositories/Talentra/backend/src/main/java/com/talentra/config/DataSeeder.java. Using fallback presentation compiler.
2026.04.01 14:58:35 INFO  no build target found for /Users/dharanisham/Developer/Github-Repositories/Talentra/backend/src/main/java/com/talentra/config/DataSeeder.java. Using fallback presentation compiler.
2026.04.01 14:58:35 INFO  Attempting to connect to the build server...
2026.04.01 14:58:35 INFO  No running Bloop server found, starting one.
2026.04.01 14:58:36 INFO  Starting compilation server
2026.04.01 14:58:37 INFO  tracing is disabled for protocol BSP, to enable tracing of incoming and outgoing JSON messages create an empty file at /Users/dharanisham/Developer/Github-Repositories/Talentra/.metals/bsp.trace.json or /Users/dharanisham/Library/Caches/org.scalameta.metals/bsp.trace.json
2026.04.01 14:58:36 INFO  time: Connected to build server in 1.2s
2026.04.01 14:58:37 INFO  Connected to Build server: Bloop v2.0.19
2026.04.01 14:58:41 WARN  Using H2 2.4.240 which is newer than the version Flyway has been verified with. The latest verified version of H2 is 2.3.232.
2026.04.01 14:58:41 INFO  time: indexed workspace in 5.01s
2026.04.01 14:58:42 INFO  compiling talentra-backend (43 java sources)
2026.04.01 14:58:44 INFO  time: compiled talentra-backend in 1.79s
2026.04.01 14:59:24 INFO  Started: Metals version 1.6.6 in folders '/Users/dharanisham/Developer/Github-Repositories/Talentra' for client Antigravity 1.107.0.
2026.04.01 14:59:24 INFO  Memory monitor started
2026.04.01 14:59:28 WARN  Using H2 2.4.240 which is newer than the version Flyway has been verified with. The latest verified version of H2 is 2.3.232.
2026.04.01 14:59:28 INFO  Attempting to connect to the build server...
2026.04.01 14:59:28 INFO  No running Bloop server found, starting one.
2026.04.01 14:59:28 INFO  no build target found for /Users/dharanisham/Developer/Github-Repositories/Talentra/backend/src/main/java/com/talentra/dto/ApplicationResponse.java. Using fallback presentation compiler.
2026.04.01 14:59:28 INFO  no build target found for /Users/dharanisham/Developer/Github-Repositories/Talentra/backend/src/main/java/com/talentra/entity/JobProfile.java. Using fallback presentation compiler.
2026.04.01 14:59:28 INFO  no build target found for /Users/dharanisham/Developer/Github-Repositories/Talentra/backend/src/main/java/com/talentra/controller/AdminController.java. Using fallback presentation compiler.
2026.04.01 14:59:28 INFO  no build target found for /Users/dharanisham/Developer/Github-Repositories/Talentra/backend/src/main/java/com/talentra/config/DataSeeder.java. Using fallback presentation compiler.
2026.04.01 14:59:29 INFO  Starting compilation server
2026.04.01 14:59:29 INFO  tracing is disabled for protocol BSP, to enable tracing of incoming and outgoing JSON messages create an empty file at /Users/dharanisham/Developer/Github-Repositories/Talentra/.metals/bsp.trace.json or /Users/dharanisham/Library/Caches/org.scalameta.metals/bsp.trace.json
2026.04.01 14:59:30 INFO  time: Connected to build server in 1.38s
2026.04.01 14:59:29 INFO  Connected to Build server: Bloop v2.0.19
2026.04.01 14:59:34 WARN  Using H2 2.4.240 which is newer than the version Flyway has been verified with. The latest verified version of H2 is 2.3.232.
2026.04.01 14:59:34 INFO  time: indexed workspace in 4.88s
2026.04.01 15:00:38 INFO  compiling talentra-backend (1 java source)
2026.04.01 15:00:39 INFO  time: compiled talentra-backend in 1.15s
2026.04.01 15:00:39 INFO  compiling talentra-backend (6 java sources)
2026.04.01 15:00:39 INFO  time: compiled talentra-backend in 0.79s
2026.04.01 15:00:53 INFO  compiling talentra-backend (1 java source)
2026.04.01 15:00:53 INFO  time: compiled talentra-backend in 0.69s
2026.04.01 15:00:53 INFO  compiling talentra-backend (1 java source)
2026.04.01 15:00:54 INFO  time: compiled talentra-backend in 0.59s
2026.04.01 15:01:05 INFO  compiling talentra-backend (1 java source)
2026.04.01 15:01:05 INFO  time: compiled talentra-backend in 0.79s
2026.04.01 15:01:18 INFO  Started: Metals version 1.6.6 in folders '/Users/dharanisham/Developer/Github-Repositories/Talentra' for client Antigravity 1.107.0.
2026.04.01 15:01:18 INFO  Memory monitor started
2026.04.01 15:01:22 WARN  Using H2 2.4.240 which is newer than the version Flyway has been verified with. The latest verified version of H2 is 2.3.232.
2026.04.01 15:01:22 INFO  no build target found for /Users/dharanisham/Developer/Github-Repositories/Talentra/backend/src/main/java/com/talentra/entity/JobProfile.java. Using fallback presentation compiler.
Apr 01, 2026 3:01:22 PM org.eclipse.lsp4j.jsonrpc.RemoteEndpoint handleCancellation
WARNING: Unmatched cancel notification for request id 2
2026.04.01 15:01:22 INFO  no build target found for /Users/dharanisham/Developer/Github-Repositories/Talentra/backend/src/main/java/com/talentra/entity/JobProfile.java. Using fallback presentation compiler.
2026.04.01 15:01:22 INFO  no build target found for /Users/dharanisham/Developer/Github-Repositories/Talentra/backend/src/main/java/com/talentra/entity/JobProfile.java. Using fallback presentation compiler.
2026.04.01 15:01:22 INFO  Attempting to connect to the build server...
2026.04.01 15:01:22 INFO  No running Bloop server found, starting one.
2026.04.01 15:01:23 INFO  Starting compilation server
2026.04.01 15:01:23 INFO  tracing is disabled for protocol BSP, to enable tracing of incoming and outgoing JSON messages create an empty file at /Users/dharanisham/Developer/Github-Repositories/Talentra/.metals/bsp.trace.json or /Users/dharanisham/Library/Caches/org.scalameta.metals/bsp.trace.json
2026.04.01 15:01:23 INFO  time: Connected to build server in 1.43s
2026.04.01 15:01:23 INFO  Connected to Build server: Bloop v2.0.19
2026.04.01 15:01:28 WARN  Using H2 2.4.240 which is newer than the version Flyway has been verified with. The latest verified version of H2 is 2.3.232.
2026.04.01 15:01:28 INFO  time: indexed workspace in 4.99s
2026.04.01 15:02:18 INFO  Started: Metals version 1.6.6 in folders '/Users/dharanisham/Developer/Github-Repositories/Talentra' for client Antigravity 1.107.0.
2026.04.01 15:02:18 INFO  Memory monitor started
2026.04.01 15:02:22 WARN  Using H2 2.4.240 which is newer than the version Flyway has been verified with. The latest verified version of H2 is 2.3.232.
2026.04.01 15:02:22 INFO  no build target found for /Users/dharanisham/Developer/Github-Repositories/Talentra/backend/src/main/java/com/talentra/config/SecurityConfig.java. Using fallback presentation compiler.
Apr 01, 2026 3:02:22 PM org.eclipse.lsp4j.jsonrpc.RemoteEndpoint handleCancellation
WARNING: Unmatched cancel notification for request id 2
2026.04.01 15:02:22 INFO  no build target found for /Users/dharanisham/Developer/Github-Repositories/Talentra/backend/src/main/java/com/talentra/config/SecurityConfig.java. Using fallback presentation compiler.
2026.04.01 15:02:22 INFO  no build target found for /Users/dharanisham/Developer/Github-Repositories/Talentra/backend/src/main/java/com/talentra/config/SecurityConfig.java. Using fallback presentation compiler.
2026.04.01 15:02:22 INFO  Attempting to connect to the build server...
Apr 01, 2026 3:02:22 PM org.eclipse.lsp4j.jsonrpc.RemoteEndpoint handleCancellation
WARNING: Unmatched cancel notification for request id 9
2026.04.01 15:02:22 INFO  no build target found for /Users/dharanisham/Developer/Github-Repositories/Talentra/backend/src/main/java/com/talentra/config/SecurityConfig.java. Using fallback presentation compiler.
2026.04.01 15:02:22 INFO  No running Bloop server found, starting one.
2026.04.01 15:02:23 INFO  Starting compilation server
2026.04.01 15:02:24 INFO  tracing is disabled for protocol BSP, to enable tracing of incoming and outgoing JSON messages create an empty file at /Users/dharanisham/Developer/Github-Repositories/Talentra/.metals/bsp.trace.json or /Users/dharanisham/Library/Caches/org.scalameta.metals/bsp.trace.json
2026.04.01 15:02:24 INFO  time: Connected to build server in 1.37s
2026.04.01 15:02:24 INFO  Connected to Build server: Bloop v2.0.19
2026.04.01 15:02:29 WARN  Using H2 2.4.240 which is newer than the version Flyway has been verified with. The latest verified version of H2 is 2.3.232.
2026.04.01 15:02:29 INFO  time: indexed workspace in 5.3s
2026.04.01 15:02:29 INFO  compiling talentra-backend (1 java source)
2026.04.01 15:02:29 INFO  time: compiled talentra-backend in 0.99s
2026.04.01 15:06:36 INFO  compiling talentra-backend (45 java sources)
2026.04.01 15:06:37 INFO  time: compiled talentra-backend in 1.47s
2026.04.01 15:08:38 INFO  Started: Metals version 1.6.6 in folders '/Users/dharanisham/Developer/Github-Repositories/Talentra' for client Antigravity 1.107.0.
2026.04.01 15:08:38 INFO  Memory monitor started
2026.04.01 15:08:41 WARN  Using H2 2.4.240 which is newer than the version Flyway has been verified with. The latest verified version of H2 is 2.3.232.
2026.04.01 15:08:41 INFO  no build target found for /Users/dharanisham/Developer/Github-Repositories/Talentra/backend/src/main/java/com/talentra/controller/AdminController.java. Using fallback presentation compiler.
Apr 01, 2026 3:08:42 PM org.eclipse.lsp4j.jsonrpc.RemoteEndpoint handleCancellation
WARNING: Unmatched cancel notification for request id 2
2026.04.01 15:08:41 INFO  no build target found for /Users/dharanisham/Developer/Github-Repositories/Talentra/backend/src/main/java/com/talentra/controller/AdminController.java. Using fallback presentation compiler.
2026.04.01 15:08:42 INFO  no build target found for /Users/dharanisham/Developer/Github-Repositories/Talentra/backend/src/main/java/com/talentra/controller/AdminController.java. Using fallback presentation compiler.
2026.04.01 15:08:42 INFO  Attempting to connect to the build server...
2026.04.01 15:08:42 INFO  No running Bloop server found, starting one.
2026.04.01 15:08:43 INFO  Starting compilation server
2026.04.01 15:08:43 INFO  tracing is disabled for protocol BSP, to enable tracing of incoming and outgoing JSON messages create an empty file at /Users/dharanisham/Developer/Github-Repositories/Talentra/.metals/bsp.trace.json or /Users/dharanisham/Library/Caches/org.scalameta.metals/bsp.trace.json
2026.04.01 15:08:43 INFO  time: Connected to build server in 1.54s
2026.04.01 15:08:43 INFO  Connected to Build server: Bloop v2.0.19
2026.04.01 15:08:48 WARN  Using H2 2.4.240 which is newer than the version Flyway has been verified with. The latest verified version of H2 is 2.3.232.
2026.04.01 15:08:48 INFO  time: indexed workspace in 4.93s
2026.04.01 15:08:49 INFO  compiling talentra-backend (2 java sources)
2026.04.01 15:08:50 INFO  time: compiled talentra-backend in 1.15s
2026.04.01 15:10:06 WARN  Could not load snapshot text for /Users/dharanisham/Developer/Github-Repositories/Talentra/backend/src/main/java/com/talentra/dto/ApplicationResponse.java
2026.04.01 15:12:07 INFO  compiling talentra-backend (2 java sources)
2026.04.01 15:12:07 INFO  time: compiled talentra-backend in 0.81s
2026.04.01 15:12:07 INFO  compiling talentra-backend (1 java source)
2026.04.01 15:12:09 INFO  time: compiled talentra-backend in 0.64s
2026.04.01 15:12:17 INFO  compiling talentra-backend (1 java source)
2026.04.01 15:12:17 INFO  time: compiled talentra-backend in 0.75s
2026.04.01 15:12:17 INFO  compiling talentra-backend (2 java sources)
2026.04.01 15:12:18 INFO  time: compiled talentra-backend in 0.61s
Apr 01, 2026 3:12:30 PM org.eclipse.lsp4j.jsonrpc.services.GenericEndpoint notify
INFO: Unsupported notification method: $/setTrace
2026.04.01 15:12:36 INFO  compiling talentra-backend (1 java source)
2026.04.01 15:12:36 INFO  time: compiled talentra-backend in 0.8s
2026.04.01 15:14:55 INFO  compiling talentra-backend (48 java sources)
2026.04.01 15:14:56 INFO  time: compiled talentra-backend in 1.35s
2026.04.01 15:15:07 INFO  compiling talentra-backend (1 java source)
2026.04.01 15:15:07 INFO  time: compiled talentra-backend in 0.8s
2026.04.01 15:15:07 INFO  compiling talentra-backend (1 java source)
2026.04.01 15:15:09 WARN  javac exited with exit code 1
2026.04.01 15:15:09 INFO  time: compiled talentra-backend in 0.54s
2026.04.01 15:16:49 INFO  compiling talentra-backend (4 java sources)
2026.04.01 15:16:50 INFO  Started: Metals version 1.6.6 in folders '/Users/dharanisham/Developer/Github-Repositories/Talentra' for client Antigravity 1.107.0.
2026.04.01 15:16:50 INFO  Memory monitor started
2026.04.01 15:16:54 WARN  Using H2 2.4.240 which is newer than the version Flyway has been verified with. The latest verified version of H2 is 2.3.232.
Apr 01, 2026 3:16:54 PM org.eclipse.lsp4j.jsonrpc.RemoteEndpoint handleNotification
WARNING: Notification threw an exception: {
  "jsonrpc": "2.0",
  "method": "textDocument/didOpen",
  "params": {
    "textDocument": {
      "uri": "file:///Users/dharanisham/Developer/Github-Repositories/Talentra/backend/src/main/java/com/talentra/dto/BulkActionRequest.java",
      "languageId": "java",
      "version": 1,
      "text": "package com.talentra.dto;\n\nimport lombok.Data;\nimport java.util.List;\n\n@Data\npublic class BulkActionRequest {\n    private List\u003cLong\u003e applicationIds;\n}\n"
    }
  }
}
java.lang.IllegalStateException: An unexpected exception occurred while executing jsonrpc method public abstract java.util.concurrent.CompletableFuture scala.meta.metals.lsp.TextDocumentService.didOpen(org.eclipse.lsp4j.DidOpenTextDocumentParams)
	at org.eclipse.lsp4j.jsonrpc.services.GenericEndpoint.lambda$recursiveFindRpcMethods$0(GenericEndpoint.java:73)
	at org.eclipse.lsp4j.jsonrpc.services.GenericEndpoint.notify(GenericEndpoint.java:160)
	at org.eclipse.lsp4j.jsonrpc.RemoteEndpoint.handleNotification(RemoteEndpoint.java:225)
	at org.eclipse.lsp4j.jsonrpc.RemoteEndpoint.consume(RemoteEndpoint.java:192)
	at org.eclipse.lsp4j.jsonrpc.json.StreamMessageProducer.handleMessage(StreamMessageProducer.java:189)
	at org.eclipse.lsp4j.jsonrpc.json.StreamMessageProducer.listen(StreamMessageProducer.java:97)
	at org.eclipse.lsp4j.jsonrpc.json.ConcurrentMessageProcessor.run(ConcurrentMessageProcessor.java:97)
	at java.base/java.util.concurrent.Executors$RunnableAdapter.call(Executors.java:539)
	at java.base/java.util.concurrent.FutureTask.run(FutureTask.java:264)
	at java.base/java.util.concurrent.ThreadPoolExecutor.runWorker(ThreadPoolExecutor.java:1136)
	at java.base/java.util.concurrent.ThreadPoolExecutor$Worker.run(ThreadPoolExecutor.java:635)
	at java.base/java.lang.Thread.run(Thread.java:840)
Caused by: java.nio.file.NoSuchFileException: /Users/dharanisham/Developer/Github-Repositories/Talentra/backend/src/main/java/com/talentra/dto/BulkActionRequest.java
	at java.base/sun.nio.fs.UnixException.translateToIOException(UnixException.java:92)
	at java.base/sun.nio.fs.UnixException.rethrowAsIOException(UnixException.java:106)
	at java.base/sun.nio.fs.UnixException.rethrowAsIOException(UnixException.java:111)
	at java.base/sun.nio.fs.UnixFileSystemProvider.newByteChannel(UnixFileSystemProvider.java:218)
	at java.base/java.nio.file.Files.newByteChannel(Files.java:380)
	at java.base/java.nio.file.Files.newByteChannel(Files.java:432)
	at java.base/java.nio.file.Files.readAllBytes(Files.java:3288)
	at scala.meta.internal.io.PlatformFileIO$.slurp(PlatformFileIO.scala:38)
	at scala.meta.internal.io.FileIO$.slurp(FileIO.scala:18)
	at scala.meta.internal.metals.MetalsLspService.didOpen(MetalsLspService.scala:760)
	at scala.meta.internal.metals.WorkspaceLspService.didOpen(WorkspaceLspService.scala:476)
	at scala.meta.metals.lsp.DelegatingScalaService.didOpen(DelegatingScalaService.scala:38)
	at java.base/jdk.internal.reflect.NativeMethodAccessorImpl.invoke0(Native Method)
	at java.base/jdk.internal.reflect.NativeMethodAccessorImpl.invoke(NativeMethodAccessorImpl.java:77)
	at java.base/jdk.internal.reflect.DelegatingMethodAccessorImpl.invoke(DelegatingMethodAccessorImpl.java:43)
	at java.base/java.lang.reflect.Method.invoke(Method.java:569)
	at org.eclipse.lsp4j.jsonrpc.services.GenericEndpoint.lambda$recursiveFindRpcMethods$0(GenericEndpoint.java:65)
	... 11 more

Apr 01, 2026 3:16:54 PM org.eclipse.lsp4j.jsonrpc.RemoteEndpoint handleNotification
WARNING: Notification threw an exception: {
  "jsonrpc": "2.0",
  "method": "textDocument/didOpen",
  "params": {
    "textDocument": {
      "uri": "file:///Users/dharanisham/Developer/Github-Repositories/Talentra/backend/src/main/java/com/talentra/dto/BulkInterviewRequest.java",
      "languageId": "java",
      "version": 1,
      "text": "package com.talentra.dto;\n\nimport lombok.Data;\nimport java.util.List;\n\n@Data\npublic class BulkInterviewRequest {\n    private List\u003cInterviewRequest\u003e interviews;\n}\n"
    }
  }
}
java.lang.IllegalStateException: An unexpected exception occurred while executing jsonrpc method public abstract java.util.concurrent.CompletableFuture scala.meta.metals.lsp.TextDocumentService.didOpen(org.eclipse.lsp4j.DidOpenTextDocumentParams)
	at org.eclipse.lsp4j.jsonrpc.services.GenericEndpoint.lambda$recursiveFindRpcMethods$0(GenericEndpoint.java:73)
	at org.eclipse.lsp4j.jsonrpc.services.GenericEndpoint.notify(GenericEndpoint.java:160)
	at org.eclipse.lsp4j.jsonrpc.RemoteEndpoint.handleNotification(RemoteEndpoint.java:225)
	at org.eclipse.lsp4j.jsonrpc.RemoteEndpoint.consume(RemoteEndpoint.java:192)
	at org.eclipse.lsp4j.jsonrpc.json.StreamMessageProducer.handleMessage(StreamMessageProducer.java:189)
	at org.eclipse.lsp4j.jsonrpc.json.StreamMessageProducer.listen(StreamMessageProducer.java:97)
	at org.eclipse.lsp4j.jsonrpc.json.ConcurrentMessageProcessor.run(ConcurrentMessageProcessor.java:97)
	at java.base/java.util.concurrent.Executors$RunnableAdapter.call(Executors.java:539)
	at java.base/java.util.concurrent.FutureTask.run(FutureTask.java:264)
	at java.base/java.util.concurrent.ThreadPoolExecutor.runWorker(ThreadPoolExecutor.java:1136)
	at java.base/java.util.concurrent.ThreadPoolExecutor$Worker.run(ThreadPoolExecutor.java:635)
	at java.base/java.lang.Thread.run(Thread.java:840)
Caused by: java.nio.file.NoSuchFileException: /Users/dharanisham/Developer/Github-Repositories/Talentra/backend/src/main/java/com/talentra/dto/BulkInterviewRequest.java
	at java.base/sun.nio.fs.UnixException.translateToIOException(UnixException.java:92)
	at java.base/sun.nio.fs.UnixException.rethrowAsIOException(UnixException.java:106)
	at java.base/sun.nio.fs.UnixException.rethrowAsIOException(UnixException.java:111)
	at java.base/sun.nio.fs.UnixFileSystemProvider.newByteChannel(UnixFileSystemProvider.java:218)
	at java.base/java.nio.file.Files.newByteChannel(Files.java:380)
	at java.base/java.nio.file.Files.newByteChannel(Files.java:432)
	at java.base/java.nio.file.Files.readAllBytes(Files.java:3288)
	at scala.meta.internal.io.PlatformFileIO$.slurp(PlatformFileIO.scala:38)
	at scala.meta.internal.io.FileIO$.slurp(FileIO.scala:18)
	at scala.meta.internal.metals.MetalsLspService.didOpen(MetalsLspService.scala:760)
	at scala.meta.internal.metals.WorkspaceLspService.didOpen(WorkspaceLspService.scala:476)
	at scala.meta.metals.lsp.DelegatingScalaService.didOpen(DelegatingScalaService.scala:38)
	at java.base/jdk.internal.reflect.NativeMethodAccessorImpl.invoke0(Native Method)
	at java.base/jdk.internal.reflect.NativeMethodAccessorImpl.invoke(NativeMethodAccessorImpl.java:77)
	at java.base/jdk.internal.reflect.DelegatingMethodAccessorImpl.invoke(DelegatingMethodAccessorImpl.java:43)
	at java.base/java.lang.reflect.Method.invoke(Method.java:569)
	at org.eclipse.lsp4j.jsonrpc.services.GenericEndpoint.lambda$recursiveFindRpcMethods$0(GenericEndpoint.java:65)
	... 11 more

2026.04.01 15:16:54 INFO  no build target found for /Users/dharanisham/Developer/Github-Repositories/Talentra/backend/src/main/java/com/talentra/service/ApplicationService.java. Using fallback presentation compiler.
2026.04.01 15:16:54 INFO  Attempting to connect to the build server...
2026.04.01 15:16:54 INFO  No running Bloop server found, starting one.
2026.04.01 15:16:54 INFO  no build target found for /Users/dharanisham/Developer/Github-Repositories/Talentra/backend/src/main/java/com/talentra/service/ApplicationService.java. Using fallback presentation compiler.
Apr 01, 2026 3:16:54 PM org.eclipse.lsp4j.jsonrpc.RemoteEndpoint handleCancellation
WARNING: Unmatched cancel notification for request id 6
Apr 01, 2026 3:16:54 PM org.eclipse.lsp4j.jsonrpc.RemoteEndpoint handleCancellation
WARNING: Unmatched cancel notification for request id 1
2026.04.01 15:16:54 INFO  no build target found for /Users/dharanisham/Developer/Github-Repositories/Talentra/backend/src/main/java/com/talentra/service/ApplicationService.java. Using fallback presentation compiler.
2026.04.01 15:16:54 INFO  no build target found for /Users/dharanisham/Developer/Github-Repositories/Talentra/backend/src/main/java/com/talentra/service/ApplicationService.java. Using fallback presentation compiler.
2026.04.01 15:16:55 INFO  Starting compilation server
2026.04.01 15:16:55 INFO  tracing is disabled for protocol BSP, to enable tracing of incoming and outgoing JSON messages create an empty file at /Users/dharanisham/Developer/Github-Repositories/Talentra/.metals/bsp.trace.json or /Users/dharanisham/Library/Caches/org.scalameta.metals/bsp.trace.json
2026.04.01 15:16:55 INFO  time: Connected to build server in 1.53s
2026.04.01 15:16:55 INFO  Connected to Build server: Bloop v2.0.19
2026.04.01 15:17:00 WARN  Using H2 2.4.240 which is newer than the version Flyway has been verified with. The latest verified version of H2 is 2.3.232.
2026.04.01 15:17:00 INFO  time: indexed workspace in 5.01s
2026.04.01 15:17:01 INFO  compiling talentra-backend (4 java sources)
2026.04.01 15:17:01 WARN  javac exited with exit code 1
2026.04.01 15:17:01 INFO  time: compiled talentra-backend in 0.79s
2026.04.01 15:17:02 WARN  Could not load snapshot text for /Users/dharanisham/Developer/Github-Repositories/Talentra/backend/src/main/java/com/talentra/service/ApplicationService.java
2026.04.01 15:17:06 INFO  compiling talentra-backend (5 java sources)
2026.04.01 15:17:06 WARN  javac exited with exit code 1
2026.04.01 15:17:06 INFO  time: compiled talentra-backend in 0.53s
2026.04.01 15:17:07 WARN  Could not load snapshot text for /Users/dharanisham/Developer/Github-Repositories/Talentra/backend/src/main/java/com/talentra/service/ApplicationService.java
2026.04.01 15:17:11 INFO  compiling talentra-backend (6 java sources)
2026.04.01 15:17:11 INFO  time: compiled talentra-backend in 0.83s
2026.04.01 15:17:11 INFO  compiling talentra-backend (6 java sources)
2026.04.01 15:17:13 INFO  time: compiled talentra-backend in 0.83s
2026.04.01 15:17:18 INFO  Started: Metals version 1.6.6 in folders '/Users/dharanisham/Developer/Github-Repositories/Talentra' for client Antigravity 1.107.0.
2026.04.01 15:17:18 INFO  Memory monitor started
2026.04.01 15:17:22 WARN  Using H2 2.4.240 which is newer than the version Flyway has been verified with. The latest verified version of H2 is 2.3.232.
2026.04.01 15:17:22 INFO  no build target found for /Users/dharanisham/Developer/Github-Repositories/Talentra/backend/src/main/java/com/talentra/dto/BulkInterviewRequest.java. Using fallback presentation compiler.
Apr 01, 2026 3:17:22 PM org.eclipse.lsp4j.jsonrpc.RemoteEndpoint handleCancellation
WARNING: Unmatched cancel notification for request id 2
2026.04.01 15:17:22 INFO  no build target found for /Users/dharanisham/Developer/Github-Repositories/Talentra/backend/src/main/java/com/talentra/dto/BulkInterviewRequest.java. Using fallback presentation compiler.
2026.04.01 15:17:22 INFO  no build target found for /Users/dharanisham/Developer/Github-Repositories/Talentra/backend/src/main/java/com/talentra/dto/BulkInterviewRequest.java. Using fallback presentation compiler.
2026.04.01 15:17:22 INFO  Attempting to connect to the build server...
2026.04.01 15:17:22 INFO  No running Bloop server found, starting one.
2026.04.01 15:17:23 INFO  Starting compilation server
2026.04.01 15:17:24 INFO  tracing is disabled for protocol BSP, to enable tracing of incoming and outgoing JSON messages create an empty file at /Users/dharanisham/Developer/Github-Repositories/Talentra/.metals/bsp.trace.json or /Users/dharanisham/Library/Caches/org.scalameta.metals/bsp.trace.json
2026.04.01 15:17:24 INFO  time: Connected to build server in 1.64s
2026.04.01 15:17:24 INFO  Connected to Build server: Bloop v2.0.19
2026.04.01 15:17:28 WARN  Using H2 2.4.240 which is newer than the version Flyway has been verified with. The latest verified version of H2 is 2.3.232.
2026.04.01 15:17:28 INFO  time: indexed workspace in 4.92s
2026.04.01 15:17:47 INFO  compiling talentra-backend (2 java sources)
2026.04.01 15:17:48 INFO  time: compiled talentra-backend in 1.48s
2026.04.01 15:20:46 INFO  compiling talentra-backend (49 java sources)
2026.04.01 15:20:47 INFO  time: compiled talentra-backend in 1.6s
2026.04.01 15:20:47 INFO  compiling talentra-backend (1 java source)
2026.04.01 15:20:47 INFO  time: compiled talentra-backend in 0.79s
2026.04.01 15:26:16 INFO  compiling talentra-backend (1 java source)
2026.04.01 15:26:16 INFO  time: compiled talentra-backend in 0.67s
2026.04.01 15:26:16 INFO  compiling talentra-backend (4 java sources)
2026.04.01 15:26:18 INFO  time: compiled talentra-backend in 0.77s
2026.04.01 15:26:28 INFO  compiling talentra-backend (1 java source)
2026.04.01 15:26:28 WARN  javac exited with exit code 1
2026.04.01 15:26:28 INFO  time: compiled talentra-backend in 0.46s
2026.04.01 15:27:49 INFO  compiling talentra-backend (2 java sources)
2026.04.01 15:27:49 WARN  javac exited with exit code 1
2026.04.01 15:27:49 INFO  time: compiled talentra-backend in 0.63s
2026.04.01 15:27:51 WARN  Could not load snapshot text for /Users/dharanisham/Developer/Github-Repositories/Talentra/backend/src/main/java/com/talentra/service/InterviewService.java
2026.04.01 15:28:30 INFO  compiling talentra-backend (3 java sources)
2026.04.01 15:28:30 WARN  javac exited with exit code 1
2026.04.01 15:28:30 INFO  time: compiled talentra-backend in 0.69s
2026.04.01 15:29:34 INFO  Started: Metals version 1.6.6 in folders '/Users/dharanisham/Developer/Github-Repositories/Talentra' for client Antigravity 1.107.0.
2026.04.01 15:29:34 INFO  Memory monitor started
2026.04.01 15:29:38 WARN  Using H2 2.4.240 which is newer than the version Flyway has been verified with. The latest verified version of H2 is 2.3.232.
2026.04.01 15:29:38 INFO  no build target found for /Users/dharanisham/Developer/Github-Repositories/Talentra/backend/src/main/java/com/talentra/config/DataSeeder.java. Using fallback presentation compiler.
Apr 01, 2026 3:29:38 PM org.eclipse.lsp4j.jsonrpc.RemoteEndpoint handleCancellation
WARNING: Unmatched cancel notification for request id 2
2026.04.01 15:29:38 INFO  no build target found for /Users/dharanisham/Developer/Github-Repositories/Talentra/backend/src/main/java/com/talentra/config/DataSeeder.java. Using fallback presentation compiler.
2026.04.01 15:29:38 INFO  no build target found for /Users/dharanisham/Developer/Github-Repositories/Talentra/backend/src/main/java/com/talentra/config/DataSeeder.java. Using fallback presentation compiler.
2026.04.01 15:29:38 INFO  Attempting to connect to the build server...
2026.04.01 15:29:38 INFO  No running Bloop server found, starting one.
2026.04.01 15:29:39 INFO  Starting compilation server
2026.04.01 15:29:39 INFO  tracing is disabled for protocol BSP, to enable tracing of incoming and outgoing JSON messages create an empty file at /Users/dharanisham/Developer/Github-Repositories/Talentra/.metals/bsp.trace.json or /Users/dharanisham/Library/Caches/org.scalameta.metals/bsp.trace.json
2026.04.01 15:29:39 INFO  time: Connected to build server in 1.29s
2026.04.01 15:29:39 INFO  Connected to Build server: Bloop v2.0.19
2026.04.01 15:29:44 WARN  Using H2 2.4.240 which is newer than the version Flyway has been verified with. The latest verified version of H2 is 2.3.232.
2026.04.01 15:29:44 INFO  time: indexed workspace in 4.97s
2026.04.01 15:29:45 INFO  compiling talentra-backend (49 java sources)
2026.04.01 15:29:46 INFO  time: compiled talentra-backend in 1.84s
2026.04.01 15:32:24 INFO  compiling talentra-backend (2 java sources)
2026.04.01 15:32:24 WARN  javac exited with exit code 1
2026.04.01 15:32:24 INFO  time: compiled talentra-backend in 0.62s
2026.04.01 15:33:22 INFO  Started: Metals version 1.6.6 in folders '/Users/dharanisham/Developer/Github-Repositories/Talentra' for client Antigravity 1.107.0.
2026.04.01 15:33:22 INFO  Memory monitor started
2026.04.01 15:33:26 WARN  Using H2 2.4.240 which is newer than the version Flyway has been verified with. The latest verified version of H2 is 2.3.232.
2026.04.01 15:33:26 INFO  Attempting to connect to the build server...
2026.04.01 15:33:26 INFO  No running Bloop server found, starting one.
2026.04.01 15:33:27 INFO  Starting compilation server
2026.04.01 15:33:27 INFO  tracing is disabled for protocol BSP, to enable tracing of incoming and outgoing JSON messages create an empty file at /Users/dharanisham/Developer/Github-Repositories/Talentra/.metals/bsp.trace.json or /Users/dharanisham/Library/Caches/org.scalameta.metals/bsp.trace.json
2026.04.01 15:33:27 INFO  time: Connected to build server in 1.2s
2026.04.01 15:33:27 INFO  Connected to Build server: Bloop v2.0.19
2026.04.01 15:33:32 WARN  Using H2 2.4.240 which is newer than the version Flyway has been verified with. The latest verified version of H2 is 2.3.232.
2026.04.01 15:33:32 INFO  time: indexed workspace in 4.99s
2026.04.01 15:33:33 INFO  compiling talentra-backend (49 java sources)
2026.04.01 15:33:35 INFO  time: compiled talentra-backend in 1.85s
2026.04.01 15:40:24 INFO  compiling talentra-backend (49 java sources)
2026.04.01 15:40:26 WARN  javac exited with exit code 1
2026.04.01 15:40:26 INFO  time: compiled talentra-backend in 2.07s
2026.04.01 15:41:39 INFO  compiling talentra-backend (49 java sources)
2026.04.01 15:41:40 INFO  time: compiled talentra-backend in 1.69s
2026.04.01 15:41:45 INFO  compiling talentra-backend (1 java source)
2026.04.01 15:41:45 INFO  time: compiled talentra-backend in 0.69s
2026.04.01 15:42:22 INFO  compiling talentra-backend (2 java sources)
2026.04.01 15:42:22 INFO  time: compiled talentra-backend in 0.95s
2026.04.01 15:43:29 INFO  Started: Metals version 1.6.6 in folders '/Users/dharanisham/Developer/Github-Repositories/Talentra' for client Antigravity 1.107.0.
2026.04.01 15:43:29 INFO  Memory monitor started
2026.04.01 15:43:33 WARN  Using H2 2.4.240 which is newer than the version Flyway has been verified with. The latest verified version of H2 is 2.3.232.
2026.04.01 15:43:33 INFO  no build target found for /Users/dharanisham/Developer/Github-Repositories/Talentra/backend/src/main/java/com/talentra/controller/JobController.java. Using fallback presentation compiler.
2026.04.01 15:43:33 INFO  no build target found for /Users/dharanisham/Developer/Github-Repositories/Talentra/backend/src/main/java/com/talentra/controller/RecruiterController.java. Using fallback presentation compiler.
Apr 01, 2026 3:43:33 PM org.eclipse.lsp4j.jsonrpc.RemoteEndpoint handleCancellation
WARNING: Unmatched cancel notification for request id 2
2026.04.01 15:43:33 INFO  no build target found for /Users/dharanisham/Developer/Github-Repositories/Talentra/backend/src/main/java/com/talentra/controller/JobController.java. Using fallback presentation compiler.
2026.04.01 15:43:33 INFO  no build target found for /Users/dharanisham/Developer/Github-Repositories/Talentra/backend/src/main/java/com/talentra/controller/JobController.java. Using fallback presentation compiler.
2026.04.01 15:43:33 INFO  Attempting to connect to the build server...
2026.04.01 15:43:33 INFO  No running Bloop server found, starting one.
2026.04.01 15:43:34 INFO  Starting compilation server
2026.04.01 15:43:34 INFO  tracing is disabled for protocol BSP, to enable tracing of incoming and outgoing JSON messages create an empty file at /Users/dharanisham/Developer/Github-Repositories/Talentra/.metals/bsp.trace.json or /Users/dharanisham/Library/Caches/org.scalameta.metals/bsp.trace.json
2026.04.01 15:43:34 INFO  time: Connected to build server in 1.17s
2026.04.01 15:43:34 INFO  Connected to Build server: Bloop v2.0.19
2026.04.01 15:43:39 WARN  Using H2 2.4.240 which is newer than the version Flyway has been verified with. The latest verified version of H2 is 2.3.232.
2026.04.01 15:43:39 INFO  time: indexed workspace in 5.04s
2026.04.01 15:43:40 INFO  compiling talentra-backend (49 java sources)
2026.04.01 15:43:42 INFO  time: compiled talentra-backend in 1.84s
2026.04.01 15:43:51 INFO  compiling talentra-backend (1 java source)
2026.04.01 15:43:51 INFO  time: compiled talentra-backend in 0.64s
2026.04.01 15:43:51 INFO  compiling talentra-backend (10 java sources)
2026.04.01 15:43:52 INFO  time: compiled talentra-backend in 0.88s
2026.04.01 15:43:59 INFO  compiling talentra-backend (1 java source)
2026.04.01 15:43:59 INFO  time: compiled talentra-backend in 0.57s
2026.04.01 15:44:07 INFO  compiling talentra-backend (1 java source)
2026.04.01 15:44:07 INFO  time: compiled talentra-backend in 0.61s
2026.04.01 15:46:26 INFO  Created report: Optional[file:///Users/dharanisham/Developer/Github-Repositories/Talentra/backend/src/main/java/com/talentra/controller/JobController.java]
2026.04.01 15:46:26 INFO  empty definition using pc, found symbol in pc:  (full report at: "/Users/dharanisham/Developer/Github-Repositories/Talentra/.metals/.reports/metals-full/2026-04-01/r_empty-definition_(talentra-backend)_15-46-26-645.md")
2026.04.01 15:47:57 INFO  compiling talentra-backend (1 java source)
2026.04.01 15:47:57 INFO  time: compiled talentra-backend in 0.74s
2026.04.03 13:19:16 INFO  Started: Metals version 1.6.6 in folders '/Users/dharanisham/Developer/Github-Repositories/Talentra' for client Visual Studio Code 1.114.0.
2026.04.03 13:19:16 INFO  Memory monitor started
2026.04.03 13:19:20 WARN  Using H2 2.4.240 which is newer than the version Flyway has been verified with. The latest verified version of H2 is 2.3.232.
2026.04.03 13:19:20 INFO  no build target found for /Users/dharanisham/Developer/Github-Repositories/Talentra/backend/src/main/java/com/talentra/controller/AdminController.java. Using fallback presentation compiler.
Apr 03, 2026 1:19:21 PM org.eclipse.lsp4j.jsonrpc.RemoteEndpoint handleCancellation
WARNING: Unmatched cancel notification for request id 2
2026.04.03 13:19:20 INFO  no build target found for /Users/dharanisham/Developer/Github-Repositories/Talentra/backend/src/main/java/com/talentra/controller/AdminController.java. Using fallback presentation compiler.
2026.04.03 13:19:21 INFO  Attempting to connect to the build server...
2026.04.03 13:19:21 INFO  Found a Bloop server running
Apr 03, 2026 1:19:21 PM org.eclipse.lsp4j.jsonrpc.RemoteEndpoint handleCancellation
WARNING: Unmatched cancel notification for request id 4
Apr 03, 2026 1:19:21 PM org.eclipse.lsp4j.jsonrpc.RemoteEndpoint handleCancellation
WARNING: Unmatched cancel notification for request id 6
Apr 03, 2026 1:19:21 PM org.eclipse.lsp4j.jsonrpc.RemoteEndpoint handleCancellation
WARNING: Unmatched cancel notification for request id 7
2026.04.03 13:19:20 INFO  no build target found for /Users/dharanisham/Developer/Github-Repositories/Talentra/backend/src/main/java/com/talentra/controller/AuthController.java. Using fallback presentation compiler.
Apr 03, 2026 1:19:21 PM org.eclipse.lsp4j.jsonrpc.RemoteEndpoint handleCancellation
WARNING: Unmatched cancel notification for request id 8
2026.04.03 13:19:21 INFO  no build target found for /Users/dharanisham/Developer/Github-Repositories/Talentra/backend/src/main/java/com/talentra/controller/AuthController.java. Using fallback presentation compiler.
2026.04.03 13:19:20 INFO  no build target found for /Users/dharanisham/Developer/Github-Repositories/Talentra/backend/src/main/java/com/talentra/controller/AuthController.java. Using fallback presentation compiler.
2026.04.03 13:19:20 INFO  no build target found for /Users/dharanisham/Developer/Github-Repositories/Talentra/backend/src/main/java/com/talentra/controller/AuthController.java. Using fallback presentation compiler.
2026.04.03 13:19:21 INFO  tracing is disabled for protocol BSP, to enable tracing of incoming and outgoing JSON messages create an empty file at /Users/dharanisham/Developer/Github-Repositories/Talentra/.metals/bsp.trace.json or /Users/dharanisham/Library/Caches/org.scalameta.metals/bsp.trace.json
Apr 03, 2026 1:19:21 PM org.eclipse.lsp4j.jsonrpc.RemoteEndpoint handleCancellation
WARNING: Unmatched cancel notification for request id 12
Apr 03, 2026 1:19:21 PM org.eclipse.lsp4j.jsonrpc.RemoteEndpoint handleCancellation
WARNING: Unmatched cancel notification for request id 13
Apr 03, 2026 1:19:21 PM org.eclipse.lsp4j.jsonrpc.RemoteEndpoint handleCancellation
WARNING: Unmatched cancel notification for request id 11
2026.04.03 13:19:20 INFO  no build target found for /Users/dharanisham/Developer/Github-Repositories/Talentra/backend/src/main/java/com/talentra/controller/JobController.java. Using fallback presentation compiler.
2026.04.03 13:19:21 INFO  no build target found for /Users/dharanisham/Developer/Github-Repositories/Talentra/backend/src/main/java/com/talentra/controller/JobController.java. Using fallback presentation compiler.
Apr 03, 2026 1:19:21 PM org.eclipse.lsp4j.jsonrpc.RemoteEndpoint handleCancellation
WARNING: Unmatched cancel notification for request id 17
2026.04.03 13:19:20 INFO  no build target found for /Users/dharanisham/Developer/Github-Repositories/Talentra/backend/src/main/java/com/talentra/controller/JobController.java. Using fallback presentation compiler.
2026.04.03 13:19:21 INFO  time: Connected to build server in 0.23s
2026.04.03 13:19:21 INFO  Connected to Build server: Bloop v2.0.19
Apr 03, 2026 1:19:21 PM org.eclipse.lsp4j.jsonrpc.RemoteEndpoint handleCancellation
WARNING: Unmatched cancel notification for request id 21
2026.04.03 13:19:20 INFO  no build target found for /Users/dharanisham/Developer/Github-Repositories/Talentra/backend/src/main/java/com/talentra/controller/JobController.java. Using fallback presentation compiler.
Apr 03, 2026 1:19:21 PM org.eclipse.lsp4j.jsonrpc.RemoteEndpoint handleCancellation
WARNING: Unmatched cancel notification for request id 25
2026.04.03 13:19:21 INFO  no build target found for /Users/dharanisham/Developer/Github-Repositories/Talentra/backend/src/main/java/com/talentra/controller/JobController.java. Using fallback presentation compiler.
Apr 03, 2026 1:19:21 PM org.eclipse.lsp4j.jsonrpc.RemoteEndpoint handleCancellation
WARNING: Unmatched cancel notification for request id 20
Apr 03, 2026 1:19:21 PM org.eclipse.lsp4j.jsonrpc.RemoteEndpoint handleCancellation
WARNING: Unmatched cancel notification for request id 22
2026.04.03 13:19:21 INFO  no build target found for /Users/dharanisham/Developer/Github-Repositories/Talentra/backend/src/main/java/com/talentra/controller/StudentController.java. Using fallback presentation compiler.
2026.04.03 13:19:21 INFO  time: Imported build in 0.18s
2026.04.03 13:19:21 INFO  no build target found for /Users/dharanisham/Developer/Github-Repositories/Talentra/backend/src/main/java/com/talentra/controller/StudentController.java. Using fallback presentation compiler.
2026.04.03 13:19:21 INFO  no build target found for /Users/dharanisham/Developer/Github-Repositories/Talentra/backend/src/main/java/com/talentra/controller/StudentController.java. Using fallback presentation compiler.
Apr 03, 2026 1:19:21 PM org.eclipse.lsp4j.jsonrpc.RemoteEndpoint handleCancellation
WARNING: Unmatched cancel notification for request id 28
Apr 03, 2026 1:19:21 PM org.eclipse.lsp4j.jsonrpc.RemoteEndpoint handleCancellation
WARNING: Unmatched cancel notification for request id 32
2026.04.03 13:19:24 WARN  Using H2 2.4.240 which is newer than the version Flyway has been verified with. The latest verified version of H2 is 2.3.232.
2026.04.03 13:19:24 INFO  time: indexed workspace in 3.08s
2026.04.03 13:19:24 INFO  compiling talentra-backend (49 java sources)
2026.04.03 13:19:26 INFO  time: compiled talentra-backend in 1.81s
2026.04.03 16:24:11 INFO  Shutting down server
2026.04.03 16:24:11 INFO  Memory monitor stopped
2026.04.03 16:24:11 INFO  shutting down Metals
2026.04.03 16:24:11 INFO  Shut down connection with build server.
2026.04.03 16:24:11 INFO  Exiting server
2026.04.03 16:41:44 INFO  Started: Metals version 1.6.6 in folders '/Users/dharanisham/Developer/Github-Repositories/Talentra' for client Visual Studio Code 1.114.0.
2026.04.03 18:08:26 INFO  Started: Metals version 1.6.6 in folders '/Users/dharanisham/Developer/Github-Repositories/Talentra' for client Visual Studio Code 1.114.0.
2026.04.03 18:08:26 INFO  Memory monitor started
2026.04.03 18:08:26 WARN  Using H2 2.4.240 which is newer than the version Flyway has been verified with. The latest verified version of H2 is 2.3.232.
2026.04.03 18:08:26 INFO  no build target found for /Users/dharanisham/Developer/Github-Repositories/Talentra/backend/src/main/java/com/talentra/controller/StudentController.java. Using fallback presentation compiler.
Apr 03, 2026 6:08:27 PM org.eclipse.lsp4j.jsonrpc.RemoteEndpoint handleCancellation
WARNING: Unmatched cancel notification for request id 2
2026.04.03 18:08:27 INFO  no build target found for /Users/dharanisham/Developer/Github-Repositories/Talentra/backend/src/main/java/com/talentra/controller/StudentController.java. Using fallback presentation compiler.
2026.04.03 18:08:27 INFO  Attempting to connect to the build server...
2026.04.03 18:08:27 INFO  Found a Bloop server running
2026.04.03 18:08:27 INFO  tracing is disabled for protocol BSP, to enable tracing of incoming and outgoing JSON messages create an empty file at /Users/dharanisham/Developer/Github-Repositories/Talentra/.metals/bsp.trace.json or /Users/dharanisham/Library/Caches/org.scalameta.metals/bsp.trace.json
2026.04.03 18:08:27 INFO  time: Connected to build server in 0.2s
2026.04.03 18:08:27 INFO  Connected to Build server: Bloop v2.0.19
Apr 03, 2026 6:08:28 PM org.eclipse.lsp4j.jsonrpc.RemoteEndpoint handleCancellation
WARNING: Unmatched cancel notification for request id 8
Apr 03, 2026 6:08:28 PM org.eclipse.lsp4j.jsonrpc.RemoteEndpoint handleCancellation
WARNING: Unmatched cancel notification for request id 5
Apr 03, 2026 6:08:28 PM org.eclipse.lsp4j.jsonrpc.RemoteEndpoint handleCancellation
WARNING: Unmatched cancel notification for request id 16
Apr 03, 2026 6:08:28 PM org.eclipse.lsp4j.jsonrpc.RemoteEndpoint handleCancellation
WARNING: Unmatched cancel notification for request id 18
2026.04.03 18:08:31 WARN  Using H2 2.4.240 which is newer than the version Flyway has been verified with. The latest verified version of H2 is 2.3.232.
2026.04.03 18:08:31 INFO  time: indexed workspace in 4.22s
2026.04.03 18:16:39 INFO  Shutting down server
2026.04.03 18:16:39 INFO  Memory monitor stopped
2026.04.03 18:16:39 INFO  shutting down Metals
2026.04.03 18:16:39 INFO  Shut down connection with build server.
2026.04.03 18:16:39 INFO  Exiting server
2026.04.06 10:26:26 INFO  Started: Metals version 1.6.6 in folders '/Users/dharanisham/Developer/Github-Repositories/Talentra' for client Antigravity 1.107.0.
2026.04.06 10:26:26 INFO  Memory monitor started
2026.04.06 10:26:26 WARN  Using H2 2.4.240 which is newer than the version Flyway has been verified with. The latest verified version of H2 is 2.3.232.
2026.04.06 10:26:26 INFO  no build target found for /Users/dharanisham/Developer/Github-Repositories/Talentra/backend/src/main/java/com/talentra/config/DataSeeder.java. Using fallback presentation compiler.
2026.04.06 10:26:27 INFO  no build target found for /Users/dharanisham/Developer/Github-Repositories/Talentra/backend/src/main/java/com/talentra/config/DataSeeder.java. Using fallback presentation compiler.
2026.04.06 10:26:27 INFO  Attempting to connect to the build server...
2026.04.06 10:26:27 INFO  Found a Bloop server running
2026.04.06 10:26:27 INFO  tracing is disabled for protocol BSP, to enable tracing of incoming and outgoing JSON messages create an empty file at /Users/dharanisham/Developer/Github-Repositories/Talentra/.metals/bsp.trace.json or /Users/dharanisham/Library/Caches/org.scalameta.metals/bsp.trace.json
2026.04.06 10:26:27 INFO  time: Connected to build server in 0.16s
2026.04.06 10:26:27 INFO  Connected to Build server: Bloop v2.0.19
2026.04.06 10:26:27 INFO  no build target found for /Users/dharanisham/Developer/Github-Repositories/Talentra/backend/src/main/java/com/talentra/config/DataSeeder.java. Using fallback presentation compiler.
2026.04.06 10:26:27 INFO  time: Imported build in 0.1s
2026.04.06 10:26:29 WARN  Using H2 2.4.240 which is newer than the version Flyway has been verified with. The latest verified version of H2 is 2.3.232.
2026.04.06 10:26:29 INFO  time: indexed workspace in 1.94s
2026.04.06 10:31:47 INFO  compiling talentra-backend (1 java source)
2026.04.06 10:31:47 WARN  javac exited with exit code 1
2026.04.06 10:31:47 INFO  time: compiled talentra-backend in 0.79s
2026.04.06 10:31:57 INFO  compiling talentra-backend (2 java sources)
2026.04.06 10:31:57 INFO  time: compiled talentra-backend in 0.85s
2026.04.06 10:31:57 INFO  compiling talentra-backend (8 java sources)
2026.04.06 10:31:59 INFO  time: compiled talentra-backend in 0.94s
2026.04.06 10:32:20 INFO  compiling talentra-backend (1 java source)
2026.04.06 10:32:20 INFO  compiling talentra-backend-test (1 java source)
2026.04.06 10:32:20 INFO  time: compiled talentra-backend in 0.84s
2026.04.06 10:32:21 INFO  time: compiled talentra-backend-test in 0.63s
2026.04.06 12:44:19 INFO  compiling talentra-backend (2 java sources)
2026.04.06 12:44:19 INFO  time: compiled talentra-backend in 0.91s
2026.04.06 12:44:28 INFO  compiling talentra-backend (1 java source)
2026.04.06 12:44:28 INFO  time: compiled talentra-backend in 0.72s
2026.04.06 12:44:38 INFO  compiling talentra-backend (1 java source)
2026.04.06 12:44:38 INFO  time: compiled talentra-backend in 0.64s
2026.04.06 12:44:58 INFO  compiling talentra-backend (1 java source)
2026.04.06 12:44:58 INFO  time: compiled talentra-backend in 0.66s
2026.04.06 12:44:58 INFO  compiling talentra-backend (1 java source)
2026.04.06 12:44:59 WARN  javac exited with exit code 1
2026.04.06 12:44:59 INFO  time: compiled talentra-backend in 0.57s
2026.04.06 12:45:09 INFO  compiling talentra-backend (2 java sources)
2026.04.06 12:45:09 INFO  time: compiled talentra-backend in 0.83s
2026.04.06 12:49:50 INFO  compiling talentra-backend (1 java source)
2026.04.06 12:49:50 WARN  Could not load snapshot text for /Users/dharanisham/Developer/Github-Repositories/Talentra/backend/src/main/java/com/talentra/config/DataSeeder.java
2026.04.06 12:49:50 INFO  time: compiled talentra-backend in 0.76s
2026.04.06 12:52:07 INFO  compiling talentra-backend (2 java sources)
2026.04.06 12:52:07 INFO  time: compiled talentra-backend in 0.67s
2026.04.06 12:52:34 INFO  compiling talentra-backend (1 java source)
2026.04.06 12:52:34 INFO  time: compiled talentra-backend in 0.76s
2026.04.06 12:59:48 INFO  compiling talentra-backend (3 java sources)
2026.04.06 12:59:48 INFO  time: compiled talentra-backend in 0.85s
2026.04.06 12:59:48 INFO  compiling talentra-backend (9 java sources)
2026.04.06 12:59:50 INFO  time: compiled talentra-backend in 1.08s
2026.04.06 13:00:02 INFO  compiling talentra-backend (1 java source)
2026.04.06 13:00:02 INFO  time: compiled talentra-backend in 0.72s
2026.04.06 19:14:04 INFO  compiling talentra-backend (2 java sources)
2026.04.06 19:14:04 INFO  time: compiled talentra-backend in 0.91s
2026.04.06 19:14:17 INFO  compiling talentra-backend (1 java source)
2026.04.06 19:14:17 INFO  time: compiled talentra-backend in 0.62s
2026.04.06 21:12:11 INFO  compiling talentra-backend (51 java sources)
2026.04.06 21:12:12 INFO  time: compiled talentra-backend in 1.58s
2026.04.07 08:49:00 INFO  compiling talentra-backend (2 java sources)
Apr 07, 2026 8:49:02 AM org.eclipse.lsp4j.jsonrpc.RemoteEndpoint handleCancellation
WARNING: Unmatched cancel notification for request id 173
2026.04.07 08:49:02 INFO  time: compiled talentra-backend in 1.26s
2026.04.07 08:49:02 INFO  compiling talentra-backend (2 java sources)
2026.04.07 08:49:02 INFO  compiling talentra-backend-test (1 java source)
2026.04.07 08:49:02 INFO  time: compiled talentra-backend in 0.88s
2026.04.07 08:49:03 INFO  time: compiled talentra-backend-test in 0.68s
Apr 07, 2026 8:51:20 AM org.eclipse.lsp4j.jsonrpc.RemoteEndpoint handleCancellation
WARNING: Unmatched cancel notification for request id 205
Apr 07, 2026 8:53:29 AM org.eclipse.lsp4j.jsonrpc.RemoteEndpoint handleCancellation
WARNING: Unmatched cancel notification for request id 225
Apr 07, 2026 8:54:25 AM org.eclipse.lsp4j.jsonrpc.RemoteEndpoint handleCancellation
WARNING: Unmatched cancel notification for request id 275
Apr 07, 2026 9:01:16 AM org.eclipse.lsp4j.jsonrpc.RemoteEndpoint handleCancellation
WARNING: Unmatched cancel notification for request id 319
2026.04.07 09:20:02 INFO  compiling talentra-backend (1 java source)
2026.04.07 09:20:02 INFO  time: compiled talentra-backend in 0.9s
2026.04.07 09:31:02 INFO  compiling talentra-backend (1 java source)
2026.04.07 09:31:02 INFO  time: compiled talentra-backend in 0.72s
2026.04.07 09:31:02 INFO  compiling talentra-backend (8 java sources)
2026.04.07 09:31:04 WARN  javac exited with exit code 1
2026.04.07 09:31:04 INFO  time: compiled talentra-backend in 0.8s
2026.04.07 09:31:16 INFO  compiling talentra-backend (2 java sources)
2026.04.07 09:31:16 INFO  time: compiled talentra-backend in 0.7s
2026.04.07 09:31:16 INFO  compiling talentra-backend (9 java sources)
2026.04.07 09:31:18 WARN  javac exited with exit code 1
2026.04.07 09:31:18 INFO  time: compiled talentra-backend in 0.86s
2026.04.07 09:31:18 INFO  compiling talentra-backend (3 java sources)
2026.04.07 09:31:18 INFO  time: compiled talentra-backend in 0.75s
2026.04.07 09:31:18 INFO  compiling talentra-backend (9 java sources)
2026.04.07 09:31:19 WARN  javac exited with exit code 1
2026.04.07 09:31:19 INFO  time: compiled talentra-backend in 0.91s
2026.04.07 09:31:22 INFO  compiling talentra-backend (5 java sources)
2026.04.07 09:31:22 INFO  time: compiled talentra-backend in 0.81s
2026.04.07 09:31:22 INFO  compiling talentra-backend (9 java sources)
2026.04.07 09:31:23 INFO  time: compiled talentra-backend in 0.89s
2026.04.07 09:31:30 INFO  compiling talentra-backend (1 java source)
2026.04.07 09:31:30 INFO  time: compiled talentra-backend in 0.68s
2026.04.07 09:35:17 INFO  compiling talentra-backend (51 java sources)
2026.04.07 09:35:18 INFO  time: compiled talentra-backend in 1.44s
2026.04.07 09:35:28 INFO  compiling talentra-backend (1 java source)
2026.04.07 09:35:28 INFO  time: compiled talentra-backend in 0.85s
2026.04.07 09:41:24 INFO  compiling talentra-backend (2 java sources)
2026.04.07 09:41:24 INFO  time: compiled talentra-backend in 0.8s
2026.04.07 09:41:24 INFO  compiling talentra-backend (3 java sources)
2026.04.07 09:41:26 INFO  time: compiled talentra-backend in 0.77s
2026.04.07 09:51:14 INFO  compiling talentra-backend (51 java sources)
2026.04.07 09:51:16 INFO  time: compiled talentra-backend in 1.45s
2026.04.07 09:51:22 INFO  compiling talentra-backend (1 java source)
2026.04.07 09:51:22 INFO  time: compiled talentra-backend in 0.74s
2026.04.07 10:43:20 INFO  compiling talentra-backend (51 java sources)
2026.04.07 10:43:22 INFO  time: compiled talentra-backend in 1.62s
2026.04.07 11:01:16 INFO  compiling talentra-backend (52 java sources)
2026.04.07 11:01:18 INFO  time: compiled talentra-backend in 1.53s
2026.04.07 11:01:26 INFO  compiling talentra-backend (1 java source)
2026.04.07 11:01:26 INFO  time: compiled talentra-backend in 0.64s
2026.04.07 11:01:40 INFO  compiling talentra-backend (1 java source)
2026.04.07 11:01:40 WARN  javac exited with exit code 1
2026.04.07 11:01:40 INFO  time: compiled talentra-backend in 0.73s
2026.04.07 11:08:18 INFO  file:///Users/dharanisham/Developer/Github-Repositories/Talentra/backend/src/main/java/com/talentra/controller/RecruiterController.java:39:34: stale bloop error:  error: cannot find symbol
        return ResponseEntity.ok(ApiResponse.success(data));
                                 ^
2026.04.07 11:08:18 INFO  file:///Users/dharanisham/Developer/Github-Repositories/Talentra/backend/src/main/java/com/talentra/controller/RecruiterController.java:50:34: stale bloop error:  error: cannot find symbol
        return ResponseEntity.ok(ApiResponse.success(data));
                                 ^
2026.04.07 11:08:18 INFO  file:///Users/dharanisham/Developer/Github-Repositories/Talentra/backend/src/main/java/com/talentra/controller/RecruiterController.java:61:34: stale bloop error:  error: cannot find symbol
        return ResponseEntity.ok(ApiResponse.success(data));
                                 ^
2026.04.07 11:08:18 INFO  file:///Users/dharanisham/Developer/Github-Repositories/Talentra/backend/src/main/java/com/talentra/controller/RecruiterController.java:68:34: stale bloop error:  error: cannot find symbol
        return ResponseEntity.ok(ApiResponse.success(application, "Status updated"));
                                 ^
2026.04.07 11:08:18 INFO  file:///Users/dharanisham/Developer/Github-Repositories/Talentra/backend/src/main/java/com/talentra/controller/RecruiterController.java:75:34: stale bloop error:  error: cannot find symbol
        return ResponseEntity.ok(ApiResponse.success(round, "Interview scheduled"));
                                 ^
2026.04.07 11:08:18 INFO  file:///Users/dharanisham/Developer/Github-Repositories/Talentra/backend/src/main/java/com/talentra/controller/RecruiterController.java:84:34: stale bloop error:  error: cannot find symbol
        return ResponseEntity.ok(ApiResponse.success(data, "Feedback submitted"));
                                 ^
2026.04.07 11:08:18 INFO  file:///Users/dharanisham/Developer/Github-Repositories/Talentra/backend/src/main/java/com/talentra/controller/RecruiterController.java:95:53: stale bloop error:  error: cannot find symbol
            return ResponseEntity.badRequest().body(ApiResponse.error("ID cannot be null"));
                                                    ^
2026.04.07 11:08:18 INFO  file:///Users/dharanisham/Developer/Github-Repositories/Talentra/backend/src/main/java/com/talentra/controller/RecruiterController.java:106:34: stale bloop error:  error: cannot find symbol
        return ResponseEntity.ok(ApiResponse.success(data, "Result updated"));
                                 ^
2026.04.07 11:08:18 INFO  compiling talentra-backend (53 java sources)
2026.04.07 11:08:18 INFO  Created report: Optional[file:///Users/dharanisham/Developer/Github-Repositories/Talentra/backend/src/main/java/com/talentra/dto/RecruiterCandidateResponse.java]
2026.04.07 11:08:18 INFO  Created report: Optional[file:///Users/dharanisham/Developer/Github-Repositories/Talentra/backend/src/main/java/com/talentra/controller/RecruiterController.java]
2026.04.07 11:08:18 INFO  Created report: Optional[file:///Users/dharanisham/Developer/Github-Repositories/Talentra/backend/src/main/java/com/talentra/dto/RecruiterApplicationResponse.java]
2026.04.07 11:08:18 INFO  QDox parse error in file:///Users/dharanisham/Developer/Github-Repositories/Talentra/backend/src/main/java/com/talentra/dto/RecruiterApplicationResponse.java (full report at: "/Users/dharanisham/Developer/Github-Repositories/Talentra/.metals/.reports/metals-full/2026-04-07/r_qdox-error_(talentra-backend)_11-08-18-949.md")
2026.04.07 11:08:18 INFO  QDox parse error in file:///Users/dharanisham/Developer/Github-Repositories/Talentra/backend/src/main/java/com/talentra/dto/RecruiterCandidateResponse.java (full report at: "/Users/dharanisham/Developer/Github-Repositories/Talentra/.metals/.reports/metals-full/2026-04-07/r_qdox-error_(talentra-backend)_11-08-18-906.md")
2026.04.07 11:08:18 INFO  QDox parse error in file:///Users/dharanisham/Developer/Github-Repositories/Talentra/backend/src/main/java/com/talentra/controller/RecruiterController.java (full report at: "/Users/dharanisham/Developer/Github-Repositories/Talentra/.metals/.reports/metals-full/2026-04-07/r_qdox-error_(talentra-backend)_11-08-18-906.md")
2026.04.07 11:08:20 INFO  time: compiled talentra-backend in 1.41s
2026.04.07 11:09:51 INFO  compiling talentra-backend (3 java sources)
2026.04.07 11:09:52 INFO  time: compiled talentra-backend in 1.07s
Apr 07, 2026 11:10:00 AM org.eclipse.lsp4j.jsonrpc.RemoteEndpoint handleCancellation
WARNING: Unmatched cancel notification for request id 625
2026.04.07 11:10:14 INFO  compiling talentra-backend (2 java sources)
2026.04.07 11:10:14 WARN  javac exited with exit code 1
2026.04.07 11:10:14 INFO  time: compiled talentra-backend in 0.77s
2026.04.07 11:10:38 INFO  compiling talentra-backend (3 java sources)
2026.04.07 11:10:38 INFO  time: compiled talentra-backend in 0.69s
2026.04.07 11:10:38 INFO  compiling talentra-backend (7 java sources)
2026.04.07 11:10:39 INFO  time: compiled talentra-backend in 0.87s
2026.04.07 11:19:44 INFO  compiling talentra-backend (53 java sources)
2026.04.07 11:19:46 INFO  time: compiled talentra-backend in 1.54s
2026.04.07 11:19:57 INFO  compiling talentra-backend (1 java source)
2026.04.07 11:19:57 INFO  time: compiled talentra-backend in 0.69s
2026.04.07 11:20:09 INFO  compiling talentra-backend (1 java source)
2026.04.07 11:20:09 INFO  time: compiled talentra-backend in 0.78s
2026.04.07 11:20:21 INFO  compiling talentra-backend (1 java source)
2026.04.07 11:20:21 INFO  time: compiled talentra-backend in 0.64s
